date,aqi,category,pollutant,temp_max_f,temp_min_f,rain_in,wind_max_mph,humidity_pct
1980-01-01,37.0,Good,Ozone,57.0,31.0,0.0,10.0,71
1980-01-02,42.0,Good,CO,56.0,41.0,0.07,14.0,77
1980-01-03,36.0,Good,CO,51.0,37.0,0.03,16.0,80
1980-01-04,32.0,Good,CO,47.0,29.0,0.0,7.0,79
1980-01-05,17.0,Good,Ozone,51.0,31.0,0.0,12.0,81
1980-01-06,35.0,Good,Ozone,67.0,41.0,0.0,26.0,78
1980-01-07,22.0,Good,Ozone,58.0,34.0,0.0,18.0,47
1980-01-08,23.0,Good,CO,45.0,32.0,0.0,7.0,67
1980-01-09,26.0,Good,CO,52.0,40.0,0.0,12.0,83
1980-01-10,9.0,Good,CO,59.0,49.0,0.09,15.0,95
1980-01-11,37.0,Good,Ozone,61.0,45.0,0.0,20.0,57
1980-01-12,30.0,Good,Ozone,50.0,39.0,0.0,12.0,35
1980-01-13,38.0,Good,Ozone,65.0,40.0,0.0,17.0,62
1980-01-14,31.0,Good,Ozone,68.0,42.0,0.0,13.0,78
1980-01-15,29.0,Good,Ozone,69.0,56.0,0.08,20.0,85
1980-01-16,23.0,Good,CO,67.0,54.0,0.09,13.0,83
1980-01-17,32.0,Good,Ozone,62.0,46.0,0.01,8.0,76
1980-01-18,35.0,Good,Ozone,67.0,44.0,0.0,11.0,79
1980-01-19,19.0,Good,Ozone,67.0,52.0,0.02,13.0,84
1980-01-20,16.0,Good,Ozone,59.0,52.0,0.93,10.0,96
1980-01-21,14.0,Good,CO,54.0,48.0,1.07,8.0,95
1980-01-22,22.0,Good,Ozone,49.0,40.0,1.11,19.0,80
1980-01-23,21.0,Good,Ozone,55.0,32.0,0.0,11.0,60
1980-01-24,29.0,Good,Ozone,65.0,40.0,0.0,18.0,51
1980-01-25,26.0,Good,CO,55.0,48.0,0.0,15.0,56
1980-01-26,27.0,Good,CO,58.0,46.0,0.0,14.0,86
1980-01-27,17.0,Good,Ozone,47.0,38.0,0.0,12.0,73
1980-01-28,16.0,Good,Ozone,47.0,38.0,0.06,9.0,86
1980-01-29,16.0,Good,Ozone,45.0,36.0,0.13,10.0,96
1980-01-30,20.0,Good,Ozone,52.0,36.0,0.16,17.0,96
1980-01-31,17.0,Good,Ozone,35.0,27.0,0.0,15.0,59
1980-02-01,26.0,Good,Ozone,36.0,24.0,0.0,8.0,55
1980-02-02,37.0,Good,Ozone,46.0,32.0,0.07,13.0,70
1980-02-03,54.0,Moderate,Ozone,55.0,32.0,0.0,8.0,82
1980-02-04,84.0,Moderate,Ozone,58.0,38.0,0.0,19.0,77
1980-02-05,33.0,Good,Ozone,59.0,45.0,0.03,11.0,74
1980-02-06,21.0,Good,Ozone,56.0,33.0,0.0,11.0,66
1980-02-07,46.0,Good,Ozone,48.0,44.0,0.04,20.0,59
1980-02-08,43.0,Good,Ozone,49.0,35.0,1.25,16.0,91
1980-02-09,58.0,Moderate,Ozone,35.0,28.0,0.24,15.0,83
1980-02-10,54.0,Moderate,Ozone,41.0,26.0,0.0,7.0,73
1980-02-11,58.0,Moderate,Ozone,48.0,29.0,0.0,8.0,78
1980-02-12,47.0,Good,NO2,51.0,29.0,0.0,9.0,79
1980-02-13,90.0,Moderate,Ozone,58.0,38.0,0.0,16.0,76
1980-02-14,47.0,Good,Ozone,62.0,49.0,0.0,15.0,88
1980-02-15,25.0,Good,Ozone,75.0,49.0,0.0,20.0,79
1980-02-16,26.0,Good,Ozone,47.0,27.0,0.23,18.0,66
1980-02-17,38.0,Good,NO2,36.0,22.0,0.0,7.0,61
1980-02-18,28.0,Good,NO2,54.0,33.0,0.0,19.0,69
1980-02-19,38.0,Good,NO2,78.0,48.0,0.0,18.0,66
1980-02-20,28.0,Good,NO2,80.0,43.0,0.0,13.0,70
1980-02-21,38.0,Good,NO2,74.0,56.0,0.0,19.0,44
1980-02-22,38.0,Good,NO2,78.0,50.0,0.0,13.0,50
1980-02-23,38.0,Good,NO2,61.0,46.0,0.0,10.0,67
1980-02-24,35.0,Good,Ozone,63.0,42.0,0.0,17.0,75
1980-02-25,34.0,Good,Ozone,56.0,37.0,0.0,16.0,62
1980-02-26,32.0,Good,Ozone,57.0,31.0,0.0,11.0,48
1980-02-27,57.0,Moderate,NO2,70.0,42.0,0.0,11.0,46
1980-02-28,46.0,Good,Ozone,78.0,52.0,0.0,14.0,54
1980-02-29,33.0,Good,Ozone,70.0,55.0,0.34,21.0,84
1980-03-01,9.0,Good,NO2,49.0,26.0,0.11,23.0,57
1980-03-02,,,,37.0,21.0,0.0,14.0,49
1980-03-03,47.0,Good,Ozone,56.0,28.0,0.0,22.0,57
1980-03-04,28.0,Good,Ozone,77.0,51.0,0.04,21.0,62
1980-03-05,26.0,Good,Ozone,55.0,37.0,0.0,14.0,58
1980-03-06,122.0,Unhealthy for Sensitive Groups,Ozone,70.0,36.0,0.0,15.0,67
1980-03-07,51.0,Moderate,Ozone,82.0,61.0,0.02,18.0,74
1980-03-08,31.0,Good,Ozone,65.0,52.0,0.0,14.0,61
1980-03-09,44.0,Good,Ozone,74.0,45.0,0.0,9.0,61
1980-03-10,34.0,Good,CO,75.0,48.0,0.0,8.0,68
1980-03-11,61.0,Moderate,Ozone,64.0,55.0,0.29,16.0,74
1980-03-12,51.0,Moderate,Ozone,79.0,55.0,0.18,18.0,55
1980-03-13,46.0,Good,Ozone,65.0,48.0,0.0,19.0,50
1980-03-14,108.0,Unhealthy for Sensitive Groups,Ozone,67.0,42.0,0.0,13.0,47
1980-03-15,105.0,Unhealthy for Sensitive Groups,Ozone,73.0,47.0,0.0,18.0,58
1980-03-16,43.0,Good,Ozone,74.0,63.0,0.31,22.0,84
1980-03-17,46.0,Good,Ozone,70.0,46.0,0.03,21.0,59
1980-03-18,67.0,Moderate,Ozone,62.0,36.0,0.0,11.0,46
1980-03-19,31.0,Good,Ozone,71.0,50.0,0.01,17.0,60
1980-03-20,30.0,Good,Ozone,76.0,54.0,0.12,24.0,65
1980-03-21,33.0,Good,Ozone,67.0,42.0,0.0,7.0,55
1980-03-22,61.0,Moderate,Ozone,72.0,48.0,0.0,18.0,52
1980-03-23,31.0,Good,Ozone,76.0,59.0,0.48,20.0,70
1980-03-24,32.0,Good,Ozone,63.0,45.0,0.0,18.0,47
1980-03-25,21.0,Good,Ozone,57.0,48.0,0.0,8.0,67
1980-03-26,37.0,Good,Ozone,67.0,48.0,0.0,13.0,79
1980-03-27,26.0,Good,Ozone,61.0,55.0,0.33,16.0,92
1980-03-28,50.0,Good,Ozone,75.0,54.0,0.13,9.0,69
1980-03-29,34.0,Good,Ozone,64.0,54.0,0.14,19.0,66
1980-03-30,44.0,Good,Ozone,65.0,45.0,0.0,19.0,49
1980-03-31,87.0,Moderate,Ozone,72.0,44.0,0.0,18.0,66
1980-04-01,79.0,Moderate,NO2,72.0,55.0,0.01,18.0,73
1980-04-02,42.0,Good,Ozone,77.0,60.0,0.19,15.0,87
1980-04-03,47.0,Good,NO2,71.0,57.0,0.24,13.0,73
1980-04-04,68.0,Moderate,NO2,65.0,47.0,0.0,10.0,56
1980-04-05,84.0,Moderate,Ozone,71.0,46.0,0.01,13.0,60
1980-04-06,74.0,Moderate,Ozone,77.0,55.0,0.0,23.0,69
1980-04-07,37.0,Good,Ozone,86.0,66.0,0.0,21.0,73
1980-04-08,47.0,Good,NO2,71.0,53.0,0.0,23.0,37
1980-04-09,118.0,Unhealthy for Sensitive Groups,NO2,73.0,47.0,0.0,10.0,42
1980-04-10,105.0,Unhealthy for Sensitive Groups,NO2,82.0,53.0,0.0,20.0,40
1980-04-11,44.0,Good,Ozone,80.0,65.0,0.15,20.0,74
1980-04-12,37.0,Good,Ozone,66.0,48.0,0.31,20.0,61
1980-04-13,38.0,Good,NO2,47.0,38.0,0.98,24.0,81
1980-04-14,57.0,Moderate,NO2,65.0,40.0,0.0,15.0,51
1980-04-15,84.0,Moderate,Ozone,76.0,41.0,0.0,8.0,51
1980-04-16,74.0,Moderate,Ozone,80.0,54.0,0.0,17.0,52
1980-04-17,47.0,Good,NO2,76.0,58.0,0.02,17.0,52
1980-04-18,57.0,Moderate,NO2,70.0,53.0,0.0,14.0,59
1980-04-19,187.0,Unhealthy,Ozone,76.0,52.0,0.0,6.0,62
1980-04-20,166.0,Unhealthy,Ozone,80.0,52.0,0.0,8.0,59
1980-04-21,187.0,Unhealthy,Ozone,82.0,58.0,0.0,9.0,52
1980-04-22,140.0,Unhealthy for Sensitive Groups,Ozone,81.0,60.0,0.0,12.0,50
1980-04-23,108.0,Unhealthy for Sensitive Groups,NO2,80.0,60.0,0.0,12.0,64
1980-04-24,57.0,Moderate,NO2,79.0,64.0,0.31,15.0,72
1980-04-25,57.0,Moderate,NO2,75.0,61.0,1.97,15.0,77
1980-04-26,38.0,Good,NO2,59.0,50.0,0.01,19.0,70
1980-04-27,57.0,Moderate,NO2,68.0,47.0,0.0,13.0,63
1980-04-28,43.0,Good,Ozone,75.0,48.0,0.0,13.0,60
1980-04-29,136.0,Unhealthy for Sensitive Groups,Ozone,84.0,54.0,0.0,8.0,65
1980-04-30,48.0,Good,Ozone,75.0,61.0,0.53,17.0,67
1980-05-01,67.0,Moderate,Ozone,77.0,62.0,0.57,9.0,87
1980-05-02,44.0,Good,Ozone,76.0,59.0,0.0,10.0,81
1980-05-03,71.0,Moderate,Ozone,74.0,58.0,0.0,11.0,76
1980-05-04,108.0,Unhealthy for Sensitive Groups,Ozone,78.0,60.0,0.01,5.0,73
1980-05-05,177.0,Unhealthy,Ozone,82.0,58.0,0.0,6.0,71
1980-05-06,105.0,Unhealthy for Sensitive Groups,Ozone,83.0,63.0,0.0,10.0,73
1980-05-07,108.0,Unhealthy for Sensitive Groups,Ozone,82.0,65.0,0.33,7.0,77
1980-05-08,29.0,Good,Ozone,70.0,64.0,0.15,16.0,76
1980-05-09,49.0,Good,Ozone,76.0,52.0,0.0,11.0,59
1980-05-10,40.0,Good,Ozone,87.0,65.0,0.0,21.0,71
1980-05-11,23.0,Good,Ozone,89.0,72.0,0.01,17.0,78
1980-05-12,31.0,Good,Ozone,86.0,72.0,0.3,17.0,79
1980-05-13,38.0,Good,NO2,85.0,70.0,0.47,15.0,85
1980-05-14,44.0,Good,Ozone,80.0,65.0,0.73,12.0,84
1980-05-15,38.0,Good,NO2,72.0,67.0,1.19,20.0,95
1980-05-16,48.0,Good,Ozone,79.0,67.0,0.03,6.0,83
1980-05-17,74.0,Moderate,Ozone,84.0,64.0,0.0,11.0,76
1980-05-18,61.0,Moderate,Ozone,82.0,68.0,0.0,16.0,74
1980-05-19,61.0,Moderate,Ozone,78.0,65.0,0.2,10.0,70
1980-05-20,214.0,Very Unhealthy,Ozone,82.0,62.0,0.0,6.0,65
1980-05-21,48.0,Good,Ozone,78.0,63.0,0.16,14.0,74
1980-05-22,51.0,Moderate,Ozone,76.0,63.0,0.03,11.0,78
1980-05-23,150.0,Unhealthy for Sensitive Groups,Ozone,83.0,59.0,0.0,11.0,73
1980-05-24,54.0,Moderate,Ozone,89.0,71.0,0.02,13.0,76
1980-05-25,90.0,Moderate,Ozone,92.0,74.0,0.0,12.0,76
1980-05-26,115.0,Unhealthy for Sensitive Groups,Ozone,93.0,73.0,0.0,11.0,71
1980-05-27,136.0,Unhealthy for Sensitive Groups,Ozone,90.0,74.0,0.0,11.0,65
1980-05-28,48.0,Good,Ozone,88.0,72.0,0.0,11.0,73
1980-05-29,35.0,Good,Ozone,89.0,75.0,0.0,16.0,72
1980-05-30,49.0,Good,Ozone,88.0,74.0,0.0,18.0,67
1980-05-31,43.0,Good,Ozone,89.0,74.0,0.0,19.0,67
1980-06-01,44.0,Good,Ozone,89.0,76.0,0.0,19.0,67
1980-06-02,101.0,Unhealthy for Sensitive Groups,Ozone,91.0,75.0,0.0,22.0,64
1980-06-03,89.0,Moderate,NO2,91.0,73.0,0.0,15.0,61
1980-06-04,79.0,Moderate,NO2,90.0,75.0,0.0,13.0,66
1980-06-05,33.0,Good,Ozone,93.0,75.0,0.0,15.0,61
1980-06-06,44.0,Good,Ozone,93.0,77.0,0.0,19.0,62
1980-06-07,68.0,Moderate,NO2,97.0,78.0,0.0,19.0,63
1980-06-08,84.0,Moderate,Ozone,86.0,75.0,0.21,13.0,73
1980-06-09,100.0,Moderate,NO2,83.0,69.0,0.35,10.0,69
1980-06-10,126.0,Unhealthy for Sensitive Groups,Ozone,85.0,67.0,0.0,6.0,63
1980-06-11,174.0,Unhealthy,Ozone,89.0,68.0,0.0,7.0,56
1980-06-12,105.0,Unhealthy for Sensitive Groups,Ozone,91.0,70.0,0.0,11.0,54
1980-06-13,143.0,Unhealthy for Sensitive Groups,Ozone,92.0,72.0,0.0,14.0,47
1980-06-14,115.0,Unhealthy for Sensitive Groups,Ozone,92.0,71.0,0.0,14.0,47
1980-06-15,42.0,Good,Ozone,95.0,74.0,0.0,16.0,53
1980-06-16,39.0,Good,Ozone,95.0,76.0,0.0,15.0,57
1980-06-17,42.0,Good,Ozone,95.0,78.0,0.0,13.0,55
1980-06-18,61.0,Moderate,Ozone,97.0,80.0,0.0,14.0,54
1980-06-19,93.0,Moderate,Ozone,96.0,77.0,1.01,15.0,65
1980-06-20,54.0,Moderate,Ozone,93.0,74.0,1.19,13.0,77
1980-06-21,224.0,Very Unhealthy,Ozone,90.0,74.0,0.01,10.0,77
1980-06-22,47.0,Good,Ozone,89.0,75.0,0.57,10.0,82
1980-06-23,44.0,Good,Ozone,95.0,77.0,0.04,12.0,70
1980-06-24,51.0,Moderate,Ozone,98.0,79.0,0.0,14.0,61
1980-06-25,87.0,Moderate,Ozone,102.0,80.0,0.0,14.0,54
1980-06-26,201.0,Very Unhealthy,Ozone,105.0,81.0,0.0,11.0,47
1980-06-27,223.0,Very Unhealthy,Ozone,105.0,82.0,0.0,10.0,45
1980-06-28,122.0,Unhealthy for Sensitive Groups,Ozone,105.0,80.0,0.0,14.0,44
1980-06-29,101.0,Unhealthy for Sensitive Groups,Ozone,100.0,81.0,0.0,15.0,50
1980-06-30,67.0,Moderate,Ozone,100.0,81.0,0.0,12.0,49
1980-07-01,54.0,Moderate,Ozone,101.0,82.0,0.0,12.0,51
1980-07-02,84.0,Moderate,Ozone,103.0,83.0,0.0,11.0,48
1980-07-03,200.0,Unhealthy,Ozone,101.0,81.0,0.0,11.0,46
1980-07-04,177.0,Unhealthy,Ozone,98.0,82.0,0.0,11.0,52
1980-07-05,77.0,Moderate,Ozone,97.0,81.0,0.0,11.0,49
1980-07-06,119.0,Unhealthy for Sensitive Groups,Ozone,98.0,81.0,0.0,9.0,49
1980-07-07,67.0,Moderate,Ozone,98.0,82.0,0.0,9.0,50
1980-07-08,74.0,Moderate,Ozone,98.0,82.0,0.0,11.0,49
1980-07-09,105.0,Unhealthy for Sensitive Groups,Ozone,99.0,82.0,0.0,8.0,46
1980-07-10,203.0,Very Unhealthy,Ozone,99.0,81.0,0.0,8.0,46
1980-07-11,172.0,Unhealthy,Ozone,100.0,82.0,0.0,8.0,45
1980-07-12,150.0,Unhealthy for Sensitive Groups,Ozone,101.0,83.0,0.0,10.0,43
1980-07-13,100.0,Moderate,Ozone,101.0,82.0,0.0,11.0,42
1980-07-14,84.0,Moderate,Ozone,101.0,82.0,0.0,11.0,43
1980-07-15,54.0,Moderate,Ozone,101.0,83.0,0.0,12.0,43
1980-07-16,38.0,Good,NO2,101.0,82.0,0.0,12.0,41
1980-07-17,206.0,Very Unhealthy,Ozone,103.0,81.0,0.0,8.0,37
1980-07-18,202.0,Very Unhealthy,Ozone,100.0,82.0,0.0,8.0,39
1980-07-19,203.0,Very Unhealthy,Ozone,98.0,82.0,0.1,9.0,49
1980-07-20,154.0,Unhealthy,Ozone,98.0,81.0,0.0,7.0,50
1980-07-21,122.0,Unhealthy for Sensitive Groups,Ozone,97.0,82.0,0.06,10.0,53
1980-07-22,54.0,Moderate,Ozone,97.0,78.0,0.0,13.0,62
1980-07-23,177.0,Unhealthy,Ozone,97.0,76.0,0.0,11.0,34
1980-07-24,201.0,Very Unhealthy,Ozone,97.0,78.0,0.0,8.0,45
1980-07-25,192.0,Unhealthy,Ozone,97.0,78.0,0.0,8.0,48
1980-07-26,150.0,Unhealthy for Sensitive Groups,Ozone,100.0,81.0,0.0,11.0,50
1980-07-27,108.0,Unhealthy for Sensitive Groups,Ozone,98.0,80.0,0.49,10.0,63
1980-07-28,172.0,Unhealthy,Ozone,96.0,76.0,0.0,10.0,63
1980-07-29,207.0,Very Unhealthy,Ozone,98.0,77.0,0.0,8.0,56
1980-07-30,51.0,Moderate,Ozone,101.0,77.0,0.0,10.0,47
1980-07-31,44.0,Good,Ozone,101.0,79.0,0.0,10.0,41
1980-08-01,143.0,Unhealthy for Sensitive Groups,Ozone,99.0,79.0,0.0,9.0,38
1980-08-02,58.0,Moderate,Ozone,100.0,78.0,0.0,14.0,40
1980-08-03,40.0,Good,Ozone,98.0,80.0,0.01,16.0,50
1980-08-04,39.0,Good,CO,94.0,81.0,0.02,20.0,52
1980-08-05,44.0,Good,Ozone,98.0,80.0,0.01,17.0,54
1980-08-06,34.0,Good,CO,99.0,79.0,0.0,14.0,55
1980-08-07,40.0,Good,Ozone,96.0,79.0,0.0,10.0,53
1980-08-08,67.0,Moderate,Ozone,99.0,78.0,0.0,9.0,49
1980-08-09,47.0,Good,NO2,100.0,80.0,0.0,11.0,42
1980-08-10,38.0,Good,CO,97.0,80.0,0.0,10.0,50
1980-08-11,47.0,Good,NO2,91.0,81.0,0.0,10.0,52
1980-08-12,61.0,Moderate,Ozone,96.0,82.0,0.0,6.0,54
1980-08-13,33.0,Good,CO,97.0,82.0,0.0,11.0,49
1980-08-14,38.0,Good,CO,97.0,80.0,0.0,13.0,46
1980-08-15,36.0,Good,CO,94.0,80.0,0.0,14.0,57
1980-08-16,24.0,Good,Ozone,98.0,80.0,0.0,17.0,60
1980-08-17,23.0,Good,Ozone,97.0,80.0,0.0,15.0,57
1980-08-18,38.0,Good,CO,97.0,80.0,0.0,14.0,51
1980-08-19,39.0,Good,CO,98.0,79.0,0.0,14.0,49
1980-08-20,38.0,Good,CO,100.0,80.0,0.0,14.0,46
1980-08-21,90.0,Moderate,Ozone,100.0,80.0,0.0,11.0,43
1980-08-22,150.0,Unhealthy for Sensitive Groups,Ozone,102.0,81.0,0.0,7.0,42
1980-08-23,201.0,Very Unhealthy,Ozone,101.0,80.0,0.0,7.0,43
1980-08-24,169.0,Unhealthy,Ozone,100.0,80.0,0.0,10.0,38
1980-08-25,112.0,Unhealthy for Sensitive Groups,Ozone,99.0,76.0,0.0,8.0,37
1980-08-26,161.0,Unhealthy,Ozone,98.0,80.0,0.0,8.0,40
1980-08-27,200.0,Unhealthy,Ozone,97.0,80.0,0.0,10.0,46
1980-08-28,47.0,Good,NO2,90.0,78.0,0.02,7.0,60
1980-08-29,84.0,Moderate,Ozone,95.0,78.0,0.0,13.0,55
1980-08-30,49.0,Good,Ozone,97.0,77.0,0.0,14.0,57
1980-08-31,43.0,Good,Ozone,97.0,78.0,0.0,17.0,52
1980-09-01,44.0,Good,Ozone,98.0,78.0,0.01,18.0,51
1980-09-02,49.0,Good,Ozone,97.0,80.0,0.0,11.0,51
1980-09-03,47.0,Good,NO2,97.0,79.0,0.0,9.0,51
1980-09-04,133.0,Unhealthy for Sensitive Groups,Ozone,99.0,80.0,0.01,9.0,47
1980-09-05,47.0,Good,Ozone,98.0,80.0,0.0,13.0,42
1980-09-06,42.0,Good,Ozone,95.0,77.0,0.0,15.0,54
1980-09-07,34.0,Good,Ozone,90.0,78.0,0.02,12.0,67
1980-09-08,38.0,Good,NO2,92.0,76.0,0.15,12.0,73
1980-09-09,39.0,Good,Ozone,91.0,75.0,0.03,6.0,75
1980-09-10,166.0,Unhealthy,Ozone,94.0,76.0,0.0,7.0,61
1980-09-11,77.0,Moderate,Ozone,98.0,76.0,0.0,11.0,50
1980-09-12,47.0,Good,NO2,98.0,76.0,0.0,13.0,43
1980-09-13,57.0,Moderate,NO2,99.0,77.0,0.0,12.0,42
1980-09-14,71.0,Moderate,Ozone,96.0,76.0,0.0,6.0,45
1980-09-15,93.0,Moderate,Ozone,98.0,78.0,0.0,7.0,44
1980-09-16,47.0,Good,Ozone,101.0,80.0,0.0,15.0,36
1980-09-17,133.0,Unhealthy for Sensitive Groups,Ozone,94.0,75.0,0.01,11.0,48
1980-09-18,68.0,Moderate,NO2,95.0,79.0,0.02,11.0,51
1980-09-19,44.0,Good,Ozone,96.0,75.0,0.0,14.0,58
1980-09-20,77.0,Moderate,Ozone,96.0,78.0,0.0,15.0,48
1980-09-21,19.0,Good,Ozone,96.0,80.0,0.01,19.0,56
1980-09-22,38.0,Good,NO2,96.0,78.0,0.0,17.0,52
1980-09-23,34.0,Good,Ozone,86.0,77.0,0.0,9.0,63
1980-09-24,89.0,Moderate,NO2,90.0,75.0,0.08,8.0,66
1980-09-25,47.0,Good,NO2,80.0,73.0,1.18,11.0,87
1980-09-26,37.0,Good,Ozone,77.0,70.0,0.22,18.0,76
1980-09-27,19.0,Good,NO2,69.0,62.0,0.3,12.0,82
1980-09-28,19.0,Good,NO2,63.0,61.0,0.37,9.0,95
1980-09-29,19.0,Good,NO2,67.0,61.0,0.9,8.0,94
1980-09-30,38.0,Good,NO2,76.0,66.0,0.0,8.0,77
1980-10-01,57.0,Moderate,NO2,81.0,60.0,0.0,7.0,78
1980-10-02,57.0,Moderate,NO2,78.0,65.0,0.0,16.0,54
1980-10-03,68.0,Moderate,NO2,76.0,56.0,0.0,9.0,49
1980-10-04,57.0,Moderate,NO2,82.0,64.0,0.0,11.0,54
1980-10-05,40.0,Good,Ozone,80.0,59.0,0.0,11.0,53
1980-10-06,47.0,Good,NO2,72.0,60.0,0.01,11.0,56
1980-10-07,122.0,Unhealthy for Sensitive Groups,Ozone,83.0,60.0,0.0,7.0,60
1980-10-08,67.0,Moderate,Ozone,87.0,65.0,0.0,8.0,53
1980-10-09,84.0,Moderate,Ozone,88.0,65.0,0.0,9.0,52
1980-10-10,154.0,Unhealthy,Ozone,86.0,64.0,0.0,8.0,45
1980-10-11,57.0,Moderate,NO2,80.0,63.0,0.0,12.0,40
1980-10-12,61.0,Moderate,Ozone,78.0,55.0,0.0,8.0,44
1980-10-13,136.0,Unhealthy for Sensitive Groups,Ozone,84.0,58.0,0.0,13.0,38
1980-10-14,61.0,Moderate,Ozone,83.0,67.0,0.08,16.0,63
1980-10-15,48.0,Good,Ozone,82.0,69.0,0.01,20.0,76
1980-10-16,19.0,Good,NO2,82.0,71.0,0.4,23.0,80
1980-10-17,38.0,Good,Ozone,78.0,65.0,1.33,13.0,77
1980-10-18,38.0,Good,NO2,77.0,62.0,0.01,8.0,69
1980-10-19,43.0,Good,Ozone,70.0,55.0,0.0,11.0,57
1980-10-20,74.0,Moderate,Ozone,72.0,52.0,0.0,6.0,67
1980-10-21,93.0,Moderate,Ozone,74.0,54.0,0.0,6.0,65
1980-10-22,57.0,Moderate,NO2,76.0,55.0,0.0,8.0,66
1980-10-23,46.0,Good,Ozone,77.0,60.0,0.0,14.0,63
1980-10-24,28.0,Good,NO2,62.0,49.0,0.0,19.0,49
1980-10-25,57.0,Moderate,NO2,70.0,45.0,0.0,9.0,50
1980-10-26,47.0,Good,NO2,65.0,54.0,0.11,16.0,66
1980-10-27,35.0,Good,Ozone,80.0,62.0,0.54,21.0,59
1980-10-28,19.0,Good,NO2,59.0,46.0,0.0,19.0,55
1980-10-29,47.0,Good,NO2,54.0,43.0,0.0,12.0,55
1980-10-30,79.0,Moderate,NO2,62.0,36.0,0.0,6.0,64
1980-10-31,68.0,Moderate,NO2,72.0,43.0,0.0,7.0,52
1980-11-01,57.0,Moderate,NO2,74.0,47.0,0.0,8.0,50
1980-11-02,67.0,Moderate,Ozone,75.0,53.0,0.0,11.0,48
1980-11-03,93.0,Moderate,Ozone,78.0,56.0,0.0,11.0,58
1980-11-04,57.0,Moderate,NO2,73.0,53.0,0.0,10.0,51
1980-11-05,79.0,Moderate,NO2,80.0,52.0,0.0,13.0,51
1980-11-06,68.0,Moderate,NO2,84.0,52.0,0.0,14.0,52
1980-11-07,47.0,Good,NO2,86.0,63.0,0.0,18.0,43
1980-11-08,49.0,Good,Ozone,86.0,60.0,0.0,16.0,62
1980-11-09,71.0,Moderate,Ozone,83.0,64.0,0.0,16.0,71
1980-11-10,57.0,Moderate,NO2,82.0,62.0,0.0,10.0,72
1980-11-11,71.0,Moderate,Ozone,78.0,60.0,0.0,10.0,69
1980-11-12,68.0,Moderate,NO2,79.0,58.0,0.0,11.0,44
1980-11-13,79.0,Moderate,NO2,78.0,56.0,0.0,11.0,37
1980-11-14,47.0,Good,NO2,65.0,53.0,0.15,13.0,75
1980-11-15,9.0,Good,NO2,56.0,48.0,0.03,14.0,71
1980-11-16,9.0,Good,NO2,50.0,45.0,1.32,15.0,87
1980-11-17,19.0,Good,NO2,44.0,38.0,0.09,18.0,78
1980-11-18,47.0,Good,NO2,51.0,36.0,0.0,11.0,67
1980-11-19,28.0,Good,CO,53.0,37.0,0.0,5.0,76
1980-11-20,25.0,Good,Ozone,59.0,38.0,0.0,7.0,70
1980-11-21,32.0,Good,CO,57.0,38.0,0.0,5.0,77
1980-11-22,47.0,Good,NO2,49.0,43.0,0.39,11.0,86
1980-11-23,19.0,Good,NO2,55.0,47.0,0.0,9.0,87
1980-11-24,19.0,Good,NO2,52.0,46.0,0.0,8.0,77
1980-11-25,28.0,Good,NO2,49.0,41.0,0.0,16.0,64
1980-11-26,28.0,Good,NO2,41.0,37.0,0.08,12.0,67
1980-11-27,28.0,Good,NO2,52.0,33.0,0.0,16.0,67
1980-11-28,38.0,Good,NO2,57.0,33.0,0.0,12.0,57
1980-11-29,47.0,Good,NO2,64.0,38.0,0.0,8.0,71
1980-11-30,38.0,Good,NO2,70.0,49.0,0.0,21.0,73
1980-12-01,38.0,Good,NO2,73.0,58.0,0.0,21.0,75
1980-12-02,28.0,Good,NO2,62.0,41.0,0.0,17.0,65
1980-12-03,28.0,Good,NO2,59.0,38.0,0.0,11.0,71
1980-12-04,43.0,Good,Ozone,68.0,54.0,0.02,17.0,84
1980-12-05,28.0,Good,NO2,70.0,63.0,0.02,17.0,87
1980-12-06,38.0,Good,NO2,71.0,62.0,0.0,18.0,81
1980-12-07,24.0,Good,Ozone,71.0,64.0,0.02,19.0,82
1980-12-08,19.0,Good,NO2,69.0,47.0,0.67,16.0,91
1980-12-09,19.0,Good,NO2,49.0,40.0,0.0,13.0,68
1980-12-10,47.0,Good,NO2,49.0,37.0,0.0,9.0,69
1980-12-11,47.0,Good,NO2,60.0,34.0,0.0,11.0,71
1980-12-12,57.0,Moderate,NO2,65.0,41.0,0.0,10.0,74
1980-12-13,47.0,Good,NO2,63.0,47.0,0.0,9.0,78
1980-12-14,57.0,Moderate,NO2,63.0,44.0,0.0,9.0,78
1980-12-15,47.0,Good,NO2,67.0,53.0,0.0,14.0,75
1980-12-16,38.0,Good,NO2,66.0,51.0,0.0,18.0,57
1980-12-17,47.0,Good,NO2,68.0,44.0,0.0,14.0,72
1980-12-18,47.0,Good,NO2,76.0,54.0,0.0,19.0,64
1980-12-19,38.0,Good,NO2,59.0,38.0,0.0,18.0,55
1980-12-20,19.0,Good,NO2,38.0,33.0,0.0,13.0,39
1980-12-21,28.0,Good,NO2,38.0,31.0,0.0,7.0,42
1980-12-22,28.0,Good,NO2,51.0,38.0,0.0,15.0,52
1980-12-23,47.0,Good,NO2,67.0,44.0,0.0,17.0,77
1980-12-24,19.0,Good,NO2,56.0,33.0,0.0,18.0,66
1980-12-25,38.0,Good,NO2,40.0,25.0,0.0,12.0,50
1980-12-26,106.0,Unhealthy for Sensitive Groups,NO2,56.0,34.0,0.0,9.0,67
1980-12-27,105.0,Unhealthy for Sensitive Groups,NO2,59.0,35.0,0.0,8.0,71
1980-12-28,122.0,Unhealthy for Sensitive Groups,Ozone,64.0,40.0,0.0,13.0,66
1980-12-29,57.0,Moderate,NO2,56.0,44.0,0.0,16.0,70
1980-12-30,57.0,Moderate,NO2,60.0,35.0,0.0,10.0,64
1980-12-31,28.0,Good,NO2,64.0,41.0,0.0,10.0,54
1981-01-01,57.0,Moderate,NO2,64.0,40.0,0.0,11.0,61
1981-01-02,47.0,Good,NO2,58.0,34.0,0.0,9.0,54
1981-01-03,47.0,Good,NO2,65.0,44.0,0.0,11.0,53
1981-01-04,47.0,Good,NO2,51.0,34.0,0.0,11.0,59
1981-01-05,47.0,Good,NO2,53.0,37.0,0.0,13.0,48
1981-01-06,15.0,Good,CO,58.0,46.0,0.07,15.0,70
1981-01-07,57.0,Moderate,NO2,53.0,33.0,0.0,8.0,60
1981-01-08,57.0,Moderate,NO2,58.0,39.0,0.01,8.0,54
1981-01-09,79.0,Moderate,NO2,56.0,47.0,0.13,6.0,78
1981-01-10,47.0,Good,NO2,54.0,42.0,0.0,10.0,67
1981-01-11,38.0,Good,NO2,54.0,40.0,0.0,14.0,63
1981-01-12,57.0,Moderate,NO2,48.0,28.0,0.0,9.0,57
1981-01-13,47.0,Good,NO2,63.0,37.0,0.0,15.0,62
1981-01-14,47.0,Good,NO2,58.0,39.0,0.0,12.0,58
1981-01-15,47.0,Good,NO2,54.0,33.0,0.0,7.0,61
1981-01-16,38.0,Good,NO2,48.0,35.0,0.0,12.0,59
1981-01-17,38.0,Good,NO2,44.0,28.0,0.0,10.0,38
1981-01-18,38.0,Good,NO2,45.0,36.0,0.0,5.0,38
1981-01-19,28.0,Good,NO2,42.0,37.0,0.34,8.0,82
1981-01-20,28.0,Good,NO2,49.0,39.0,0.06,11.0,81
1981-01-21,28.0,Good,NO2,46.0,39.0,0.06,13.0,79
1981-01-22,68.0,Moderate,NO2,56.0,36.0,0.02,7.0,73
1981-01-23,42.0,Good,CO,64.0,34.0,0.0,8.0,62
1981-01-24,44.0,Good,CO,73.0,36.0,0.0,12.0,56
1981-01-25,31.0,Good,Ozone,74.0,51.0,0.0,15.0,49
1981-01-26,48.0,Good,CO,67.0,47.0,0.0,7.0,68
1981-01-27,21.0,Good,Ozone,62.0,39.0,0.0,8.0,55
1981-01-28,54.0,Moderate,Ozone,70.0,39.0,0.0,15.0,65
1981-01-29,33.0,Good,Ozone,76.0,55.0,0.0,19.0,72
1981-01-30,28.0,Good,NO2,59.0,40.0,0.0,13.0,60
1981-01-31,28.0,Good,NO2,61.0,39.0,0.17,22.0,81
1981-02-01,38.0,Good,NO2,56.0,39.0,0.17,18.0,60
1981-02-02,57.0,Moderate,NO2,43.0,29.0,0.0,13.0,44
1981-02-03,57.0,Moderate,NO2,56.0,31.0,0.0,14.0,48
1981-02-04,41.0,Good,CO,45.0,38.0,0.05,12.0,57
1981-02-05,41.0,Good,CO,43.0,37.0,0.24,10.0,86
1981-02-06,40.0,Good,CO,51.0,38.0,0.0,11.0,84
1981-02-07,24.0,Good,Ozone,66.0,46.0,0.0,15.0,73
1981-02-08,47.0,Good,NO2,50.0,44.0,0.0,11.0,76
1981-02-09,57.0,Moderate,NO2,59.0,41.0,0.23,16.0,92
1981-02-10,31.0,Good,CO,65.0,26.0,0.0,24.0,68
1981-02-11,47.0,Good,NO2,30.0,17.0,0.0,21.0,34
1981-02-12,53.0,Moderate,CO,44.0,23.0,0.0,15.0,37
1981-02-13,79.0,Moderate,NO2,51.0,29.0,0.0,8.0,54
1981-02-14,89.0,Moderate,NO2,58.0,30.0,0.0,8.0,66
1981-02-15,79.0,Moderate,NO2,63.0,36.0,0.0,11.0,57
1981-02-16,89.0,Moderate,NO2,66.0,38.0,0.0,7.0,60
1981-02-17,89.0,Moderate,NO2,71.0,42.0,0.0,11.0,68
1981-02-18,57.0,Moderate,NO2,75.0,52.0,0.0,11.0,69
1981-02-19,105.0,Unhealthy for Sensitive Groups,NO2,78.0,53.0,0.0,6.0,68
1981-02-20,89.0,Moderate,NO2,83.0,51.0,0.0,16.0,65
1981-02-21,29.0,Good,Ozone,75.0,62.0,0.37,17.0,71
1981-02-22,47.0,Good,NO2,63.0,48.0,0.0,24.0,40
1981-02-23,79.0,Moderate,NO2,74.0,45.0,0.0,11.0,34
1981-02-24,68.0,Moderate,NO2,78.0,44.0,0.0,13.0,43
1981-02-25,40.0,Good,CO,72.0,55.0,0.0,18.0,72
1981-02-26,47.0,Good,CO,73.0,60.0,0.0,15.0,77
1981-02-27,28.0,Good,NO2,74.0,63.0,0.02,16.0,77
1981-02-28,28.0,Good,NO2,67.0,53.0,0.94,14.0,90
1981-03-01,31.0,Good,Ozone,61.0,53.0,0.0,11.0,77
1981-03-02,57.0,Moderate,NO2,67.0,47.0,0.02,9.0,76
1981-03-03,38.0,Good,NO2,61.0,53.0,1.87,16.0,83
1981-03-04,38.0,Good,NO2,72.0,60.0,0.09,20.0,64
1981-03-05,47.0,Good,NO2,59.0,50.0,0.0,20.0,62
1981-03-06,56.0,Moderate,CO,60.0,42.0,0.0,10.0,75
1981-03-07,28.0,Good,CO,59.0,50.0,0.37,12.0,82
1981-03-08,20.0,Good,Ozone,56.0,48.0,0.02,10.0,77
1981-03-09,31.0,Good,CO,55.0,45.0,0.0,7.0,74
1981-03-10,59.0,Moderate,CO,62.0,41.0,0.0,6.0,72
1981-03-11,57.0,Moderate,NO2,64.0,45.0,0.0,7.0,65
1981-03-12,53.0,Moderate,CO,66.0,47.0,0.0,8.0,61
1981-03-13,68.0,Moderate,NO2,64.0,48.0,0.0,7.0,68
1981-03-14,74.0,Moderate,Ozone,69.0,48.0,0.05,11.0,67
1981-03-15,61.0,Moderate,Ozone,69.0,54.0,0.1,23.0,63
1981-03-16,68.0,Moderate,NO2,67.0,47.0,0.0,9.0,52
1981-03-17,57.0,Moderate,NO2,76.0,50.0,0.12,22.0,51
1981-03-18,54.0,Moderate,Ozone,60.0,46.0,0.0,23.0,46
1981-03-19,57.0,Moderate,NO2,62.0,37.0,0.0,11.0,41
1981-03-20,87.0,Moderate,Ozone,70.0,42.0,0.0,17.0,47
1981-03-21,49.0,Good,Ozone,76.0,55.0,0.05,19.0,48
1981-03-22,31.0,Good,Ozone,59.0,53.0,0.0,22.0,64
1981-03-23,68.0,Moderate,NO2,64.0,49.0,0.0,12.0,56
1981-03-24,108.0,Unhealthy for Sensitive Groups,Ozone,70.0,44.0,0.0,8.0,54
1981-03-25,68.0,Moderate,NO2,65.0,53.0,0.17,12.0,56
1981-03-26,74.0,Moderate,Ozone,73.0,52.0,0.01,17.0,65
1981-03-27,105.0,Unhealthy for Sensitive Groups,Ozone,73.0,58.0,0.0,19.0,69
1981-03-28,47.0,Good,Ozone,72.0,62.0,1.2,24.0,83
1981-03-29,57.0,Moderate,NO2,74.0,53.0,0.66,13.0,68
1981-03-30,74.0,Moderate,Ozone,82.0,51.0,0.0,14.0,48
1981-03-31,58.0,Moderate,Ozone,80.0,59.0,0.0,16.0,42
1981-04-01,136.0,Unhealthy for Sensitive Groups,Ozone,82.0,50.0,0.0,8.0,49
1981-04-02,87.0,Moderate,Ozone,82.0,55.0,0.0,17.0,57
1981-04-03,35.0,Good,Ozone,85.0,66.0,0.1,31.0,73
1981-04-04,47.0,Good,NO2,74.0,57.0,0.0,18.0,51
1981-04-05,47.0,Good,NO2,70.0,49.0,0.0,14.0,52
1981-04-06,80.0,Moderate,Ozone,72.0,46.0,0.01,13.0,52
1981-04-07,87.0,Moderate,Ozone,81.0,58.0,0.01,22.0,54
1981-04-08,35.0,Good,Ozone,76.0,63.0,0.03,22.0,75
1981-04-09,40.0,Good,Ozone,82.0,67.0,0.0,15.0,73
1981-04-10,39.0,Good,Ozone,81.0,67.0,0.02,18.0,66
1981-04-11,43.0,Good,Ozone,80.0,67.0,0.0,19.0,69
1981-04-12,47.0,Good,Ozone,81.0,66.0,0.0,16.0,68
1981-04-13,44.0,Good,Ozone,85.0,67.0,0.0,16.0,66
1981-04-14,33.0,Good,Ozone,73.0,65.0,0.06,17.0,74
1981-04-15,64.0,Moderate,CO,73.0,60.0,0.04,13.0,67
1981-04-16,90.0,Moderate,Ozone,80.0,62.0,0.0,12.0,64
1981-04-17,68.0,Moderate,NO2,81.0,67.0,0.03,13.0,70
1981-04-18,68.0,Moderate,NO2,75.0,66.0,0.15,16.0,76
1981-04-19,44.0,Good,Ozone,86.0,67.0,0.0,16.0,72
1981-04-20,147.0,Unhealthy for Sensitive Groups,Ozone,88.0,68.0,0.0,11.0,66
1981-04-21,52.0,Moderate,CO,82.0,67.0,0.42,11.0,83
1981-04-22,38.0,Good,NO2,79.0,68.0,0.44,19.0,78
1981-04-23,68.0,Moderate,NO2,74.0,61.0,0.93,18.0,73
1981-04-24,208.0,Very Unhealthy,Ozone,80.0,53.0,0.0,6.0,64
1981-04-25,156.0,Unhealthy,Ozone,79.0,57.0,0.0,10.0,66
1981-04-26,169.0,Unhealthy,Ozone,79.0,61.0,0.02,11.0,77
1981-04-27,93.0,Moderate,Ozone,80.0,65.0,0.0,12.0,75
1981-04-28,47.0,Good,NO2,82.0,68.0,0.02,12.0,78
1981-04-29,156.0,Unhealthy,Ozone,87.0,66.0,0.01,8.0,78
1981-04-30,150.0,Unhealthy for Sensitive Groups,Ozone,90.0,70.0,0.01,8.0,67
1981-05-01,50.0,Good,CO,80.0,68.0,0.41,14.0,74
1981-05-02,133.0,Unhealthy for Sensitive Groups,Ozone,79.0,62.0,0.0,10.0,59
1981-05-03,61.0,Moderate,Ozone,72.0,66.0,0.72,14.0,83
1981-05-04,54.0,Moderate,CO,77.0,68.0,0.19,12.0,89
1981-05-05,39.0,Good,CO,77.0,66.0,0.31,14.0,85
1981-05-06,44.0,Good,Ozone,76.0,62.0,0.0,11.0,74
1981-05-07,119.0,Unhealthy for Sensitive Groups,Ozone,75.0,57.0,0.0,11.0,78
1981-05-08,67.0,Moderate,Ozone,82.0,63.0,1.76,20.0,80
1981-05-09,67.0,Moderate,Ozone,73.0,62.0,1.19,18.0,80
1981-05-10,57.0,Moderate,NO2,69.0,57.0,0.0,21.0,55
1981-05-11,100.0,Moderate,NO2,73.0,49.0,0.0,9.0,59
1981-05-12,151.0,Unhealthy,Ozone,81.0,58.0,0.0,18.0,61
1981-05-13,49.0,Good,Ozone,86.0,67.0,0.0,21.0,70
1981-05-14,89.0,Moderate,NO2,73.0,56.0,0.0,14.0,60
1981-05-15,50.0,Good,CO,75.0,57.0,0.37,15.0,65
1981-05-16,44.0,Good,Ozone,76.0,61.0,0.42,17.0,89
1981-05-17,58.0,Moderate,Ozone,85.0,70.0,0.0,19.0,80
1981-05-18,71.0,Moderate,Ozone,85.0,69.0,0.05,15.0,65
1981-05-19,100.0,Moderate,Ozone,68.0,59.0,0.0,19.0,59
1981-05-20,115.0,Unhealthy for Sensitive Groups,Ozone,73.0,53.0,0.0,9.0,65
1981-05-21,90.0,Moderate,Ozone,79.0,59.0,0.0,14.0,64
1981-05-22,101.0,Unhealthy for Sensitive Groups,Ozone,83.0,66.0,0.0,17.0,74
1981-05-23,51.0,Moderate,Ozone,87.0,69.0,0.75,16.0,79
1981-05-24,71.0,Moderate,Ozone,80.0,68.0,1.63,15.0,88
1981-05-25,136.0,Unhealthy for Sensitive Groups,Ozone,78.0,67.0,0.46,10.0,87
1981-05-26,216.0,Very Unhealthy,Ozone,87.0,63.0,0.03,10.0,79
1981-05-27,84.0,Moderate,Ozone,88.0,71.0,0.24,12.0,73
1981-05-28,84.0,Moderate,Ozone,88.0,72.0,0.54,14.0,79
1981-05-29,41.0,Good,CO,83.0,73.0,0.03,15.0,82
1981-05-30,108.0,Unhealthy for Sensitive Groups,Ozone,84.0,71.0,0.4,10.0,85
1981-05-31,140.0,Unhealthy for Sensitive Groups,Ozone,83.0,67.0,0.03,7.0,79
1981-06-01,59.0,Moderate,CO,86.0,68.0,0.12,10.0,84
1981-06-02,39.0,Good,CO,86.0,74.0,0.32,15.0,83
1981-06-03,43.0,Good,CO,82.0,73.0,1.22,16.0,87
1981-06-04,41.0,Good,CO,83.0,72.0,0.89,14.0,88
1981-06-05,39.0,Good,CO,80.0,72.0,0.97,9.0,94
1981-06-06,77.0,Moderate,Ozone,85.0,71.0,0.02,7.0,83
1981-06-07,229.0,Very Unhealthy,Ozone,89.0,69.0,0.0,6.0,75
1981-06-08,44.0,Good,Ozone,95.0,74.0,0.0,13.0,72
1981-06-09,40.0,Good,Ozone,92.0,78.0,0.0,18.0,73
1981-06-10,35.0,Good,Ozone,91.0,77.0,0.0,18.0,74
1981-06-11,42.0,Good,CO,80.0,74.0,0.06,13.0,87
1981-06-12,42.0,Good,CO,83.0,73.0,0.5,13.0,88
1981-06-13,30.0,Good,Ozone,83.0,75.0,0.21,16.0,88
1981-06-14,19.0,Good,Ozone,86.0,76.0,0.13,19.0,82
1981-06-15,30.0,Good,Ozone,88.0,76.0,0.33,19.0,78
1981-06-16,39.0,Good,Ozone,77.0,64.0,0.91,16.0,77
1981-06-17,101.0,Unhealthy for Sensitive Groups,Ozone,81.0,63.0,0.0,7.0,73
1981-06-18,84.0,Moderate,Ozone,89.0,72.0,0.0,14.0,73
1981-06-19,50.0,Good,Ozone,91.0,73.0,0.0,11.0,69
1981-06-20,43.0,Good,Ozone,91.0,75.0,0.0,16.0,70
1981-06-21,40.0,Good,Ozone,91.0,76.0,0.0,18.0,69
1981-06-22,49.0,Good,Ozone,91.0,74.0,0.0,17.0,71
1981-06-23,67.0,Moderate,Ozone,91.0,74.0,0.0,17.0,71
1981-06-24,93.0,Moderate,Ozone,90.0,73.0,0.0,10.0,73
1981-06-25,179.0,Unhealthy,Ozone,90.0,74.0,0.0,6.0,71
1981-06-26,140.0,Unhealthy for Sensitive Groups,Ozone,91.0,74.0,0.04,10.0,75
1981-06-27,179.0,Unhealthy,Ozone,90.0,71.0,0.0,10.0,66
1981-06-28,108.0,Unhealthy for Sensitive Groups,Ozone,90.0,74.0,0.0,11.0,65
1981-06-29,34.0,Good,Ozone,91.0,76.0,0.01,12.0,69
1981-06-30,77.0,Moderate,Ozone,92.0,76.0,0.01,9.0,68
1981-07-01,151.0,Unhealthy,Ozone,92.0,77.0,0.0,8.0,70
1981-07-02,105.0,Unhealthy for Sensitive Groups,Ozone,92.0,76.0,0.09,7.0,73
1981-07-03,154.0,Unhealthy,Ozone,90.0,76.0,0.03,8.0,76
1981-07-04,50.0,Good,Ozone,89.0,75.0,1.43,13.0,85
1981-07-05,93.0,Moderate,Ozone,87.0,74.0,0.03,9.0,79
1981-07-06,143.0,Unhealthy for Sensitive Groups,Ozone,88.0,74.0,0.15,9.0,78
1981-07-07,58.0,Moderate,Ozone,85.0,74.0,0.04,13.0,81
1981-07-08,38.0,Good,Ozone,89.0,75.0,0.07,14.0,75
1981-07-09,100.0,Moderate,Ozone,90.0,74.0,0.0,6.0,76
1981-07-10,212.0,Very Unhealthy,Ozone,92.0,75.0,0.0,6.0,74
1981-07-11,182.0,Unhealthy,Ozone,94.0,76.0,0.01,7.0,70
1981-07-12,200.0,Unhealthy,Ozone,92.0,76.0,0.02,6.0,71
1981-07-13,150.0,Unhealthy for Sensitive Groups,Ozone,91.0,77.0,0.0,8.0,70
1981-07-14,47.0,Good,Ozone,94.0,78.0,0.0,10.0,61
1981-07-15,44.0,Good,Ozone,96.0,78.0,0.0,11.0,57
1981-07-16,51.0,Moderate,Ozone,96.0,78.0,0.0,10.0,53
1981-07-17,43.0,Good,Ozone,96.0,79.0,0.0,10.0,58
1981-07-18,51.0,Moderate,Ozone,97.0,79.0,0.0,12.0,56
1981-07-19,47.0,Good,Ozone,97.0,80.0,0.0,12.0,58
1981-07-20,100.0,Moderate,Ozone,98.0,80.0,0.0,12.0,55
1981-07-21,143.0,Unhealthy for Sensitive Groups,Ozone,99.0,81.0,0.0,11.0,52
1981-07-22,87.0,Moderate,Ozone,100.0,79.0,0.0,12.0,53
1981-07-23,51.0,Moderate,Ozone,100.0,80.0,0.0,12.0,51
1981-07-24,122.0,Unhealthy for Sensitive Groups,Ozone,100.0,80.0,0.0,10.0,49
1981-07-25,119.0,Unhealthy for Sensitive Groups,Ozone,97.0,81.0,0.0,11.0,55
1981-07-26,51.0,Moderate,Ozone,94.0,79.0,0.01,11.0,62
1981-07-27,48.0,Good,Ozone,92.0,79.0,0.04,11.0,68
1981-07-28,44.0,Good,Ozone,93.0,79.0,0.05,10.0,68
1981-07-29,54.0,Moderate,Ozone,96.0,79.0,0.01,9.0,57
1981-07-30,84.0,Moderate,Ozone,96.0,80.0,0.0,10.0,53
1981-07-31,61.0,Moderate,Ozone,96.0,79.0,0.0,11.0,54
1981-08-01,71.0,Moderate,Ozone,97.0,82.0,0.0,11.0,53
1981-08-02,71.0,Moderate,Ozone,97.0,81.0,0.0,10.0,52
1981-08-03,46.0,Good,Ozone,97.0,80.0,0.0,11.0,50
1981-08-04,47.0,Good,Ozone,97.0,81.0,0.0,12.0,43
1981-08-05,47.0,Good,Ozone,97.0,80.0,0.0,11.0,55
1981-08-06,100.0,Moderate,Ozone,98.0,81.0,0.0,9.0,52
1981-08-07,101.0,Unhealthy for Sensitive Groups,Ozone,90.0,81.0,0.07,11.0,58
1981-08-08,93.0,Moderate,Ozone,90.0,73.0,0.0,11.0,47
1981-08-09,179.0,Unhealthy,Ozone,91.0,73.0,0.0,7.0,47
1981-08-10,42.0,Good,Ozone,95.0,71.0,0.0,8.0,45
1981-08-11,195.0,Unhealthy,Ozone,94.0,75.0,0.0,7.0,48
1981-08-12,169.0,Unhealthy,Ozone,91.0,77.0,0.01,9.0,54
1981-08-13,156.0,Unhealthy,Ozone,95.0,79.0,0.01,9.0,54
1981-08-14,61.0,Moderate,Ozone,97.0,80.0,0.0,9.0,54
1981-08-15,119.0,Unhealthy for Sensitive Groups,Ozone,99.0,82.0,0.0,10.0,51
1981-08-16,119.0,Unhealthy for Sensitive Groups,Ozone,96.0,81.0,0.16,9.0,54
1981-08-17,44.0,Good,Ozone,87.0,76.0,0.74,7.0,84
1981-08-18,28.0,Good,Ozone,81.0,72.0,0.36,11.0,81
1981-08-19,133.0,Unhealthy for Sensitive Groups,Ozone,86.0,74.0,0.0,11.0,66
1981-08-20,101.0,Unhealthy for Sensitive Groups,Ozone,86.0,68.0,0.0,10.0,59
1981-08-21,164.0,Unhealthy,Ozone,85.0,67.0,0.0,6.0,62
1981-08-22,182.0,Unhealthy,Ozone,88.0,67.0,0.0,6.0,63
1981-08-23,177.0,Unhealthy,Ozone,91.0,68.0,0.0,6.0,59
1981-08-24,202.0,Very Unhealthy,Ozone,93.0,74.0,0.0,9.0,56
1981-08-25,115.0,Unhealthy for Sensitive Groups,Ozone,93.0,74.0,0.01,8.0,63
1981-08-26,84.0,Moderate,Ozone,95.0,77.0,0.02,9.0,55
1981-08-27,190.0,Unhealthy,Ozone,90.0,75.0,0.08,9.0,66
1981-08-28,192.0,Unhealthy,Ozone,92.0,74.0,0.0,6.0,63
1981-08-29,44.0,Good,Ozone,93.0,75.0,0.01,9.0,63
1981-08-30,37.0,Good,Ozone,93.0,76.0,0.02,13.0,70
1981-08-31,30.0,Good,Ozone,81.0,76.0,0.14,16.0,86
1981-09-01,38.0,Good,NO2,85.0,75.0,0.22,12.0,87
1981-09-02,57.0,Moderate,NO2,83.0,73.0,0.66,6.0,86
1981-09-03,150.0,Unhealthy for Sensitive Groups,Ozone,87.0,72.0,0.09,7.0,84
1981-09-04,55.0,Moderate,CO,88.0,73.0,0.18,5.0,84
1981-09-05,67.0,Moderate,Ozone,88.0,73.0,0.02,6.0,79
1981-09-06,101.0,Unhealthy for Sensitive Groups,Ozone,88.0,74.0,0.0,9.0,71
1981-09-07,182.0,Unhealthy,Ozone,90.0,72.0,0.0,9.0,70
1981-09-08,46.0,Good,Ozone,84.0,74.0,0.0,13.0,55
1981-09-09,126.0,Unhealthy for Sensitive Groups,Ozone,83.0,68.0,0.0,7.0,53
1981-09-10,133.0,Unhealthy for Sensitive Groups,Ozone,86.0,65.0,0.0,8.0,61
1981-09-11,208.0,Very Unhealthy,Ozone,91.0,71.0,0.0,9.0,58
1981-09-12,206.0,Very Unhealthy,Ozone,89.0,74.0,0.0,8.0,59
1981-09-13,174.0,Unhealthy,Ozone,93.0,75.0,0.0,8.0,61
1981-09-14,36.0,Good,CO,84.0,73.0,0.65,10.0,80
1981-09-15,93.0,Moderate,Ozone,85.0,71.0,0.27,12.0,79
1981-09-16,46.0,Good,Ozone,80.0,68.0,0.01,16.0,63
1981-09-17,35.0,Good,Ozone,71.0,58.0,0.0,15.0,49
1981-09-18,47.0,Good,NO2,71.0,53.0,0.0,8.0,53
1981-09-19,100.0,Moderate,Ozone,76.0,51.0,0.0,9.0,57
1981-09-20,133.0,Unhealthy for Sensitive Groups,Ozone,83.0,59.0,0.0,13.0,55
1981-09-21,100.0,Moderate,Ozone,89.0,64.0,0.0,11.0,60
1981-09-22,182.0,Unhealthy,Ozone,89.0,67.0,0.0,11.0,64
1981-09-23,71.0,Moderate,Ozone,85.0,71.0,0.0,10.0,65
1981-09-24,169.0,Unhealthy,Ozone,89.0,69.0,0.0,14.0,59
1981-09-25,105.0,Unhealthy for Sensitive Groups,Ozone,89.0,71.0,0.0,15.0,63
1981-09-26,43.0,Good,Ozone,90.0,72.0,0.0,15.0,64
1981-09-27,44.0,Good,Ozone,90.0,73.0,0.0,10.0,62
1981-09-28,67.0,Moderate,Ozone,90.0,71.0,0.0,10.0,59
1981-09-29,101.0,Unhealthy for Sensitive Groups,Ozone,90.0,72.0,0.01,10.0,59
1981-09-30,84.0,Moderate,Ozone,89.0,71.0,0.0,13.0,57
1981-10-01,74.0,Moderate,Ozone,88.0,72.0,0.01,13.0,63
1981-10-02,67.0,Moderate,Ozone,83.0,67.0,0.0,11.0,48
1981-10-03,74.0,Moderate,Ozone,86.0,69.0,0.0,15.0,53
1981-10-04,31.0,Good,Ozone,91.0,74.0,0.0,17.0,63
1981-10-05,31.0,Good,Ozone,89.0,73.0,0.0,14.0,62
1981-10-06,43.0,Good,CO,77.0,70.0,0.52,13.0,90
1981-10-07,36.0,Good,CO,69.0,56.0,1.78,18.0,88
1981-10-08,55.0,Moderate,CO,61.0,56.0,0.14,10.0,79
1981-10-09,64.0,Moderate,CO,74.0,59.0,0.22,9.0,84
1981-10-10,45.0,Good,CO,76.0,64.0,0.04,8.0,85
1981-10-11,40.0,Good,Ozone,78.0,65.0,0.0,13.0,82
1981-10-12,35.0,Good,CO,83.0,71.0,0.14,14.0,85
1981-10-13,39.0,Good,CO,77.0,71.0,1.62,18.0,93
1981-10-14,60.0,Moderate,CO,85.0,71.0,0.04,10.0,86
1981-10-15,44.0,Good,CO,82.0,71.0,0.2,11.0,89
1981-10-16,57.0,Moderate,NO2,81.0,71.0,0.05,11.0,83
1981-10-17,38.0,Good,NO2,82.0,70.0,0.39,21.0,85
1981-10-18,57.0,Moderate,NO2,69.0,57.0,0.0,15.0,46
1981-10-19,89.0,Moderate,NO2,67.0,53.0,0.0,8.0,57
1981-10-20,87.0,Moderate,Ozone,72.0,54.0,0.0,16.0,58
1981-10-21,57.0,Moderate,NO2,74.0,62.0,0.45,13.0,81
1981-10-22,38.0,Good,Ozone,67.0,53.0,0.95,15.0,89
1981-10-23,57.0,Moderate,NO2,58.0,46.0,0.0,14.0,54
1981-10-24,68.0,Moderate,NO2,59.0,42.0,0.0,12.0,63
1981-10-25,57.0,Moderate,NO2,66.0,51.0,0.01,19.0,79
1981-10-26,30.0,Good,Ozone,61.0,46.0,0.0,16.0,64
1981-10-27,43.0,Good,Ozone,68.0,43.0,0.0,8.0,70
1981-10-28,133.0,Unhealthy for Sensitive Groups,Ozone,70.0,48.0,0.0,12.0,71
1981-10-29,49.0,Good,Ozone,71.0,53.0,0.0,13.0,78
1981-10-30,47.0,Good,CO,73.0,58.0,0.1,13.0,83
1981-10-31,28.0,Good,Ozone,69.0,60.0,0.77,16.0,92
1981-11-01,28.0,Good,Ozone,68.0,51.0,0.0,15.0,57
1981-11-02,30.0,Good,CO,66.0,49.0,0.0,11.0,61
1981-11-03,41.0,Good,CO,68.0,46.0,0.0,11.0,75
1981-11-04,64.0,Moderate,CO,70.0,49.0,0.0,9.0,75
1981-11-05,93.0,Moderate,Ozone,73.0,54.0,0.0,9.0,76
1981-11-06,36.0,Good,CO,67.0,53.0,0.0,10.0,75
1981-11-07,47.0,Good,Ozone,69.0,46.0,0.0,10.0,74
1981-11-08,31.0,Good,Ozone,66.0,57.0,0.75,11.0,92
1981-11-09,26.0,Good,CO,60.0,50.0,0.02,17.0,72
1981-11-10,44.0,Good,CO,58.0,43.0,0.0,8.0,70
1981-11-11,44.0,Good,CO,63.0,40.0,0.0,6.0,81
1981-11-12,61.0,Moderate,CO,64.0,43.0,0.0,6.0,82
1981-11-13,100.0,Moderate,Ozone,67.0,46.0,0.0,7.0,78
1981-11-14,93.0,Moderate,Ozone,69.0,48.0,0.0,12.0,76
1981-11-15,93.0,Moderate,Ozone,76.0,58.0,0.0,16.0,76
1981-11-16,44.0,Good,CO,72.0,50.0,0.0,7.0,79
1981-11-17,93.0,Moderate,Ozone,74.0,50.0,0.0,10.0,82
1981-11-18,44.0,Good,Ozone,76.0,60.0,0.0,20.0,83
1981-11-19,20.0,Good,Ozone,68.0,50.0,0.0,20.0,59
1981-11-20,38.0,Good,NO2,53.0,41.0,0.0,12.0,60
1981-11-21,31.0,Good,CO,60.0,40.0,0.0,13.0,65
1981-11-22,38.0,Good,NO2,65.0,44.0,0.0,9.0,73
1981-11-23,38.0,Good,NO2,69.0,54.0,0.0,13.0,79
1981-11-24,47.0,Good,NO2,68.0,44.0,0.0,10.0,66
1981-11-25,26.0,Good,Ozone,75.0,56.0,0.01,21.0,79
1981-11-26,34.0,Good,Ozone,75.0,53.0,0.01,22.0,65
1981-11-27,20.0,Good,Ozone,60.0,45.0,0.0,9.0,67
1981-11-28,28.0,Good,NO2,65.0,50.0,0.0,6.0,72
1981-11-29,19.0,Good,NO2,62.0,54.0,0.22,10.0,87
1981-11-30,38.0,Good,NO2,68.0,54.0,0.64,22.0,62
1981-12-01,38.0,Good,NO2,56.0,44.0,0.0,17.0,44
1981-12-02,79.0,Moderate,NO2,61.0,39.0,0.0,12.0,55
1981-12-03,57.0,Moderate,NO2,67.0,44.0,0.0,12.0,55
1981-12-04,100.0,Moderate,NO2,55.0,41.0,0.0,11.0,52
1981-12-05,105.0,Unhealthy for Sensitive Groups,NO2,57.0,35.0,0.0,12.0,62
1981-12-06,35.0,Good,Ozone,64.0,51.0,0.0,16.0,71
1981-12-07,47.0,Good,NO2,68.0,57.0,0.0,12.0,86
1981-12-08,100.0,Moderate,NO2,67.0,48.0,0.0,6.0,89
1981-12-09,105.0,Unhealthy for Sensitive Groups,NO2,65.0,50.0,0.0,5.0,86
1981-12-10,68.0,Moderate,NO2,69.0,47.0,0.0,14.0,84
1981-12-11,57.0,Moderate,NO2,64.0,53.0,0.0,13.0,83
1981-12-12,28.0,Good,NO2,52.0,46.0,0.01,10.0,77
1981-12-13,38.0,Good,NO2,46.0,45.0,0.32,8.0,82
1981-12-14,47.0,Good,NO2,47.0,44.0,0.06,12.0,79
1981-12-15,44.0,Good,CO,53.0,37.0,0.0,9.0,74
1981-12-16,100.0,Moderate,NO2,64.0,43.0,0.0,21.0,75
1981-12-17,31.0,Good,CO,51.0,33.0,0.0,17.0,57
1981-12-18,60.0,Moderate,CO,40.0,25.0,0.0,8.0,64
1981-12-19,40.0,Good,CO,45.0,29.0,0.0,14.0,65
1981-12-20,28.0,Good,Ozone,53.0,38.0,0.06,14.0,77
1981-12-21,31.0,Good,Ozone,73.0,55.0,0.04,17.0,76
1981-12-22,26.0,Good,Ozone,71.0,42.0,0.01,21.0,72
1981-12-23,40.0,Good,CO,47.0,35.0,0.0,12.0,65
1981-12-24,34.0,Good,CO,48.0,33.0,0.0,8.0,63
1981-12-25,47.0,Good,NO2,52.0,28.0,0.0,13.0,67
1981-12-26,38.0,Good,NO2,61.0,41.0,0.0,17.0,53
1981-12-27,38.0,Good,NO2,65.0,36.0,0.0,20.0,59
1981-12-28,38.0,Good,NO2,56.0,39.0,0.0,14.0,60
1981-12-29,38.0,Good,NO2,51.0,33.0,0.0,9.0,61
1981-12-30,47.0,Good,CO,56.0,36.0,0.0,13.0,58
1981-12-31,25.0,Good,Ozone,67.0,48.0,0.0,14.0,71
1982-01-01,28.0,Good,NO2,58.0,36.0,0.0,13.0,73
1982-01-02,28.0,Good,NO2,72.0,51.0,0.08,19.0,80
1982-01-03,26.0,Good,Ozone,67.0,52.0,0.03,20.0,66
1982-01-04,38.0,Good,NO2,58.0,38.0,0.0,12.0,35
1982-01-05,28.0,Good,NO2,66.0,46.0,0.0,21.0,36
1982-01-06,42.0,Good,CO,74.0,54.0,0.0,17.0,61
1982-01-07,24.0,Good,Ozone,60.0,32.0,0.0,19.0,53
1982-01-08,47.0,Good,NO2,44.0,28.0,0.0,12.0,47
1982-01-09,64.0,Moderate,CO,57.0,30.0,0.0,8.0,54
1982-01-10,31.0,Good,CO,39.0,15.0,0.0,20.0,45
1982-01-11,55.0,Moderate,CO,27.0,13.0,0.0,11.0,28
1982-01-12,31.0,Good,CO,38.0,26.0,0.19,12.0,68
1982-01-13,32.0,Good,CO,29.0,24.0,0.14,14.0,56
1982-01-14,57.0,Moderate,NO2,49.0,20.0,0.0,12.0,61
1982-01-15,57.0,Moderate,NO2,58.0,33.0,0.0,15.0,64
1982-01-16,28.0,Good,NO2,35.0,22.0,0.0,20.0,61
1982-01-17,32.0,Good,Ozone,40.0,18.0,0.0,14.0,48
1982-01-18,52.0,Moderate,CO,60.0,34.0,0.0,14.0,77
1982-01-19,57.0,Moderate,NO2,67.0,39.0,0.0,10.0,70
1982-01-20,47.0,Good,CO,69.0,54.0,0.08,11.0,95
1982-01-21,65.0,Moderate,CO,68.0,55.0,0.24,10.0,96
1982-01-22,28.0,Good,NO2,74.0,57.0,0.29,17.0,73
1982-01-23,28.0,Good,NO2,56.0,35.0,0.0,11.0,45
1982-01-24,47.0,Good,NO2,59.0,35.0,0.0,13.0,58
1982-01-25,28.0,Good,NO2,58.0,43.0,0.0,18.0,64
1982-01-26,53.0,Moderate,CO,56.0,33.0,0.0,14.0,53
1982-01-27,32.0,Good,Ozone,67.0,43.0,0.0,22.0,62
1982-01-28,44.0,Good,Ozone,67.0,44.0,0.0,13.0,78
1982-01-29,30.0,Good,Ozone,70.0,58.0,0.08,24.0,83
1982-01-30,9.0,Good,NO2,66.0,42.0,0.64,21.0,88
1982-01-31,14.0,Good,CO,47.0,35.0,0.3,23.0,74
1982-02-01,35.0,Good,CO,53.0,35.0,0.0,16.0,70
1982-02-02,41.0,Good,CO,56.0,43.0,0.3,11.0,76
1982-02-03,28.0,Good,CO,43.0,36.0,0.01,14.0,68
1982-02-04,51.0,Moderate,CO,42.0,30.0,0.0,10.0,68
1982-02-05,28.0,Good,Ozone,38.0,26.0,0.01,15.0,69
1982-02-06,47.0,Good,NO2,33.0,17.0,0.0,14.0,49
1982-02-07,57.0,Moderate,NO2,44.0,24.0,0.0,10.0,61
1982-02-08,53.0,Moderate,CO,47.0,34.0,0.2,10.0,89
1982-02-09,35.0,Good,CO,46.0,29.0,0.04,16.0,77
1982-02-10,48.0,Good,CO,42.0,24.0,0.02,10.0,72
1982-02-11,45.0,Good,CO,52.0,28.0,0.05,10.0,78
1982-02-12,42.0,Good,Ozone,48.0,36.0,0.0,16.0,81
1982-02-13,47.0,Good,NO2,48.0,30.0,0.0,7.0,78
1982-02-14,49.0,Good,Ozone,60.0,35.0,0.0,17.0,73
1982-02-15,28.0,Good,Ozone,70.0,49.0,0.0,16.0,86
1982-02-16,38.0,Good,NO2,70.0,52.0,0.0,12.0,75
1982-02-17,26.0,Good,Ozone,62.0,43.0,0.0,10.0,82
1982-02-18,32.0,Good,CO,63.0,43.0,0.0,10.0,79
1982-02-19,60.0,Moderate,CO,67.0,41.0,0.0,8.0,75
1982-02-20,59.0,Moderate,CO,73.0,44.0,0.0,8.0,78
1982-02-21,79.0,Moderate,NO2,74.0,42.0,0.0,7.0,62
1982-02-22,58.0,Moderate,Ozone,81.0,50.0,0.0,13.0,51
1982-02-23,44.0,Good,Ozone,77.0,57.0,0.0,19.0,47
1982-02-24,28.0,Good,NO2,74.0,54.0,0.0,16.0,73
1982-02-25,25.0,Good,CO,54.0,39.0,0.49,16.0,82
1982-02-26,27.0,Good,CO,41.0,35.0,0.3,14.0,79
1982-02-27,38.0,Good,NO2,52.0,32.0,0.0,7.0,72
1982-02-28,136.0,Unhealthy for Sensitive Groups,Ozone,57.0,35.0,0.0,6.0,75
1982-03-01,68.0,Moderate,NO2,64.0,38.0,0.0,9.0,70
1982-03-02,108.0,Unhealthy for Sensitive Groups,Ozone,73.0,49.0,0.0,20.0,60
1982-03-03,49.0,Good,Ozone,79.0,57.0,0.0,17.0,63
1982-03-04,31.0,Good,CO,65.0,44.0,0.0,12.0,68
1982-03-05,40.0,Good,CO,50.0,37.0,0.19,17.0,70
1982-03-06,38.0,Good,NO2,48.0,34.0,0.0,15.0,67
1982-03-07,42.0,Good,Ozone,56.0,31.0,0.0,12.0,61
1982-03-08,54.0,Moderate,Ozone,67.0,44.0,0.0,20.0,45
1982-03-09,42.0,Good,Ozone,68.0,48.0,0.0,20.0,69
1982-03-10,34.0,Good,Ozone,76.0,56.0,0.0,19.0,72
1982-03-11,38.0,Good,NO2,79.0,61.0,0.0,18.0,73
1982-03-12,32.0,Good,Ozone,83.0,64.0,0.0,22.0,74
1982-03-13,29.0,Good,Ozone,78.0,66.0,0.07,17.0,80
1982-03-14,47.0,Good,NO2,79.0,65.0,0.02,22.0,71
1982-03-15,28.0,Good,NO2,80.0,58.0,0.02,23.0,78
1982-03-16,58.0,Moderate,CO,80.0,65.0,0.02,12.0,69
1982-03-17,44.0,Good,Ozone,84.0,65.0,0.01,10.0,77
1982-03-18,31.0,Good,Ozone,84.0,68.0,0.0,17.0,71
1982-03-19,57.0,Moderate,NO2,84.0,69.0,0.0,23.0,65
1982-03-20,47.0,Good,Ozone,78.0,65.0,0.07,14.0,53
1982-03-21,47.0,Good,NO2,64.0,56.0,0.41,16.0,58
1982-03-22,105.0,Unhealthy for Sensitive Groups,NO2,66.0,47.0,0.0,11.0,53
1982-03-23,49.0,Good,CO,67.0,51.0,0.04,11.0,70
1982-03-24,45.0,Good,CO,74.0,56.0,0.0,11.0,78
1982-03-25,39.0,Good,Ozone,63.0,52.0,0.01,22.0,73
1982-03-26,56.0,Moderate,CO,58.0,44.0,0.0,13.0,40
1982-03-27,35.0,Good,CO,53.0,41.0,0.44,16.0,82
1982-03-28,40.0,Good,Ozone,56.0,43.0,0.0,7.0,63
1982-03-29,49.0,Good,CO,66.0,46.0,0.03,21.0,76
1982-03-30,68.0,Moderate,NO2,80.0,62.0,0.15,21.0,81
1982-03-31,47.0,Good,CO,75.0,61.0,0.02,12.0,70
1982-04-01,38.0,Good,NO2,78.0,59.0,0.0,16.0,68
1982-04-02,32.0,Good,Ozone,88.0,69.0,0.06,25.0,65
1982-04-03,49.0,Good,Ozone,71.0,50.0,0.0,9.0,35
1982-04-04,38.0,Good,NO2,70.0,56.0,0.01,18.0,62
1982-04-05,43.0,Good,Ozone,76.0,57.0,0.0,22.0,56
1982-04-06,42.0,Good,Ozone,60.0,44.0,0.0,14.0,41
1982-04-07,38.0,Good,NO2,64.0,48.0,0.0,16.0,64
1982-04-08,47.0,Good,NO2,76.0,57.0,0.01,18.0,68
1982-04-09,47.0,Good,NO2,64.0,48.0,0.01,13.0,51
1982-04-10,57.0,Moderate,NO2,53.0,47.0,0.48,15.0,70
1982-04-11,47.0,Good,NO2,67.0,42.0,0.0,14.0,69
1982-04-12,54.0,Moderate,Ozone,83.0,54.0,0.0,21.0,64
1982-04-13,57.0,Moderate,NO2,85.0,67.0,0.0,18.0,62
1982-04-14,84.0,Moderate,Ozone,87.0,64.0,0.13,18.0,76
1982-04-15,67.0,Moderate,CO,80.0,68.0,0.13,21.0,78
1982-04-16,73.0,Moderate,CO,85.0,69.0,0.01,19.0,79
1982-04-17,49.0,Good,Ozone,72.0,57.0,0.06,17.0,50
1982-04-18,44.0,Good,Ozone,68.0,56.0,0.22,13.0,64
1982-04-19,54.0,Moderate,Ozone,81.0,65.0,0.5,13.0,88
1982-04-20,42.0,Good,Ozone,66.0,56.0,0.12,17.0,68
1982-04-21,34.0,Good,CO,61.0,54.0,0.13,16.0,55
1982-04-22,57.0,Moderate,NO2,64.0,53.0,0.02,11.0,64
1982-04-23,74.0,Moderate,Ozone,65.0,51.0,0.0,8.0,61
1982-04-24,84.0,Moderate,Ozone,61.0,51.0,0.24,12.0,76
1982-04-25,49.0,Good,Ozone,80.0,55.0,0.0,18.0,70
1982-04-26,58.0,Moderate,Ozone,76.0,53.0,0.0,12.0,67
1982-04-27,58.0,Moderate,Ozone,78.0,54.0,0.0,10.0,67
1982-04-28,74.0,Moderate,Ozone,79.0,62.0,0.28,12.0,76
1982-04-29,47.0,Good,NO2,75.0,58.0,0.0,9.0,81
1982-04-30,55.0,Moderate,CO,78.0,63.0,0.27,9.0,78
1982-05-01,38.0,Good,NO2,74.0,61.0,0.17,8.0,84
1982-05-02,122.0,Unhealthy for Sensitive Groups,Ozone,78.0,62.0,0.05,6.0,82
1982-05-03,84.0,Moderate,Ozone,82.0,63.0,0.02,9.0,73
1982-05-04,46.0,Good,Ozone,83.0,65.0,0.0,15.0,64
1982-05-05,54.0,Moderate,Ozone,78.0,67.0,0.01,19.0,68
1982-05-06,38.0,Good,NO2,71.0,61.0,0.5,15.0,74
1982-05-07,57.0,Moderate,NO2,72.0,51.0,0.0,12.0,56
1982-05-08,90.0,Moderate,Ozone,79.0,53.0,0.0,12.0,55
1982-05-09,119.0,Unhealthy for Sensitive Groups,Ozone,80.0,57.0,0.0,13.0,59
1982-05-10,67.0,Moderate,Ozone,81.0,63.0,0.2,13.0,66
1982-05-11,47.0,Good,Ozone,80.0,65.0,0.2,16.0,78
1982-05-12,47.0,Good,NO2,77.0,68.0,1.92,22.0,89
1982-05-13,38.0,Good,NO2,71.0,65.0,2.5,21.0,90
1982-05-14,57.0,Moderate,NO2,85.0,63.0,0.01,17.0,73
1982-05-15,61.0,Moderate,Ozone,85.0,66.0,0.02,13.0,75
1982-05-16,51.0,Moderate,Ozone,81.0,69.0,0.02,16.0,77
1982-05-17,93.0,Moderate,Ozone,80.0,67.0,0.14,13.0,79
1982-05-18,28.0,Good,Ozone,79.0,64.0,0.3,13.0,83
1982-05-19,43.0,Good,Ozone,83.0,68.0,0.0,13.0,77
1982-05-20,42.0,Good,Ozone,85.0,70.0,0.0,18.0,72
1982-05-21,44.0,Good,Ozone,86.0,69.0,0.46,15.0,77
1982-05-22,47.0,Good,NO2,78.0,67.0,0.3,9.0,86
1982-05-23,54.0,Moderate,Ozone,82.0,66.0,0.34,8.0,86
1982-05-24,42.0,Good,Ozone,82.0,69.0,0.35,9.0,84
1982-05-25,101.0,Unhealthy for Sensitive Groups,Ozone,83.0,67.0,0.06,9.0,81
1982-05-26,49.0,Good,Ozone,87.0,68.0,0.38,14.0,79
1982-05-27,40.0,Good,CO,87.0,72.0,0.05,15.0,78
1982-05-28,30.0,Good,Ozone,86.0,75.0,0.03,21.0,77
1982-05-29,47.0,Good,Ozone,91.0,74.0,0.0,18.0,72
1982-05-30,43.0,Good,Ozone,90.0,74.0,0.0,13.0,71
1982-05-31,44.0,Good,Ozone,80.0,67.0,0.37,16.0,75
1982-06-01,49.0,Good,Ozone,76.0,59.0,0.0,11.0,59
1982-06-02,93.0,Moderate,Ozone,86.0,64.0,0.03,17.0,70
1982-06-03,37.0,Good,Ozone,90.0,72.0,0.04,13.0,71
1982-06-04,44.0,Good,Ozone,82.0,69.0,0.0,13.0,74
1982-06-05,136.0,Unhealthy for Sensitive Groups,Ozone,89.0,65.0,0.0,10.0,68
1982-06-06,42.0,Good,Ozone,92.0,74.0,0.0,16.0,61
1982-06-07,23.0,Good,Ozone,93.0,73.0,0.0,15.0,58
1982-06-08,47.0,Good,Ozone,92.0,74.0,0.0,13.0,56
1982-06-09,38.0,Good,Ozone,92.0,75.0,0.04,15.0,60
1982-06-10,161.0,Unhealthy,Ozone,87.0,71.0,0.17,13.0,78
1982-06-11,59.0,Moderate,CO,91.0,72.0,0.22,13.0,71
1982-06-12,105.0,Unhealthy for Sensitive Groups,Ozone,84.0,71.0,0.63,6.0,84
1982-06-13,190.0,Unhealthy,Ozone,84.0,67.0,0.0,8.0,69
1982-06-14,44.0,Good,Ozone,90.0,72.0,0.0,15.0,64
1982-06-15,30.0,Good,Ozone,90.0,74.0,0.57,22.0,66
1982-06-16,77.0,Moderate,Ozone,83.0,71.0,0.06,13.0,77
1982-06-17,232.0,Very Unhealthy,Ozone,86.0,66.0,0.0,6.0,67
1982-06-18,202.0,Very Unhealthy,Ozone,88.0,71.0,0.0,7.0,64
1982-06-19,101.0,Unhealthy for Sensitive Groups,Ozone,83.0,72.0,1.84,12.0,77
1982-06-20,169.0,Unhealthy,Ozone,84.0,71.0,0.03,7.0,76
1982-06-21,166.0,Unhealthy,Ozone,84.0,72.0,0.35,6.0,86
1982-06-22,140.0,Unhealthy for Sensitive Groups,Ozone,87.0,71.0,0.02,6.0,77
1982-06-23,195.0,Unhealthy,Ozone,87.0,71.0,0.0,7.0,74
1982-06-24,87.0,Moderate,Ozone,85.0,73.0,0.94,11.0,82
1982-06-25,100.0,Moderate,Ozone,87.0,73.0,1.49,10.0,85
1982-06-26,166.0,Unhealthy,Ozone,88.0,73.0,0.02,5.0,75
1982-06-27,192.0,Unhealthy,Ozone,87.0,74.0,0.42,11.0,80
1982-06-28,47.0,Good,Ozone,89.0,74.0,0.07,13.0,81
1982-06-29,49.0,Good,Ozone,91.0,73.0,0.05,11.0,81
1982-06-30,38.0,Good,Ozone,90.0,75.0,0.02,12.0,75
1982-07-01,35.0,Good,Ozone,90.0,74.0,0.0,13.0,72
1982-07-02,35.0,Good,Ozone,90.0,75.0,0.0,17.0,67
1982-07-03,43.0,Good,Ozone,92.0,76.0,0.0,14.0,63
1982-07-04,39.0,Good,Ozone,92.0,77.0,0.0,12.0,61
1982-07-05,35.0,Good,Ozone,92.0,77.0,0.0,15.0,63
1982-07-06,35.0,Good,Ozone,93.0,78.0,0.0,17.0,62
1982-07-07,52.0,Moderate,CO,87.0,79.0,0.02,13.0,68
1982-07-08,48.0,Good,Ozone,91.0,76.0,0.0,6.0,63
1982-07-09,44.0,Good,Ozone,95.0,76.0,0.0,12.0,52
1982-07-10,49.0,Good,Ozone,95.0,78.0,0.0,12.0,55
1982-07-11,161.0,Unhealthy,Ozone,94.0,78.0,0.0,10.0,58
1982-07-12,122.0,Unhealthy for Sensitive Groups,Ozone,93.0,74.0,0.0,8.0,57
1982-07-13,232.0,Very Unhealthy,Ozone,92.0,78.0,0.05,6.0,63
1982-07-14,115.0,Unhealthy for Sensitive Groups,Ozone,91.0,75.0,0.05,10.0,68
1982-07-15,71.0,Moderate,Ozone,95.0,78.0,0.01,10.0,62
1982-07-16,41.0,Good,Ozone,96.0,79.0,0.02,13.0,58
1982-07-17,43.0,Good,Ozone,96.0,79.0,0.0,13.0,56
1982-07-18,35.0,Good,Ozone,97.0,80.0,0.0,12.0,53
1982-07-19,44.0,Good,Ozone,97.0,80.0,0.0,10.0,50
1982-07-20,71.0,Moderate,Ozone,97.0,80.0,0.0,9.0,49
1982-07-21,202.0,Very Unhealthy,Ozone,97.0,78.0,0.0,8.0,48
1982-07-22,218.0,Very Unhealthy,Ozone,97.0,79.0,0.02,8.0,63
1982-07-23,212.0,Very Unhealthy,Ozone,96.0,78.0,0.0,7.0,62
1982-07-24,218.0,Very Unhealthy,Ozone,95.0,78.0,0.03,10.0,62
1982-07-25,182.0,Unhealthy,Ozone,94.0,80.0,0.0,10.0,57
1982-07-26,202.0,Very Unhealthy,Ozone,95.0,75.0,0.34,11.0,65
1982-07-27,41.0,Good,CO,96.0,76.0,0.09,9.0,61
1982-07-28,200.0,Unhealthy,Ozone,95.0,79.0,0.1,7.0,64
1982-07-29,154.0,Unhealthy,Ozone,94.0,80.0,0.04,9.0,62
1982-07-30,60.0,Moderate,CO,90.0,78.0,0.05,7.0,68
1982-07-31,182.0,Unhealthy,Ozone,92.0,78.0,0.01,8.0,69
1982-08-01,143.0,Unhealthy for Sensitive Groups,Ozone,93.0,79.0,0.0,7.0,63
1982-08-02,47.0,Good,Ozone,99.0,82.0,0.0,11.0,47
1982-08-03,44.0,Good,Ozone,99.0,82.0,0.0,12.0,49
1982-08-04,44.0,Good,Ozone,100.0,82.0,0.0,12.0,46
1982-08-05,51.0,Moderate,Ozone,100.0,80.0,0.0,8.0,36
1982-08-06,182.0,Unhealthy,Ozone,101.0,77.0,0.0,7.0,40
1982-08-07,166.0,Unhealthy,Ozone,98.0,80.0,0.06,13.0,51
1982-08-08,115.0,Unhealthy for Sensitive Groups,Ozone,89.0,75.0,0.26,9.0,80
1982-08-09,93.0,Moderate,Ozone,90.0,74.0,0.01,9.0,75
1982-08-10,58.0,Moderate,Ozone,92.0,76.0,0.0,9.0,67
1982-08-11,50.0,Good,CO,95.0,78.0,0.0,11.0,56
1982-08-12,51.0,Moderate,Ozone,97.0,79.0,0.02,11.0,58
1982-08-13,51.0,Moderate,Ozone,100.0,81.0,0.0,12.0,49
1982-08-14,58.0,Moderate,Ozone,102.0,81.0,0.0,12.0,45
1982-08-15,90.0,Moderate,Ozone,101.0,82.0,0.0,9.0,44
1982-08-16,101.0,Unhealthy for Sensitive Groups,Ozone,101.0,82.0,0.0,10.0,43
1982-08-17,115.0,Unhealthy for Sensitive Groups,Ozone,94.0,82.0,0.01,11.0,60
1982-08-18,93.0,Moderate,Ozone,94.0,78.0,0.04,12.0,60
1982-08-19,100.0,Moderate,Ozone,95.0,76.0,0.0,9.0,53
1982-08-20,203.0,Very Unhealthy,Ozone,95.0,78.0,0.0,9.0,49
1982-08-21,119.0,Unhealthy for Sensitive Groups,Ozone,95.0,76.0,0.0,7.0,48
1982-08-22,143.0,Unhealthy for Sensitive Groups,Ozone,98.0,78.0,0.0,7.0,45
1982-08-23,90.0,Moderate,Ozone,99.0,81.0,0.0,11.0,43
1982-08-24,38.0,Good,NO2,101.0,82.0,0.0,14.0,37
1982-08-25,67.0,Moderate,Ozone,98.0,79.0,0.0,14.0,43
1982-08-26,34.0,Good,Ozone,100.0,82.0,0.0,13.0,46
1982-08-27,44.0,Good,Ozone,101.0,82.0,0.02,14.0,47
1982-08-28,42.0,Good,Ozone,93.0,82.0,0.0,10.0,55
1982-08-29,133.0,Unhealthy for Sensitive Groups,Ozone,95.0,78.0,0.0,7.0,60
1982-08-30,49.0,Good,Ozone,99.0,80.0,0.0,11.0,49
1982-08-31,58.0,Moderate,Ozone,98.0,81.0,0.0,12.0,51
1982-09-01,54.0,Moderate,Ozone,98.0,80.0,0.0,12.0,54
1982-09-02,143.0,Unhealthy for Sensitive Groups,Ozone,99.0,82.0,0.09,11.0,54
1982-09-03,57.0,Moderate,NO2,95.0,78.0,0.0,13.0,55
1982-09-04,58.0,Moderate,Ozone,89.0,70.0,0.0,9.0,44
1982-09-05,126.0,Unhealthy for Sensitive Groups,Ozone,89.0,68.0,0.0,8.0,44
1982-09-06,166.0,Unhealthy,Ozone,92.0,69.0,0.0,8.0,45
1982-09-07,136.0,Unhealthy for Sensitive Groups,Ozone,94.0,72.0,0.0,8.0,45
1982-09-08,101.0,Unhealthy for Sensitive Groups,Ozone,93.0,74.0,0.0,9.0,47
1982-09-09,164.0,Unhealthy,Ozone,92.0,73.0,0.0,8.0,45
1982-09-10,154.0,Unhealthy,Ozone,94.0,74.0,0.0,8.0,46
1982-09-11,100.0,Moderate,Ozone,91.0,75.0,0.0,10.0,58
1982-09-12,47.0,Good,NO2,97.0,76.0,0.0,15.0,57
1982-09-13,31.0,Good,Ozone,93.0,79.0,0.05,16.0,62
1982-09-14,42.0,Good,Ozone,94.0,78.0,0.01,15.0,62
1982-09-15,35.0,Good,Ozone,88.0,77.0,0.16,9.0,73
1982-09-16,58.0,Moderate,Ozone,87.0,73.0,0.24,8.0,74
1982-09-17,190.0,Unhealthy,Ozone,90.0,72.0,0.0,6.0,67
1982-09-18,136.0,Unhealthy for Sensitive Groups,Ozone,90.0,73.0,0.0,11.0,61
1982-09-19,35.0,Good,Ozone,83.0,72.0,0.01,9.0,66
1982-09-20,49.0,Good,Ozone,84.0,68.0,0.0,14.0,61
1982-09-21,38.0,Good,NO2,75.0,61.0,0.0,13.0,43
1982-09-22,68.0,Moderate,NO2,78.0,56.0,0.0,6.0,47
1982-09-23,119.0,Unhealthy for Sensitive Groups,Ozone,85.0,60.0,0.0,12.0,43
1982-09-24,57.0,Moderate,NO2,88.0,65.0,0.0,11.0,49
1982-09-25,47.0,Good,NO2,82.0,64.0,0.0,15.0,53
1982-09-26,48.0,Good,Ozone,78.0,58.0,0.02,9.0,47
1982-09-27,143.0,Unhealthy for Sensitive Groups,Ozone,90.0,66.0,0.0,20.0,46
1982-09-28,87.0,Moderate,Ozone,91.0,72.0,0.0,19.0,58
1982-09-29,47.0,Good,NO2,88.0,72.0,0.0,15.0,57
1982-09-30,93.0,Moderate,Ozone,89.0,73.0,0.0,13.0,52
1982-10-01,84.0,Moderate,Ozone,88.0,69.0,0.0,12.0,52
1982-10-02,150.0,Unhealthy for Sensitive Groups,Ozone,91.0,72.0,0.0,10.0,50
1982-10-03,87.0,Moderate,Ozone,89.0,73.0,0.07,9.0,61
1982-10-04,115.0,Unhealthy for Sensitive Groups,Ozone,92.0,69.0,0.0,5.0,56
1982-10-05,115.0,Unhealthy for Sensitive Groups,Ozone,90.0,72.0,0.0,10.0,49
1982-10-06,45.0,Good,CO,88.0,74.0,0.26,11.0,73
1982-10-07,57.0,Moderate,CO,85.0,72.0,0.16,10.0,85
1982-10-08,24.0,Good,CO,85.0,74.0,0.1,20.0,82
1982-10-09,47.0,Good,NO2,77.0,65.0,0.04,15.0,51
1982-10-10,38.0,Good,NO2,73.0,59.0,0.0,12.0,46
1982-10-11,39.0,Good,CO,69.0,56.0,0.0,9.0,52
1982-10-12,48.0,Good,CO,65.0,59.0,0.13,10.0,71
1982-10-13,68.0,Moderate,NO2,73.0,56.0,0.0,7.0,62
1982-10-14,79.0,Moderate,NO2,74.0,53.0,0.0,6.0,57
1982-10-15,79.0,Moderate,NO2,78.0,57.0,0.0,8.0,52
1982-10-16,57.0,Moderate,NO2,76.0,58.0,0.0,12.0,54
1982-10-17,101.0,Unhealthy for Sensitive Groups,Ozone,79.0,58.0,0.0,11.0,59
1982-10-18,71.0,Moderate,Ozone,85.0,63.0,0.0,16.0,65
1982-10-19,49.0,Good,Ozone,84.0,64.0,0.14,22.0,62
1982-10-20,38.0,Good,NO2,63.0,52.0,0.06,18.0,42
1982-10-21,39.0,Good,CO,55.0,51.0,0.31,7.0,65
1982-10-22,47.0,Good,NO2,63.0,53.0,0.01,6.0,66
1982-10-23,57.0,Moderate,NO2,65.0,46.0,0.0,7.0,63
1982-10-24,57.0,Moderate,NO2,66.0,43.0,0.0,7.0,57
1982-10-25,79.0,Moderate,NO2,67.0,43.0,0.0,7.0,59
1982-10-26,105.0,Unhealthy for Sensitive Groups,Ozone,73.0,48.0,0.0,12.0,49
1982-10-27,51.0,Moderate,Ozone,80.0,56.0,0.0,21.0,59
1982-10-28,38.0,Good,NO2,74.0,59.0,0.37,19.0,78
1982-10-29,68.0,Moderate,NO2,70.0,51.0,0.0,6.0,69
1982-10-30,38.0,Good,NO2,78.0,55.0,0.0,14.0,82
1982-10-31,25.0,Good,Ozone,81.0,68.0,0.0,17.0,77
1982-11-01,28.0,Good,NO2,82.0,69.0,0.02,20.0,76
1982-11-02,38.0,Good,NO2,73.0,60.0,1.37,17.0,82
1982-11-03,38.0,Good,NO2,59.0,47.0,0.14,18.0,54
1982-11-04,68.0,Moderate,NO2,58.0,40.0,0.0,6.0,57
1982-11-05,65.0,Moderate,CO,63.0,42.0,0.0,12.0,59
1982-11-06,47.0,Good,NO2,71.0,50.0,0.0,20.0,64
1982-11-07,44.0,Good,Ozone,72.0,56.0,0.0,19.0,67
1982-11-08,57.0,Moderate,NO2,72.0,56.0,0.0,13.0,72
1982-11-09,48.0,Good,CO,74.0,58.0,0.0,13.0,71
1982-11-10,33.0,Good,Ozone,75.0,66.0,0.02,13.0,80
1982-11-11,19.0,Good,NO2,75.0,65.0,0.09,24.0,76
1982-11-12,28.0,Good,NO2,69.0,49.0,0.06,20.0,43
1982-11-13,28.0,Good,NO2,52.0,36.0,0.0,12.0,54
1982-11-14,28.0,Good,NO2,58.0,43.0,0.0,19.0,55
1982-11-15,47.0,Good,NO2,51.0,33.0,0.0,9.0,60
1982-11-16,41.0,Good,CO,54.0,42.0,0.06,11.0,74
1982-11-17,55.0,Moderate,CO,55.0,50.0,0.05,7.0,91
1982-11-18,38.0,Good,CO,65.0,53.0,0.0,10.0,85
1982-11-19,25.0,Good,CO,74.0,62.0,0.0,14.0,90
1982-11-20,38.0,Good,NO2,78.0,64.0,0.0,16.0,78
1982-11-21,68.0,Moderate,NO2,74.0,54.0,0.0,7.0,83
1982-11-22,28.0,Good,NO2,74.0,62.0,0.06,15.0,90
1982-11-23,19.0,Good,NO2,68.0,44.0,0.01,20.0,79
1982-11-24,38.0,Good,NO2,46.0,37.0,0.0,16.0,48
1982-11-25,28.0,Good,NO2,48.0,40.0,0.04,7.0,52
1982-11-26,28.0,Good,NO2,46.0,45.0,1.86,10.0,90
1982-11-27,19.0,Good,NO2,47.0,45.0,0.31,12.0,88
1982-11-28,38.0,Good,NO2,64.0,40.0,0.0,14.0,69
1982-11-29,47.0,Good,NO2,71.0,51.0,0.0,14.0,68
1982-11-30,38.0,Good,NO2,72.0,55.0,0.0,12.0,82
1982-12-01,28.0,Good,NO2,76.0,62.0,0.05,25.0,88
1982-12-02,47.0,Good,NO2,71.0,57.0,1.48,22.0,86
1982-12-03,28.0,Good,NO2,62.0,50.0,0.3,15.0,73
1982-12-04,38.0,Good,NO2,56.0,42.0,0.01,6.0,80
1982-12-05,38.0,Good,NO2,64.0,44.0,0.0,10.0,70
1982-12-06,68.0,Moderate,NO2,59.0,41.0,0.0,7.0,74
1982-12-07,68.0,Moderate,NO2,64.0,43.0,0.0,10.0,80
1982-12-08,38.0,Good,NO2,60.0,45.0,0.0,12.0,81
1982-12-09,39.0,Good,CO,51.0,42.0,0.0,12.0,78
1982-12-10,54.0,Moderate,CO,48.0,45.0,0.66,7.0,92
1982-12-11,26.0,Good,CO,47.0,34.0,0.44,20.0,91
1982-12-12,68.0,Moderate,NO2,41.0,27.0,0.0,11.0,60
1982-12-13,38.0,Good,NO2,48.0,29.0,0.0,17.0,62
1982-12-14,68.0,Moderate,NO2,65.0,43.0,0.0,16.0,80
1982-12-15,79.0,Moderate,NO2,55.0,40.0,0.0,13.0,72
1982-12-16,100.0,Moderate,NO2,59.0,37.0,0.0,11.0,69
1982-12-17,47.0,Good,NO2,62.0,42.0,0.0,18.0,69
1982-12-18,47.0,Good,NO2,69.0,51.0,0.0,18.0,70
1982-12-19,68.0,Moderate,NO2,58.0,41.0,0.0,12.0,51
1982-12-20,69.0,Moderate,CO,62.0,43.0,0.0,8.0,56
1982-12-21,47.0,Good,NO2,69.0,47.0,0.0,16.0,82
1982-12-22,29.0,Good,Ozone,71.0,58.0,0.0,22.0,81
1982-12-23,28.0,Good,NO2,71.0,60.0,0.04,19.0,85
1982-12-24,38.0,Good,NO2,67.0,55.0,0.26,19.0,68
1982-12-25,19.0,Good,NO2,54.0,48.0,0.01,16.0,45
1982-12-26,19.0,Good,NO2,49.0,43.0,0.41,14.0,76
1982-12-27,38.0,Good,NO2,50.0,41.0,0.25,15.0,83
1982-12-28,19.0,Good,CO,45.0,36.0,0.0,13.0,66
1982-12-29,89.0,Moderate,NO2,41.0,30.0,0.0,10.0,65
1982-12-30,100.0,Moderate,NO2,45.0,27.0,0.0,9.0,71
1982-12-31,39.0,Good,CO,44.0,39.0,0.19,8.0,72
1983-01-01,38.0,Good,NO2,40.0,37.0,0.52,10.0,81
1983-01-02,32.0,Good,Ozone,48.0,36.0,0.0,11.0,80
1983-01-03,47.0,Good,CO,43.0,31.0,0.0,8.0,81
1983-01-04,43.0,Good,CO,49.0,32.0,0.0,11.0,82
1983-01-05,68.0,Moderate,NO2,51.0,37.0,0.0,11.0,81
1983-01-06,68.0,Moderate,NO2,62.0,35.0,0.0,13.0,85
1983-01-07,47.0,Good,NO2,61.0,41.0,0.0,8.0,86
1983-01-08,47.0,Good,NO2,54.0,45.0,0.0,12.0,89
1983-01-09,47.0,Good,NO2,63.0,45.0,0.0,15.0,83
1983-01-10,47.0,Good,NO2,57.0,39.0,0.0,11.0,62
1983-01-11,57.0,Moderate,NO2,64.0,39.0,0.0,12.0,57
1983-01-12,47.0,Good,NO2,55.0,34.0,0.0,10.0,57
1983-01-13,57.0,Moderate,NO2,68.0,43.0,0.0,13.0,61
1983-01-14,43.0,Good,CO,64.0,45.0,0.0,12.0,57
1983-01-15,38.0,Good,NO2,48.0,36.0,0.0,12.0,55
1983-01-16,47.0,Good,NO2,53.0,29.0,0.0,8.0,70
1983-01-17,51.0,Moderate,CO,58.0,38.0,0.0,7.0,68
1983-01-18,38.0,Good,NO2,49.0,41.0,0.04,12.0,67
1983-01-19,35.0,Good,CO,41.0,36.0,0.03,11.0,67
1983-01-20,28.0,Good,CO,39.0,36.0,0.0,11.0,67
1983-01-21,28.0,Good,NO2,43.0,37.0,0.0,11.0,71
1983-01-22,38.0,Good,NO2,41.0,34.0,0.02,12.0,77
1983-01-23,57.0,Moderate,NO2,52.0,27.0,0.0,9.0,77
1983-01-24,57.0,Moderate,NO2,56.0,38.0,0.0,10.0,78
1983-01-25,57.0,Moderate,NO2,56.0,33.0,0.0,14.0,83
1983-01-26,28.0,Good,NO2,48.0,40.0,0.02,19.0,81
1983-01-27,40.0,Good,CO,48.0,36.0,0.0,12.0,71
1983-01-28,42.0,Good,Ozone,57.0,39.0,0.0,18.0,79
1983-01-29,38.0,Good,NO2,62.0,46.0,0.0,17.0,65
1983-01-30,47.0,Good,NO2,62.0,40.0,0.0,11.0,73
1983-01-31,47.0,Good,NO2,59.0,53.0,0.75,19.0,90
1983-02-01,28.0,Good,Ozone,53.0,35.0,0.0,20.0,68
1983-02-02,32.0,Good,Ozone,45.0,32.0,0.0,21.0,55
1983-02-03,38.0,Good,NO2,45.0,30.0,0.0,13.0,61
1983-02-04,28.0,Good,CO,37.0,35.0,0.37,11.0,69
1983-02-05,28.0,Good,NO2,42.0,35.0,0.39,9.0,92
1983-02-06,31.0,Good,Ozone,43.0,34.0,0.0,12.0,81
1983-02-07,43.0,Good,CO,48.0,31.0,0.0,11.0,74
1983-02-08,42.0,Good,Ozone,65.0,41.0,0.0,19.0,81
1983-02-09,38.0,Good,NO2,63.0,54.0,0.41,10.0,91
1983-02-10,47.0,Good,NO2,57.0,47.0,0.0,10.0,85
1983-02-11,47.0,Good,NO2,59.0,41.0,0.0,8.0,78
1983-02-12,57.0,Moderate,NO2,54.0,40.0,0.0,9.0,75
1983-02-13,57.0,Moderate,NO2,58.0,35.0,0.0,10.0,77
1983-02-14,71.0,Moderate,Ozone,64.0,43.0,0.0,17.0,74
1983-02-15,84.0,Moderate,Ozone,63.0,50.0,0.0,10.0,71
1983-02-16,47.0,Good,NO2,62.0,47.0,0.0,10.0,72
1983-02-17,100.0,Moderate,NO2,65.0,40.0,0.0,8.0,69
1983-02-18,87.0,Moderate,Ozone,64.0,48.0,0.21,9.0,75
1983-02-19,71.0,Moderate,Ozone,71.0,46.0,0.0,21.0,73
1983-02-20,38.0,Good,NO2,61.0,57.0,1.83,17.0,91
1983-02-21,38.0,Good,NO2,60.0,51.0,0.28,9.0,85
1983-02-22,38.0,Good,NO2,64.0,51.0,0.02,14.0,77
1983-02-23,89.0,Moderate,NO2,66.0,47.0,0.0,8.0,77
1983-02-24,57.0,Moderate,NO2,69.0,48.0,0.0,13.0,73
1983-02-25,38.0,Good,NO2,56.0,41.0,0.0,13.0,68
1983-02-26,35.0,Good,Ozone,53.0,39.0,0.0,12.0,60
1983-02-27,47.0,Good,NO2,53.0,42.0,0.0,9.0,59
1983-02-28,68.0,Moderate,NO2,65.0,36.0,0.0,10.0,72
1983-03-01,63.0,Moderate,CO,79.0,50.0,0.0,12.0,68
1983-03-02,57.0,Moderate,NO2,80.0,53.0,0.0,12.0,70
1983-03-03,33.0,Good,Ozone,70.0,58.0,0.74,20.0,82
1983-03-04,31.0,Good,Ozone,68.0,59.0,1.07,20.0,93
1983-03-05,37.0,Good,Ozone,72.0,52.0,0.0,16.0,53
1983-03-06,47.0,Good,NO2,69.0,56.0,0.0,19.0,49
1983-03-07,47.0,Good,NO2,66.0,48.0,0.0,12.0,64
1983-03-08,57.0,Moderate,NO2,64.0,46.0,0.0,11.0,67
1983-03-09,38.0,Good,NO2,58.0,46.0,0.0,21.0,52
1983-03-10,38.0,Good,NO2,59.0,37.0,0.0,12.0,58
1983-03-11,57.0,Moderate,NO2,52.0,33.0,0.0,9.0,59
1983-03-12,57.0,Moderate,NO2,63.0,36.0,0.0,9.0,67
1983-03-13,46.0,Good,Ozone,72.0,49.0,0.0,15.0,69
1983-03-14,44.0,Good,Ozone,72.0,57.0,0.0,14.0,81
1983-03-15,38.0,Good,Ozone,70.0,54.0,0.05,14.0,77
1983-03-16,48.0,Good,Ozone,72.0,55.0,0.3,15.0,79
1983-03-17,38.0,Good,NO2,63.0,48.0,0.0,18.0,66
1983-03-18,57.0,Moderate,NO2,60.0,42.0,0.0,11.0,69
1983-03-19,47.0,Good,NO2,63.0,44.0,0.2,11.0,81
1983-03-20,32.0,Good,Ozone,57.0,41.0,0.0,17.0,66
1983-03-21,57.0,Moderate,NO2,50.0,34.0,0.0,15.0,55
1983-03-22,57.0,Moderate,NO2,56.0,35.0,0.12,12.0,67
1983-03-23,38.0,Good,NO2,49.0,46.0,0.2,14.0,87
1983-03-24,47.0,Good,NO2,54.0,44.0,0.0,7.0,79
1983-03-25,44.0,Good,Ozone,61.0,47.0,0.11,23.0,79
1983-03-26,43.0,Good,Ozone,69.0,50.0,0.68,27.0,58
1983-03-27,46.0,Good,Ozone,60.0,47.0,0.0,20.0,44
1983-03-28,47.0,Good,NO2,60.0,38.0,0.0,8.0,63
1983-03-29,90.0,Moderate,Ozone,68.0,47.0,0.09,20.0,69
1983-03-30,47.0,Good,NO2,67.0,54.0,0.54,12.0,76
1983-03-31,51.0,Moderate,Ozone,80.0,50.0,0.0,19.0,75
1983-04-01,37.0,Good,Ozone,72.0,53.0,0.0,30.0,58
1983-04-02,42.0,Good,Ozone,61.0,46.0,0.0,23.0,40
1983-04-03,51.0,Moderate,Ozone,72.0,41.0,0.0,22.0,57
1983-04-04,32.0,Good,CO,68.0,58.0,0.17,19.0,83
1983-04-05,31.0,Good,Ozone,63.0,47.0,0.12,19.0,79
1983-04-06,37.0,Good,Ozone,60.0,43.0,0.01,15.0,66
1983-04-07,39.0,Good,Ozone,58.0,42.0,0.03,15.0,64
1983-04-08,33.0,Good,Ozone,57.0,47.0,0.02,13.0,61
1983-04-09,54.0,Moderate,Ozone,65.0,40.0,0.0,9.0,66
1983-04-10,101.0,Unhealthy for Sensitive Groups,Ozone,77.0,44.0,0.0,9.0,61
1983-04-11,87.0,Moderate,Ozone,81.0,52.0,0.0,19.0,53
1983-04-12,58.0,Moderate,Ozone,82.0,61.0,0.04,19.0,64
1983-04-13,42.0,Good,Ozone,74.0,57.0,0.69,19.0,70
1983-04-14,38.0,Good,NO2,58.0,45.0,0.0,16.0,50
1983-04-15,62.0,Moderate,CO,61.0,40.0,0.0,8.0,51
1983-04-16,108.0,Unhealthy for Sensitive Groups,Ozone,70.0,42.0,0.0,8.0,53
1983-04-17,108.0,Unhealthy for Sensitive Groups,Ozone,78.0,50.0,0.02,18.0,50
1983-04-18,47.0,Good,NO2,74.0,50.0,0.0,10.0,59
1983-04-19,37.0,Good,Ozone,64.0,51.0,0.06,19.0,69
1983-04-20,25.0,Good,CO,54.0,49.0,0.02,15.0,80
1983-04-21,39.0,Good,Ozone,70.0,51.0,0.28,19.0,86
1983-04-22,47.0,Good,NO2,76.0,62.0,0.35,13.0,86
1983-04-23,49.0,Good,Ozone,68.0,58.0,0.01,25.0,67
1983-04-24,61.0,Moderate,Ozone,70.0,51.0,0.0,11.0,54
1983-04-25,119.0,Unhealthy for Sensitive Groups,Ozone,77.0,49.0,0.0,15.0,56
1983-04-26,87.0,Moderate,Ozone,80.0,57.0,0.0,18.0,61
1983-04-27,58.0,Moderate,Ozone,81.0,62.0,0.0,16.0,67
1983-04-28,49.0,Good,Ozone,86.0,68.0,0.0,18.0,70
1983-04-29,38.0,Good,CO,80.0,71.0,0.17,20.0,83
1983-04-30,42.0,Good,Ozone,86.0,72.0,0.01,20.0,77
1983-05-01,68.0,Moderate,NO2,85.0,73.0,0.06,22.0,74
1983-05-02,39.0,Good,Ozone,77.0,64.0,1.09,16.0,84
1983-05-03,58.0,Moderate,Ozone,73.0,54.0,0.0,13.0,60
1983-05-04,119.0,Unhealthy for Sensitive Groups,Ozone,79.0,51.0,0.0,9.0,56
1983-05-05,133.0,Unhealthy for Sensitive Groups,Ozone,82.0,59.0,0.0,17.0,50
1983-05-06,108.0,Unhealthy for Sensitive Groups,Ozone,85.0,61.0,0.0,23.0,60
1983-05-07,101.0,Unhealthy for Sensitive Groups,Ozone,84.0,69.0,0.0,22.0,57
1983-05-08,87.0,Moderate,Ozone,74.0,59.0,0.0,13.0,55
1983-05-09,67.0,Moderate,Ozone,71.0,56.0,0.02,10.0,66
1983-05-10,46.0,Good,Ozone,75.0,61.0,1.1,14.0,85
1983-05-11,44.0,Good,Ozone,78.0,65.0,0.97,16.0,88
1983-05-12,46.0,Good,Ozone,82.0,66.0,0.17,14.0,87
1983-05-13,49.0,Good,Ozone,81.0,69.0,0.71,17.0,86
1983-05-14,26.0,Good,Ozone,78.0,61.0,1.13,17.0,89
1983-05-15,40.0,Good,Ozone,71.0,56.0,0.0,14.0,68
1983-05-16,61.0,Moderate,Ozone,73.0,52.0,0.0,9.0,68
1983-05-17,71.0,Moderate,Ozone,78.0,60.0,0.34,19.0,74
1983-05-18,51.0,Moderate,Ozone,76.0,63.0,0.29,15.0,76
1983-05-19,101.0,Unhealthy for Sensitive Groups,Ozone,83.0,54.0,0.0,12.0,62
1983-05-20,44.0,Good,Ozone,76.0,65.0,1.23,16.0,87
1983-05-21,51.0,Moderate,Ozone,76.0,65.0,0.45,12.0,87
1983-05-22,122.0,Unhealthy for Sensitive Groups,Ozone,83.0,59.0,0.0,11.0,73
1983-05-23,90.0,Moderate,Ozone,80.0,64.0,0.53,10.0,72
1983-05-24,105.0,Unhealthy for Sensitive Groups,Ozone,81.0,58.0,0.0,7.0,63
1983-05-25,197.0,Unhealthy,Ozone,85.0,59.0,0.0,6.0,67
1983-05-26,208.0,Very Unhealthy,Ozone,86.0,64.0,0.01,7.0,68
1983-05-27,156.0,Unhealthy,Ozone,86.0,68.0,0.0,8.0,62
1983-05-28,51.0,Moderate,Ozone,86.0,68.0,0.0,8.0,70
1983-05-29,101.0,Unhealthy for Sensitive Groups,Ozone,88.0,67.0,0.07,10.0,73
1983-05-30,38.0,Good,NO2,82.0,62.0,0.78,15.0,73
1983-05-31,31.0,Good,Ozone,65.0,56.0,0.41,14.0,81
1983-06-01,49.0,Good,Ozone,76.0,54.0,0.01,8.0,73
1983-06-02,44.0,Good,Ozone,84.0,69.0,0.0,19.0,72
1983-06-03,57.0,Moderate,NO2,89.0,71.0,0.04,21.0,75
1983-06-04,192.0,Unhealthy,Ozone,88.0,67.0,0.02,10.0,76
1983-06-05,90.0,Moderate,Ozone,87.0,71.0,0.91,11.0,77
1983-06-06,35.0,Good,Ozone,75.0,67.0,0.98,13.0,77
1983-06-07,90.0,Moderate,Ozone,76.0,61.0,0.0,9.0,60
1983-06-08,205.0,Very Unhealthy,Ozone,81.0,63.0,0.0,5.0,62
1983-06-09,154.0,Unhealthy,Ozone,84.0,63.0,0.0,9.0,65
1983-06-10,161.0,Unhealthy,Ozone,84.0,68.0,0.0,16.0,63
1983-06-11,84.0,Moderate,Ozone,83.0,69.0,0.0,16.0,71
1983-06-12,90.0,Moderate,Ozone,87.0,69.0,0.0,15.0,68
1983-06-13,115.0,Unhealthy for Sensitive Groups,Ozone,87.0,71.0,0.0,16.0,69
1983-06-14,42.0,Good,Ozone,79.0,70.0,0.5,12.0,81
1983-06-15,77.0,Moderate,Ozone,84.0,64.0,0.0,9.0,71
1983-06-16,166.0,Unhealthy,Ozone,87.0,64.0,0.0,5.0,68
1983-06-17,93.0,Moderate,Ozone,88.0,68.0,0.02,11.0,68
1983-06-18,90.0,Moderate,Ozone,86.0,69.0,0.0,8.0,75
1983-06-19,100.0,Moderate,Ozone,89.0,70.0,0.0,8.0,70
1983-06-20,105.0,Unhealthy for Sensitive Groups,Ozone,90.0,71.0,0.0,8.0,68
1983-06-21,126.0,Unhealthy for Sensitive Groups,Ozone,89.0,74.0,0.0,9.0,63
1983-06-22,71.0,Moderate,Ozone,89.0,72.0,0.01,11.0,71
1983-06-23,179.0,Unhealthy,Ozone,89.0,72.0,0.26,9.0,75
1983-06-24,90.0,Moderate,Ozone,85.0,71.0,0.49,10.0,84
1983-06-25,44.0,Good,Ozone,82.0,72.0,0.58,8.0,87
1983-06-26,115.0,Unhealthy for Sensitive Groups,Ozone,86.0,72.0,0.14,10.0,86
1983-06-27,71.0,Moderate,Ozone,91.0,75.0,0.0,15.0,73
1983-06-28,61.0,Moderate,Ozone,93.0,75.0,0.28,17.0,74
1983-06-29,227.0,Very Unhealthy,Ozone,91.0,71.0,0.01,9.0,72
1983-06-30,40.0,Good,Ozone,94.0,74.0,0.06,15.0,71
1983-07-01,35.0,Good,Ozone,89.0,77.0,0.09,16.0,74
1983-07-02,34.0,Good,Ozone,94.0,78.0,0.0,18.0,66
1983-07-03,34.0,Good,Ozone,96.0,77.0,0.0,20.0,60
1983-07-04,34.0,Good,Ozone,96.0,78.0,0.0,18.0,61
1983-07-05,67.0,Moderate,Ozone,88.0,73.0,0.78,12.0,72
1983-07-06,105.0,Unhealthy for Sensitive Groups,Ozone,86.0,71.0,0.01,9.0,66
1983-07-07,164.0,Unhealthy,Ozone,86.0,69.0,0.0,9.0,62
1983-07-08,200.0,Unhealthy,Ozone,87.0,66.0,0.0,9.0,60
1983-07-09,169.0,Unhealthy,Ozone,89.0,68.0,0.0,7.0,66
1983-07-10,154.0,Unhealthy,Ozone,91.0,73.0,0.0,10.0,61
1983-07-11,151.0,Unhealthy,Ozone,90.0,75.0,0.0,9.0,64
1983-07-12,151.0,Unhealthy,Ozone,90.0,76.0,0.0,7.0,62
1983-07-13,108.0,Unhealthy for Sensitive Groups,Ozone,87.0,75.0,0.06,9.0,69
1983-07-14,37.0,Good,Ozone,87.0,75.0,0.14,15.0,79
1983-07-15,28.0,Good,Ozone,82.0,74.0,0.44,15.0,86
1983-07-16,19.0,Good,Ozone,79.0,74.0,0.53,15.0,90
1983-07-17,35.0,Good,Ozone,87.0,74.0,0.0,10.0,78
1983-07-18,44.0,Good,Ozone,89.0,74.0,0.0,8.0,72
1983-07-19,33.0,Good,Ozone,90.0,75.0,0.03,9.0,74
1983-07-20,46.0,Good,Ozone,93.0,75.0,0.0,7.0,67
1983-07-21,101.0,Unhealthy for Sensitive Groups,Ozone,94.0,73.0,0.0,7.0,65
1983-07-22,154.0,Unhealthy,Ozone,93.0,76.0,0.0,7.0,66
1983-07-23,126.0,Unhealthy for Sensitive Groups,Ozone,95.0,77.0,0.0,9.0,61
1983-07-24,43.0,Good,Ozone,96.0,77.0,0.0,11.0,58
1983-07-25,49.0,Good,Ozone,98.0,78.0,0.0,11.0,58
1983-07-26,44.0,Good,Ozone,98.0,79.0,0.0,10.0,56
1983-07-27,43.0,Good,Ozone,98.0,78.0,0.0,11.0,52
1983-07-28,42.0,Good,Ozone,98.0,77.0,0.0,11.0,56
1983-07-29,100.0,Moderate,Ozone,95.0,79.0,0.0,10.0,57
1983-07-30,177.0,Unhealthy,Ozone,94.0,80.0,0.03,8.0,64
1983-07-31,174.0,Unhealthy,Ozone,95.0,78.0,0.0,8.0,61
1983-08-01,182.0,Unhealthy,Ozone,96.0,78.0,0.0,9.0,55
1983-08-02,133.0,Unhealthy for Sensitive Groups,Ozone,95.0,77.0,0.0,11.0,54
1983-08-03,42.0,Good,Ozone,90.0,74.0,0.05,13.0,63
1983-08-04,90.0,Moderate,Ozone,89.0,75.0,0.04,12.0,69
1983-08-05,140.0,Unhealthy for Sensitive Groups,Ozone,93.0,75.0,0.01,6.0,66
1983-08-06,216.0,Very Unhealthy,Ozone,96.0,78.0,0.01,5.0,58
1983-08-07,51.0,Moderate,Ozone,93.0,80.0,0.1,9.0,64
1983-08-08,101.0,Unhealthy for Sensitive Groups,Ozone,88.0,73.0,0.67,5.0,80
1983-08-09,133.0,Unhealthy for Sensitive Groups,Ozone,90.0,74.0,0.2,6.0,77
1983-08-10,156.0,Unhealthy,Ozone,91.0,76.0,0.02,8.0,73
1983-08-11,115.0,Unhealthy for Sensitive Groups,Ozone,92.0,77.0,0.0,11.0,72
1983-08-12,136.0,Unhealthy for Sensitive Groups,Ozone,97.0,77.0,0.06,11.0,65
1983-08-13,154.0,Unhealthy,Ozone,97.0,78.0,0.0,8.0,63
1983-08-14,115.0,Unhealthy for Sensitive Groups,Ozone,96.0,80.0,0.01,7.0,59
1983-08-15,136.0,Unhealthy for Sensitive Groups,Ozone,99.0,80.0,0.0,7.0,55
1983-08-16,122.0,Unhealthy for Sensitive Groups,Ozone,97.0,80.0,0.0,8.0,58
1983-08-17,84.0,Moderate,Ozone,96.0,79.0,0.0,10.0,54
1983-08-18,28.0,Good,Ozone,94.0,76.0,0.08,24.0,64
1983-08-19,32.0,Good,Ozone,84.0,74.0,2.02,30.0,84
1983-08-20,32.0,Good,Ozone,90.0,76.0,0.0,15.0,74
1983-08-21,34.0,Good,Ozone,92.0,75.0,0.0,10.0,72
1983-08-22,51.0,Moderate,Ozone,93.0,75.0,0.0,8.0,70
1983-08-23,101.0,Unhealthy for Sensitive Groups,Ozone,92.0,75.0,0.0,8.0,71
1983-08-24,112.0,Unhealthy for Sensitive Groups,Ozone,93.0,76.0,0.0,8.0,69
1983-08-25,164.0,Unhealthy,Ozone,93.0,77.0,0.02,6.0,70
1983-08-26,190.0,Unhealthy,Ozone,92.0,77.0,0.0,5.0,70
1983-08-27,226.0,Very Unhealthy,Ozone,95.0,78.0,0.0,7.0,67
1983-08-28,93.0,Moderate,Ozone,92.0,78.0,0.0,7.0,70
1983-08-29,115.0,Unhealthy for Sensitive Groups,Ozone,94.0,78.0,0.0,8.0,63
1983-08-30,177.0,Unhealthy,Ozone,97.0,78.0,0.0,8.0,58
1983-08-31,203.0,Very Unhealthy,Ozone,98.0,80.0,0.0,11.0,54
1983-09-01,119.0,Unhealthy for Sensitive Groups,Ozone,91.0,75.0,0.37,11.0,68
1983-09-02,177.0,Unhealthy,Ozone,90.0,74.0,0.0,8.0,56
1983-09-03,218.0,Very Unhealthy,Ozone,92.0,74.0,0.0,8.0,56
1983-09-04,201.0,Very Unhealthy,Ozone,93.0,75.0,0.0,12.0,58
1983-09-05,67.0,Moderate,Ozone,94.0,75.0,0.0,16.0,60
1983-09-06,44.0,Good,Ozone,95.0,76.0,0.0,13.0,61
1983-09-07,44.0,Good,Ozone,93.0,78.0,0.0,14.0,68
1983-09-08,39.0,Good,Ozone,90.0,76.0,0.01,12.0,67
1983-09-09,44.0,Good,Ozone,89.0,75.0,0.01,13.0,72
1983-09-10,46.0,Good,Ozone,91.0,75.0,0.0,13.0,67
1983-09-11,77.0,Moderate,Ozone,90.0,73.0,0.01,7.0,70
1983-09-12,133.0,Unhealthy for Sensitive Groups,Ozone,92.0,75.0,0.0,10.0,61
1983-09-13,90.0,Moderate,Ozone,90.0,74.0,0.01,11.0,64
1983-09-14,154.0,Unhealthy,Ozone,88.0,71.0,0.0,11.0,51
1983-09-15,174.0,Unhealthy,Ozone,91.0,71.0,0.0,14.0,49
1983-09-16,93.0,Moderate,Ozone,92.0,74.0,0.04,13.0,64
1983-09-17,49.0,Good,Ozone,93.0,75.0,0.0,12.0,60
1983-09-18,29.0,Good,Ozone,91.0,76.0,0.04,14.0,69
1983-09-19,35.0,Good,CO,78.0,74.0,0.52,15.0,90
1983-09-20,23.0,Good,Ozone,85.0,61.0,0.04,22.0,73
1983-09-21,47.0,Good,NO2,67.0,53.0,0.0,15.0,44
1983-09-22,61.0,Moderate,Ozone,74.0,50.0,0.0,10.0,54
1983-09-23,84.0,Moderate,Ozone,79.0,54.0,0.0,9.0,52
1983-09-24,105.0,Unhealthy for Sensitive Groups,Ozone,82.0,58.0,0.0,14.0,49
1983-09-25,101.0,Unhealthy for Sensitive Groups,Ozone,85.0,63.0,0.0,10.0,54
1983-09-26,84.0,Moderate,Ozone,85.0,69.0,0.02,7.0,62
1983-09-27,67.0,Moderate,Ozone,87.0,67.0,0.0,8.0,58
1983-09-28,44.0,Good,Ozone,86.0,68.0,0.0,10.0,62
1983-09-29,140.0,Unhealthy for Sensitive Groups,Ozone,84.0,69.0,0.0,9.0,56
1983-09-30,140.0,Unhealthy for Sensitive Groups,Ozone,83.0,64.0,0.0,9.0,49
1983-10-01,187.0,Unhealthy,Ozone,86.0,63.0,0.0,10.0,50
1983-10-02,71.0,Moderate,Ozone,87.0,68.0,0.0,15.0,53
1983-10-03,44.0,Good,Ozone,87.0,71.0,0.0,17.0,61
1983-10-04,47.0,Good,NO2,96.0,74.0,0.04,16.0,49
1983-10-05,58.0,Moderate,CO,87.0,64.0,0.0,11.0,42
1983-10-06,47.0,Good,NO2,86.0,65.0,0.01,14.0,36
1983-10-07,45.0,Good,CO,80.0,66.0,0.08,14.0,54
1983-10-08,67.0,Moderate,Ozone,75.0,68.0,1.49,11.0,77
1983-10-09,57.0,Moderate,NO2,77.0,66.0,0.02,8.0,68
1983-10-10,154.0,Unhealthy,Ozone,78.0,61.0,0.0,6.0,70
1983-10-11,105.0,Unhealthy for Sensitive Groups,Ozone,82.0,64.0,0.59,14.0,73
1983-10-12,34.0,Good,Ozone,66.0,57.0,0.0,18.0,55
1983-10-13,40.0,Good,Ozone,71.0,49.0,0.0,12.0,59
1983-10-14,74.0,Moderate,Ozone,76.0,56.0,0.0,19.0,58
1983-10-15,67.0,Moderate,Ozone,78.0,57.0,0.0,14.0,63
1983-10-16,43.0,Good,Ozone,81.0,65.0,0.0,10.0,75
1983-10-17,57.0,Moderate,NO2,80.0,69.0,0.07,9.0,86
1983-10-18,35.0,Good,Ozone,83.0,68.0,0.02,10.0,82
1983-10-19,32.0,Good,Ozone,82.0,70.0,0.39,15.0,81
1983-10-20,25.0,Good,CO,81.0,68.0,0.16,15.0,82
1983-10-21,20.0,Good,CO,67.0,58.0,0.0,12.0,70
1983-10-22,32.0,Good,Ozone,67.0,57.0,0.0,14.0,68
1983-10-23,57.0,Moderate,NO2,69.0,53.0,0.0,7.0,74
1983-10-24,74.0,Moderate,Ozone,73.0,50.0,0.0,7.0,79
1983-10-25,38.0,Good,NO2,67.0,54.0,0.0,14.0,71
1983-10-26,89.0,Moderate,NO2,66.0,47.0,0.0,7.0,71
1983-10-27,81.0,Moderate,CO,71.0,46.0,0.0,8.0,71
1983-10-28,143.0,Unhealthy for Sensitive Groups,Ozone,74.0,51.0,0.0,10.0,58
1983-10-29,57.0,Moderate,NO2,76.0,56.0,0.0,8.0,71
1983-10-30,57.0,Moderate,NO2,75.0,58.0,0.0,6.0,73
1983-10-31,71.0,Moderate,Ozone,76.0,57.0,0.0,10.0,70
1983-11-01,38.0,Good,NO2,78.0,65.0,0.01,12.0,76
1983-11-02,38.0,Good,NO2,78.0,67.0,0.01,11.0,80
1983-11-03,38.0,Good,NO2,78.0,67.0,0.0,12.0,78
1983-11-04,28.0,Good,NO2,78.0,67.0,0.13,10.0,78
1983-11-05,19.0,Good,NO2,67.0,60.0,0.05,12.0,80
1983-11-06,19.0,Good,NO2,70.0,59.0,0.61,9.0,90
1983-11-07,47.0,Good,CO,64.0,58.0,0.01,8.0,80
1983-11-08,30.0,Good,CO,69.0,58.0,0.0,14.0,77
1983-11-09,23.0,Good,Ozone,67.0,49.0,0.07,23.0,67
1983-11-10,28.0,Good,CO,55.0,43.0,0.0,15.0,49
1983-11-11,68.0,Moderate,NO2,56.0,38.0,0.0,8.0,60
1983-11-12,68.0,Moderate,NO2,69.0,46.0,0.0,17.0,56
1983-11-13,28.0,Good,NO2,66.0,46.0,0.0,8.0,84
1983-11-14,53.0,Moderate,CO,80.0,56.0,0.0,16.0,67
1983-11-15,38.0,Good,NO2,65.0,48.0,0.0,13.0,54
1983-11-16,67.0,Moderate,CO,67.0,44.0,0.0,12.0,58
1983-11-17,54.0,Moderate,Ozone,73.0,51.0,0.0,21.0,56
1983-11-18,39.0,Good,Ozone,80.0,62.0,0.0,23.0,74
1983-11-19,30.0,Good,Ozone,71.0,53.0,1.14,21.0,66
1983-11-20,35.0,Good,Ozone,67.0,46.0,0.0,17.0,48
1983-11-21,40.0,Good,Ozone,74.0,54.0,0.0,19.0,60
1983-11-22,24.0,Good,Ozone,76.0,69.0,0.39,19.0,88
1983-11-23,28.0,Good,NO2,68.0,46.0,0.38,24.0,63
1983-11-24,38.0,Good,NO2,55.0,38.0,0.0,8.0,66
1983-11-25,40.0,Good,Ozone,65.0,43.0,0.0,19.0,59
1983-11-26,30.0,Good,Ozone,67.0,55.0,0.8,19.0,80
1983-11-27,28.0,Good,NO2,54.0,41.0,0.24,19.0,61
1983-11-28,38.0,Good,NO2,49.0,35.0,0.0,18.0,41
1983-11-29,57.0,Moderate,NO2,58.0,34.0,0.0,14.0,62
1983-11-30,47.0,Good,NO2,61.0,45.0,0.02,13.0,77
1983-12-01,54.0,Moderate,CO,55.0,41.0,0.0,10.0,71
1983-12-02,74.0,Moderate,CO,60.0,53.0,0.29,9.0,96
1983-12-03,33.0,Good,CO,66.0,47.0,0.35,15.0,83
1983-12-04,34.0,Good,Ozone,67.0,40.0,0.0,17.0,76
1983-12-05,29.0,Good,Ozone,69.0,44.0,0.0,17.0,75
1983-12-06,47.0,Good,NO2,47.0,34.0,0.0,14.0,60
1983-12-07,47.0,Good,NO2,61.0,36.0,0.0,18.0,57
1983-12-08,42.0,Good,Ozone,64.0,37.0,0.0,14.0,71
1983-12-09,39.0,Good,CO,70.0,55.0,0.03,14.0,86
1983-12-10,38.0,Good,NO2,65.0,58.0,0.41,11.0,92
1983-12-11,32.0,Good,Ozone,64.0,48.0,0.0,17.0,51
1983-12-12,41.0,Good,CO,57.0,38.0,0.0,13.0,70
1983-12-13,28.0,Good,NO2,58.0,43.0,0.0,21.0,74
1983-12-14,38.0,Good,NO2,55.0,37.0,0.0,18.0,63
1983-12-15,28.0,Good,NO2,49.0,35.0,0.03,12.0,66
1983-12-16,47.0,Good,NO2,38.0,32.0,0.63,14.0,86
1983-12-17,57.0,Moderate,NO2,39.0,29.0,0.0,9.0,87
1983-12-18,28.0,Good,Ozone,36.0,26.0,0.0,16.0,81
1983-12-19,28.0,Good,CO,30.0,22.0,0.0,10.0,72
1983-12-20,50.0,Good,CO,34.0,24.0,0.02,9.0,79
1983-12-21,28.0,Good,Ozone,35.0,27.0,0.1,14.0,90
1983-12-22,28.0,Good,Ozone,25.0,13.0,0.0,16.0,57
1983-12-23,32.0,Good,Ozone,29.0,17.0,0.0,14.0,62
1983-12-24,33.0,Good,Ozone,22.0,11.0,0.0,20.0,39
1983-12-25,35.0,Good,Ozone,17.0,8.0,0.04,10.0,41
1983-12-26,29.0,Good,Ozone,33.0,16.0,0.0,16.0,49
1983-12-27,43.0,Good,CO,41.0,27.0,0.02,11.0,85
1983-12-28,21.0,Good,Ozone,33.0,23.0,0.0,19.0,75
1983-12-29,28.0,Good,CO,29.0,13.0,0.0,16.0,47
1983-12-30,53.0,Moderate,CO,35.0,14.0,0.0,11.0,48
1983-12-31,39.0,Good,Ozone,47.0,24.0,0.0,16.0,50
1984-01-01,47.0,Good,NO2,55.0,36.0,0.02,13.0,86
1984-01-02,47.0,Good,NO2,49.0,33.0,0.0,8.0,76
1984-01-03,68.0,Moderate,NO2,54.0,28.0,0.0,9.0,76
1984-01-04,38.0,Good,NO2,65.0,42.0,0.0,14.0,77
1984-01-05,89.0,Moderate,NO2,66.0,35.0,0.0,8.0,72
1984-01-06,38.0,Good,NO2,62.0,43.0,0.0,12.0,66
1984-01-07,68.0,Moderate,NO2,62.0,35.0,0.0,7.0,64
1984-01-08,58.0,Moderate,Ozone,65.0,36.0,0.0,10.0,61
1984-01-09,34.0,Good,CO,53.0,44.0,1.76,21.0,93
1984-01-10,24.0,Good,Ozone,43.0,32.0,0.03,22.0,59
1984-01-11,51.0,Moderate,CO,44.0,24.0,0.0,13.0,63
1984-01-12,23.0,Good,Ozone,52.0,33.0,0.0,16.0,63
1984-01-13,31.0,Good,CO,39.0,27.0,0.0,10.0,70
1984-01-14,19.0,Good,CO,37.0,30.0,0.03,12.0,70
1984-01-15,19.0,Good,NO2,36.0,31.0,0.0,7.0,79
1984-01-16,68.0,Moderate,NO2,42.0,30.0,0.0,5.0,77
1984-01-17,68.0,Moderate,NO2,40.0,26.0,0.05,9.0,80
1984-01-18,28.0,Good,CO,35.0,23.0,0.0,14.0,67
1984-01-19,51.0,Moderate,CO,29.0,17.0,0.0,7.0,59
1984-01-20,41.0,Good,CO,32.0,23.0,0.0,10.0,48
1984-01-21,47.0,Good,NO2,38.0,19.0,0.0,9.0,60
1984-01-22,28.0,Good,NO2,41.0,27.0,0.09,13.0,74
1984-01-23,55.0,Moderate,CO,49.0,34.0,0.08,10.0,94
1984-01-24,103.0,Unhealthy for Sensitive Groups,NO2,44.0,31.0,0.0,4.0,96
1984-01-25,100.0,Moderate,NO2,55.0,30.0,0.0,8.0,80
1984-01-26,79.0,Moderate,NO2,62.0,33.0,0.0,10.0,76
1984-01-27,68.0,Moderate,NO2,52.0,36.0,0.0,13.0,81
1984-01-28,57.0,Moderate,NO2,63.0,33.0,0.0,9.0,72
1984-01-29,57.0,Moderate,NO2,70.0,34.0,0.0,11.0,70
1984-01-30,38.0,Good,NO2,53.0,40.0,0.0,17.0,46
1984-01-31,57.0,Moderate,NO2,58.0,30.0,0.0,9.0,59
1984-02-01,51.0,Moderate,CO,65.0,35.0,0.0,14.0,60
1984-02-02,28.0,Good,NO2,65.0,48.0,0.0,21.0,71
1984-02-03,79.0,Moderate,NO2,63.0,36.0,0.0,11.0,57
1984-02-04,57.0,Moderate,NO2,58.0,38.0,0.0,15.0,55
1984-02-05,35.0,Good,Ozone,56.0,36.0,0.0,22.0,43
1984-02-06,38.0,Good,NO2,51.0,28.0,0.0,10.0,40
1984-02-07,43.0,Good,Ozone,64.0,36.0,0.0,12.0,45
1984-02-08,47.0,Good,NO2,60.0,38.0,0.19,14.0,72
1984-02-09,47.0,Good,NO2,70.0,52.0,0.11,14.0,80
1984-02-10,33.0,Good,Ozone,75.0,48.0,0.0,18.0,79
1984-02-11,47.0,Good,NO2,68.0,60.0,0.54,20.0,90
1984-02-12,79.0,Moderate,NO2,63.0,47.0,0.07,12.0,67
1984-02-13,100.0,Moderate,NO2,66.0,40.0,0.0,7.0,62
1984-02-14,54.0,Moderate,Ozone,74.0,44.0,0.0,18.0,61
1984-02-15,43.0,Good,Ozone,74.0,54.0,0.11,19.0,62
1984-02-16,103.0,Unhealthy for Sensitive Groups,NO2,65.0,46.0,0.0,13.0,51
1984-02-17,110.0,Unhealthy for Sensitive Groups,NO2,72.0,41.0,0.0,20.0,61
1984-02-18,35.0,Good,Ozone,67.0,50.0,0.2,24.0,55
1984-02-19,29.0,Good,Ozone,54.0,41.0,0.0,14.0,52
1984-02-20,28.0,Good,NO2,51.0,41.0,0.0,11.0,63
1984-02-21,57.0,Moderate,NO2,59.0,34.0,0.0,6.0,57
1984-02-22,100.0,Moderate,NO2,69.0,35.0,0.0,11.0,48
1984-02-23,44.0,Good,Ozone,74.0,47.0,0.0,15.0,41
1984-02-24,57.0,Moderate,NO2,62.0,40.0,0.0,11.0,49
1984-02-25,126.0,Unhealthy for Sensitive Groups,Ozone,71.0,43.0,0.0,23.0,45
1984-02-26,61.0,Moderate,Ozone,71.0,40.0,0.86,21.0,69
1984-02-27,35.0,Good,Ozone,49.0,39.0,0.09,28.0,62
1984-02-28,39.0,Good,Ozone,47.0,34.0,0.0,21.0,43
1984-02-29,57.0,Moderate,NO2,50.0,28.0,0.0,8.0,53
1984-03-01,54.0,Moderate,Ozone,65.0,36.0,0.0,16.0,54
1984-03-02,47.0,Good,NO2,67.0,51.0,0.0,14.0,80
1984-03-03,44.0,Good,Ozone,72.0,53.0,0.27,19.0,81
1984-03-04,26.0,Good,Ozone,63.0,51.0,0.56,17.0,87
1984-03-05,28.0,Good,Ozone,51.0,41.0,0.02,19.0,53
1984-03-06,47.0,Good,NO2,55.0,38.0,0.0,12.0,45
1984-03-07,57.0,Moderate,NO2,66.0,40.0,0.0,13.0,44
1984-03-08,38.0,Good,NO2,57.0,43.0,0.0,15.0,46
1984-03-09,47.0,Good,NO2,63.0,38.0,0.02,11.0,50
1984-03-10,38.0,Good,NO2,57.0,48.0,0.21,9.0,81
1984-03-11,38.0,Good,NO2,58.0,45.0,0.39,14.0,84
1984-03-12,31.0,Good,Ozone,69.0,51.0,1.08,15.0,81
1984-03-13,47.0,Good,NO2,71.0,48.0,0.0,10.0,84
1984-03-14,38.0,Good,Ozone,77.0,59.0,0.0,17.0,79
1984-03-15,23.0,Good,Ozone,78.0,65.0,0.03,19.0,84
1984-03-16,48.0,Good,CO,74.0,62.0,0.9,11.0,92
1984-03-17,19.0,Good,NO2,69.0,62.0,0.13,16.0,88
1984-03-18,37.0,Good,Ozone,75.0,64.0,0.51,20.0,84
1984-03-19,44.0,Good,Ozone,63.0,42.0,0.0,21.0,53
1984-03-20,40.0,Good,Ozone,67.0,40.0,0.0,15.0,53
1984-03-21,71.0,Moderate,Ozone,71.0,41.0,0.0,9.0,60
1984-03-22,105.0,Unhealthy for Sensitive Groups,Ozone,74.0,52.0,0.01,20.0,66
1984-03-23,48.0,Good,Ozone,69.0,52.0,1.41,17.0,85
1984-03-24,46.0,Good,Ozone,62.0,44.0,0.0,16.0,59
1984-03-25,101.0,Unhealthy for Sensitive Groups,Ozone,71.0,45.0,0.0,13.0,70
1984-03-26,90.0,Moderate,Ozone,79.0,59.0,0.0,19.0,56
1984-03-27,42.0,Good,Ozone,75.0,58.0,0.11,11.0,77
1984-03-28,42.0,Good,Ozone,62.0,48.0,0.0,27.0,55
1984-03-29,57.0,Moderate,NO2,60.0,44.0,0.0,16.0,52
1984-03-30,54.0,Moderate,Ozone,61.0,44.0,0.0,9.0,64
1984-03-31,38.0,Good,NO2,60.0,47.0,0.13,10.0,80
1984-04-01,84.0,Moderate,Ozone,68.0,47.0,0.0,13.0,77
1984-04-02,71.0,Moderate,Ozone,75.0,55.0,0.56,16.0,70
1984-04-03,47.0,Good,NO2,68.0,48.0,0.0,18.0,44
1984-04-04,43.0,Good,Ozone,60.0,46.0,0.0,19.0,51
1984-04-05,58.0,Moderate,Ozone,66.0,41.0,0.0,7.0,59
1984-04-06,108.0,Unhealthy for Sensitive Groups,Ozone,75.0,47.0,0.0,16.0,55
1984-04-07,61.0,Moderate,Ozone,69.0,58.0,0.94,24.0,78
1984-04-08,67.0,Moderate,Ozone,71.0,56.0,0.0,19.0,73
1984-04-09,90.0,Moderate,Ozone,75.0,47.0,0.0,12.0,70
1984-04-10,54.0,Moderate,Ozone,76.0,58.0,0.18,18.0,62
1984-04-11,101.0,Unhealthy for Sensitive Groups,Ozone,76.0,57.0,0.0,14.0,76
1984-04-12,54.0,Moderate,Ozone,72.0,55.0,0.0,18.0,57
1984-04-13,101.0,Unhealthy for Sensitive Groups,Ozone,81.0,49.0,0.0,16.0,52
1984-04-14,49.0,Good,Ozone,70.0,56.0,0.0,20.0,40
1984-04-15,46.0,Good,Ozone,65.0,51.0,0.0,21.0,53
1984-04-16,47.0,Good,NO2,65.0,49.0,0.0,21.0,51
1984-04-17,79.0,Moderate,NO2,76.0,48.0,0.0,9.0,46
1984-04-18,57.0,Moderate,NO2,80.0,52.0,0.0,10.0,54
1984-04-19,38.0,Good,NO2,73.0,56.0,0.0,14.0,77
1984-04-20,61.0,Moderate,Ozone,91.0,59.0,0.29,23.0,70
1984-04-21,74.0,Moderate,Ozone,77.0,62.0,0.0,16.0,59
1984-04-22,54.0,Moderate,Ozone,72.0,53.0,0.0,16.0,39
1984-04-23,100.0,Moderate,NO2,77.0,50.0,0.0,15.0,42
1984-04-24,136.0,Unhealthy for Sensitive Groups,Ozone,89.0,55.0,0.0,22.0,38
1984-04-25,67.0,Moderate,Ozone,87.0,65.0,0.0,25.0,49
1984-04-26,58.0,Moderate,Ozone,86.0,71.0,0.11,21.0,73
1984-04-27,115.0,Unhealthy for Sensitive Groups,Ozone,82.0,66.0,0.03,19.0,48
1984-04-28,51.0,Moderate,Ozone,80.0,63.0,0.05,14.0,62
1984-04-29,87.0,Moderate,Ozone,85.0,67.0,0.03,28.0,55
1984-04-30,58.0,Moderate,Ozone,74.0,52.0,0.0,14.0,47
1984-05-01,42.0,Good,Ozone,74.0,57.0,2.06,12.0,72
1984-05-02,49.0,Good,Ozone,84.0,63.0,0.56,21.0,80
1984-05-03,58.0,Moderate,Ozone,80.0,63.0,0.0,14.0,71
1984-05-04,115.0,Unhealthy for Sensitive Groups,Ozone,86.0,57.0,0.0,13.0,61
1984-05-05,115.0,Unhealthy for Sensitive Groups,Ozone,93.0,67.0,0.0,15.0,62
1984-05-06,90.0,Moderate,Ozone,91.0,73.0,0.0,20.0,70
1984-05-07,47.0,Good,Ozone,85.0,65.0,0.0,20.0,74
1984-05-08,57.0,Moderate,NO2,73.0,55.0,0.0,17.0,46
1984-05-09,101.0,Unhealthy for Sensitive Groups,Ozone,83.0,54.0,0.0,13.0,40
1984-05-10,119.0,Unhealthy for Sensitive Groups,Ozone,86.0,64.0,0.0,20.0,32
1984-05-11,100.0,Moderate,Ozone,90.0,63.0,0.0,18.0,50
1984-05-12,71.0,Moderate,Ozone,90.0,69.0,0.0,14.0,56
1984-05-13,84.0,Moderate,Ozone,90.0,71.0,0.0,12.0,57
1984-05-14,126.0,Unhealthy for Sensitive Groups,Ozone,91.0,69.0,0.0,11.0,52
1984-05-15,143.0,Unhealthy for Sensitive Groups,Ozone,89.0,68.0,0.0,14.0,56
1984-05-16,140.0,Unhealthy for Sensitive Groups,Ozone,86.0,71.0,0.0,14.0,52
1984-05-17,190.0,Unhealthy,Ozone,89.0,69.0,0.0,10.0,44
1984-05-18,48.0,Good,Ozone,85.0,67.0,0.13,13.0,61
1984-05-19,30.0,Good,Ozone,75.0,68.0,0.22,13.0,88
1984-05-20,42.0,Good,Ozone,77.0,66.0,0.3,14.0,83
1984-05-21,115.0,Unhealthy for Sensitive Groups,Ozone,84.0,64.0,0.04,11.0,79
1984-05-22,40.0,Good,Ozone,88.0,70.0,0.12,16.0,77
1984-05-23,44.0,Good,Ozone,84.0,69.0,0.3,12.0,79
1984-05-24,140.0,Unhealthy for Sensitive Groups,Ozone,89.0,70.0,0.0,11.0,70
1984-05-25,87.0,Moderate,Ozone,93.0,74.0,0.0,17.0,55
1984-05-26,51.0,Moderate,Ozone,91.0,74.0,0.0,15.0,61
1984-05-27,37.0,Good,Ozone,94.0,75.0,0.0,16.0,59
1984-05-28,43.0,Good,Ozone,83.0,66.0,0.71,17.0,68
1984-05-29,44.0,Good,Ozone,72.0,56.0,0.0,16.0,53
1984-05-30,100.0,Moderate,Ozone,76.0,54.0,0.0,6.0,55
1984-05-31,136.0,Unhealthy for Sensitive Groups,Ozone,84.0,59.0,0.0,12.0,47
1984-06-01,136.0,Unhealthy for Sensitive Groups,Ozone,86.0,64.0,0.0,15.0,45
1984-06-02,90.0,Moderate,Ozone,88.0,65.0,0.0,14.0,53
1984-06-03,61.0,Moderate,Ozone,88.0,69.0,0.0,13.0,52
1984-06-04,43.0,Good,Ozone,88.0,69.0,0.02,15.0,57
1984-06-05,38.0,Good,Ozone,86.0,72.0,0.26,20.0,77
1984-06-06,44.0,Good,Ozone,86.0,72.0,0.02,17.0,77
1984-06-07,29.0,Good,Ozone,91.0,76.0,0.01,23.0,70
1984-06-08,40.0,Good,Ozone,91.0,77.0,0.02,21.0,70
1984-06-09,38.0,Good,Ozone,87.0,73.0,0.0,18.0,69
1984-06-10,40.0,Good,Ozone,88.0,74.0,0.0,18.0,62
1984-06-11,39.0,Good,Ozone,88.0,72.0,0.03,11.0,69
1984-06-12,35.0,Good,Ozone,90.0,74.0,0.02,15.0,66
1984-06-13,44.0,Good,Ozone,90.0,73.0,0.01,11.0,67
1984-06-14,93.0,Moderate,Ozone,91.0,74.0,0.0,8.0,61
1984-06-15,122.0,Unhealthy for Sensitive Groups,Ozone,93.0,75.0,0.0,8.0,58
1984-06-16,108.0,Unhealthy for Sensitive Groups,Ozone,93.0,76.0,0.0,10.0,55
1984-06-17,44.0,Good,Ozone,92.0,77.0,0.0,12.0,54
1984-06-18,48.0,Good,Ozone,93.0,77.0,0.0,11.0,54
1984-06-19,105.0,Unhealthy for Sensitive Groups,Ozone,93.0,77.0,0.0,8.0,51
1984-06-20,40.0,Good,Ozone,95.0,78.0,0.0,11.0,49
1984-06-21,37.0,Good,Ozone,97.0,79.0,0.0,10.0,46
1984-06-22,93.0,Moderate,Ozone,97.0,80.0,0.0,10.0,46
1984-06-23,119.0,Unhealthy for Sensitive Groups,Ozone,99.0,80.0,0.0,10.0,48
1984-06-24,119.0,Unhealthy for Sensitive Groups,Ozone,94.0,77.0,0.04,11.0,60
1984-06-25,214.0,Very Unhealthy,Ozone,96.0,76.0,0.0,8.0,50
1984-06-26,77.0,Moderate,Ozone,98.0,80.0,0.26,13.0,62
1984-06-27,219.0,Very Unhealthy,Ozone,92.0,76.0,0.02,8.0,74
1984-06-28,174.0,Unhealthy,Ozone,94.0,78.0,0.04,7.0,68
1984-06-29,67.0,Moderate,Ozone,92.0,77.0,0.24,10.0,67
1984-06-30,140.0,Unhealthy for Sensitive Groups,Ozone,90.0,74.0,0.0,10.0,69
1984-07-01,119.0,Unhealthy for Sensitive Groups,Ozone,91.0,72.0,0.0,9.0,59
1984-07-02,177.0,Unhealthy,Ozone,92.0,73.0,0.0,10.0,63
1984-07-03,44.0,Good,Ozone,97.0,79.0,0.0,14.0,53
1984-07-04,46.0,Good,Ozone,98.0,79.0,0.0,13.0,48
1984-07-05,115.0,Unhealthy for Sensitive Groups,Ozone,92.0,74.0,0.43,12.0,62
1984-07-06,77.0,Moderate,Ozone,98.0,79.0,0.0,10.0,50
1984-07-07,108.0,Unhealthy for Sensitive Groups,Ozone,99.0,79.0,0.02,10.0,47
1984-07-08,61.0,Moderate,Ozone,99.0,80.0,0.0,11.0,47
1984-07-09,49.0,Good,Ozone,97.0,80.0,0.0,13.0,48
1984-07-10,43.0,Good,Ozone,98.0,80.0,0.0,13.0,50
1984-07-11,47.0,Good,Ozone,97.0,81.0,0.02,13.0,48
1984-07-12,68.0,Moderate,NO2,97.0,79.0,0.11,10.0,60
1984-07-13,93.0,Moderate,Ozone,97.0,78.0,0.03,10.0,58
1984-07-14,54.0,Moderate,Ozone,97.0,81.0,0.0,11.0,44
1984-07-15,74.0,Moderate,Ozone,97.0,80.0,0.0,11.0,46
1984-07-16,150.0,Unhealthy for Sensitive Groups,Ozone,101.0,82.0,0.0,10.0,42
1984-07-17,119.0,Unhealthy for Sensitive Groups,Ozone,97.0,82.0,0.01,13.0,46
1984-07-18,74.0,Moderate,Ozone,96.0,79.0,0.0,12.0,44
1984-07-19,156.0,Unhealthy,Ozone,95.0,75.0,0.0,11.0,46
1984-07-20,177.0,Unhealthy,Ozone,97.0,74.0,0.0,12.0,43
1984-07-21,154.0,Unhealthy,Ozone,96.0,78.0,0.0,10.0,48
1984-07-22,156.0,Unhealthy,Ozone,94.0,78.0,0.0,10.0,44
1984-07-23,179.0,Unhealthy,Ozone,95.0,76.0,0.0,13.0,46
1984-07-24,119.0,Unhealthy for Sensitive Groups,Ozone,86.0,71.0,0.59,10.0,71
1984-07-25,156.0,Unhealthy,Ozone,91.0,74.0,0.01,8.0,65
1984-07-26,161.0,Unhealthy,Ozone,94.0,75.0,0.02,5.0,67
1984-07-27,156.0,Unhealthy,Ozone,91.0,76.0,0.17,8.0,68
1984-07-28,140.0,Unhealthy for Sensitive Groups,Ozone,88.0,74.0,0.08,11.0,75
1984-07-29,115.0,Unhealthy for Sensitive Groups,Ozone,89.0,73.0,0.0,14.0,54
1984-07-30,133.0,Unhealthy for Sensitive Groups,Ozone,89.0,69.0,0.0,12.0,49
1984-07-31,202.0,Very Unhealthy,Ozone,90.0,68.0,0.0,8.0,48
1984-08-01,203.0,Very Unhealthy,Ozone,91.0,69.0,0.0,9.0,48
1984-08-02,229.0,Very Unhealthy,Ozone,93.0,72.0,0.0,10.0,50
1984-08-03,226.0,Very Unhealthy,Ozone,94.0,74.0,0.01,10.0,60
1984-08-04,77.0,Moderate,Ozone,96.0,74.0,0.01,11.0,60
1984-08-05,43.0,Good,Ozone,95.0,78.0,0.0,12.0,55
1984-08-06,44.0,Good,Ozone,97.0,80.0,0.07,16.0,56
1984-08-07,43.0,Good,Ozone,96.0,78.0,0.01,13.0,58
1984-08-08,42.0,Good,Ozone,96.0,79.0,0.03,14.0,51
1984-08-09,37.0,Good,Ozone,97.0,78.0,0.01,12.0,52
1984-08-10,122.0,Unhealthy for Sensitive Groups,Ozone,96.0,80.0,0.0,9.0,52
1984-08-11,32.0,Good,Ozone,88.0,79.0,0.01,10.0,63
1984-08-12,77.0,Moderate,Ozone,89.0,71.0,0.11,11.0,65
1984-08-13,156.0,Unhealthy,Ozone,94.0,75.0,0.02,7.0,58
1984-08-14,156.0,Unhealthy,Ozone,93.0,74.0,0.03,9.0,60
1984-08-15,136.0,Unhealthy for Sensitive Groups,Ozone,93.0,74.0,0.0,6.0,60
1984-08-16,169.0,Unhealthy,Ozone,95.0,76.0,0.0,6.0,50
1984-08-17,105.0,Unhealthy for Sensitive Groups,Ozone,100.0,79.0,0.0,7.0,40
1984-08-18,100.0,Moderate,NO2,103.0,81.0,0.0,10.0,33
1984-08-19,150.0,Unhealthy for Sensitive Groups,Ozone,105.0,83.0,0.0,13.0,36
1984-08-20,195.0,Unhealthy,Ozone,101.0,80.0,0.0,6.0,48
1984-08-21,46.0,Good,Ozone,100.0,79.0,0.03,13.0,46
1984-08-22,90.0,Moderate,Ozone,99.0,82.0,0.0,12.0,48
1984-08-23,101.0,Unhealthy for Sensitive Groups,Ozone,99.0,82.0,0.03,12.0,54
1984-08-24,169.0,Unhealthy,Ozone,98.0,80.0,0.0,11.0,54
1984-08-25,161.0,Unhealthy,Ozone,95.0,78.0,0.0,11.0,43
1984-08-26,200.0,Unhealthy,Ozone,96.0,75.0,0.0,11.0,41
1984-08-27,108.0,Unhealthy for Sensitive Groups,Ozone,99.0,79.0,0.0,10.0,47
1984-08-28,71.0,Moderate,Ozone,100.0,83.0,0.06,13.0,47
1984-08-29,90.0,Moderate,Ozone,101.0,82.0,0.0,11.0,43
1984-08-30,156.0,Unhealthy,Ozone,100.0,81.0,0.08,9.0,47
1984-08-31,122.0,Unhealthy for Sensitive Groups,Ozone,98.0,76.0,0.0,9.0,56
1984-09-01,108.0,Unhealthy for Sensitive Groups,Ozone,94.0,77.0,0.01,14.0,54
1984-09-02,44.0,Good,Ozone,92.0,75.0,0.0,12.0,66
1984-09-03,58.0,Moderate,Ozone,86.0,73.0,0.44,11.0,69
1984-09-04,61.0,Moderate,Ozone,86.0,69.0,0.0,11.0,48
1984-09-05,154.0,Unhealthy,Ozone,89.0,66.0,0.0,5.0,51
1984-09-06,119.0,Unhealthy for Sensitive Groups,Ozone,94.0,69.0,0.0,12.0,44
1984-09-07,90.0,Moderate,Ozone,92.0,70.0,0.0,17.0,46
1984-09-08,37.0,Good,Ozone,96.0,76.0,0.0,20.0,60
1984-09-09,39.0,Good,Ozone,97.0,79.0,0.0,19.0,51
1984-09-10,38.0,Good,Ozone,98.0,78.0,0.0,15.0,50
1984-09-11,48.0,Good,Ozone,96.0,77.0,0.0,15.0,51
1984-09-12,33.0,Good,Ozone,96.0,76.0,0.0,13.0,51
1984-09-13,49.0,Good,Ozone,95.0,78.0,0.0,11.0,46
1984-09-14,182.0,Unhealthy,Ozone,95.0,78.0,0.0,7.0,44
1984-09-15,28.0,Good,CO,84.0,72.0,0.0,17.0,65
1984-09-16,58.0,Moderate,Ozone,81.0,65.0,0.0,12.0,41
1984-09-17,93.0,Moderate,Ozone,84.0,62.0,0.0,9.0,40
1984-09-18,105.0,Unhealthy for Sensitive Groups,Ozone,87.0,66.0,0.0,12.0,44
1984-09-19,126.0,Unhealthy for Sensitive Groups,Ozone,85.0,66.0,0.0,11.0,49
1984-09-20,140.0,Unhealthy for Sensitive Groups,Ozone,85.0,66.0,0.0,6.0,49
1984-09-21,48.0,Good,Ozone,82.0,69.0,0.28,13.0,69
1984-09-22,46.0,Good,Ozone,85.0,69.0,0.15,8.0,81
1984-09-23,58.0,Moderate,Ozone,89.0,72.0,0.0,12.0,73
1984-09-24,39.0,Good,Ozone,91.0,75.0,0.0,15.0,72
1984-09-25,26.0,Good,Ozone,87.0,62.0,0.42,18.0,78
1984-09-26,24.0,Good,CO,62.0,56.0,0.17,14.0,85
1984-09-27,25.0,Good,CO,71.0,58.0,0.0,8.0,73
1984-09-28,28.0,Good,NO2,67.0,58.0,0.02,14.0,71
1984-09-29,30.0,Good,Ozone,59.0,55.0,0.0,15.0,60
1984-09-30,57.0,Moderate,NO2,65.0,47.0,0.0,10.0,54
1984-10-01,77.0,Moderate,Ozone,70.0,49.0,0.0,9.0,53
1984-10-02,143.0,Unhealthy for Sensitive Groups,Ozone,76.0,54.0,0.0,11.0,52
1984-10-03,77.0,Moderate,Ozone,81.0,59.0,0.0,13.0,59
1984-10-04,48.0,Good,Ozone,77.0,64.0,0.07,17.0,69
1984-10-05,47.0,Good,NO2,84.0,67.0,0.75,18.0,78
1984-10-06,28.0,Good,NO2,84.0,70.0,0.91,16.0,86
1984-10-07,44.0,Good,Ozone,81.0,68.0,0.0,13.0,82
1984-10-08,74.0,Moderate,Ozone,83.0,63.0,0.0,7.0,78
1984-10-09,68.0,Moderate,NO2,79.0,63.0,0.11,10.0,85
1984-10-10,47.0,Good,NO2,77.0,66.0,0.0,8.0,79
1984-10-11,47.0,Good,NO2,74.0,63.0,0.17,7.0,89
1984-10-12,28.0,Good,NO2,79.0,67.0,0.81,12.0,90
1984-10-13,28.0,Good,NO2,78.0,68.0,0.36,14.0,89
1984-10-14,38.0,Good,NO2,73.0,66.0,0.57,12.0,90
1984-10-15,38.0,Good,NO2,77.0,64.0,0.01,10.0,77
1984-10-16,38.0,Good,NO2,81.0,63.0,0.39,20.0,74
1984-10-17,47.0,Good,NO2,71.0,52.0,0.0,11.0,53
1984-10-18,28.0,Good,NO2,82.0,69.0,0.11,18.0,84
1984-10-19,33.0,Good,Ozone,71.0,57.0,0.02,14.0,50
1984-10-20,28.0,Good,NO2,73.0,64.0,1.17,20.0,91
1984-10-21,19.0,Good,NO2,63.0,57.0,0.18,12.0,85
1984-10-22,25.0,Good,CO,62.0,52.0,0.14,13.0,76
1984-10-23,19.0,Good,NO2,58.0,54.0,0.04,13.0,77
1984-10-24,30.0,Good,CO,60.0,52.0,1.22,9.0,91
1984-10-25,20.0,Good,CO,67.0,58.0,0.95,7.0,93
1984-10-26,44.0,Good,CO,77.0,64.0,0.27,11.0,91
1984-10-27,31.0,Good,Ozone,74.0,67.0,0.16,16.0,86
1984-10-28,42.0,Good,Ozone,78.0,62.0,0.0,8.0,79
1984-10-29,57.0,Moderate,NO2,75.0,55.0,0.0,7.0,83
1984-10-30,47.0,Good,NO2,80.0,67.0,0.0,8.0,81
1984-10-31,28.0,Good,NO2,78.0,68.0,0.19,14.0,91
1984-11-01,19.0,Good,NO2,76.0,62.0,0.74,15.0,89
1984-11-02,28.0,Good,NO2,62.0,52.0,0.0,15.0,68
1984-11-03,28.0,Good,NO2,67.0,53.0,0.0,12.0,74
1984-11-04,38.0,Good,NO2,70.0,56.0,0.0,13.0,74
1984-11-05,73.0,Moderate,CO,68.0,49.0,0.0,9.0,51
1984-11-06,105.0,Unhealthy for Sensitive Groups,NO2,69.0,45.0,0.0,14.0,60
1984-11-07,43.0,Good,Ozone,73.0,58.0,0.0,23.0,65
1984-11-08,32.0,Good,Ozone,79.0,65.0,0.0,20.0,78
1984-11-09,47.0,Good,NO2,80.0,68.0,0.03,21.0,78
1984-11-10,29.0,Good,Ozone,66.0,50.0,0.0,20.0,45
1984-11-11,38.0,Good,NO2,61.0,46.0,0.0,7.0,59
1984-11-12,47.0,Good,NO2,64.0,43.0,0.0,8.0,66
1984-11-13,71.0,Moderate,Ozone,66.0,47.0,0.0,14.0,66
1984-11-14,39.0,Good,Ozone,73.0,57.0,0.0,22.0,72
1984-11-15,47.0,Good,NO2,74.0,58.0,0.02,15.0,71
1984-11-16,38.0,Good,NO2,60.0,50.0,0.0,14.0,47
1984-11-17,28.0,Good,NO2,59.0,51.0,0.41,12.0,69
1984-11-18,19.0,Good,NO2,61.0,48.0,0.44,14.0,86
1984-11-19,23.0,Good,CO,48.0,44.0,0.0,13.0,64
1984-11-20,100.0,Moderate,NO2,48.0,43.0,0.0,10.0,69
1984-11-21,47.0,Good,NO2,51.0,35.0,0.0,6.0,77
1984-11-22,62.0,Moderate,CO,51.0,33.0,0.0,7.0,73
1984-11-23,57.0,Moderate,NO2,55.0,34.0,0.0,7.0,75
1984-11-24,47.0,Good,NO2,56.0,37.0,0.1,13.0,74
1984-11-25,33.0,Good,Ozone,67.0,49.0,0.3,17.0,72
1984-11-26,64.0,Moderate,CO,62.0,53.0,0.4,10.0,92
1984-11-27,55.0,Moderate,CO,52.0,41.0,0.0,21.0,55
1984-11-28,68.0,Moderate,NO2,57.0,35.0,0.0,18.0,59
1984-11-29,47.0,Good,NO2,66.0,44.0,0.0,16.0,65
1984-11-30,57.0,Moderate,NO2,61.0,43.0,0.0,8.0,70
1984-12-01,47.0,Good,NO2,64.0,44.0,0.0,14.0,67
1984-12-02,33.0,Good,Ozone,60.0,44.0,0.0,15.0,70
1984-12-03,28.0,Good,CO,51.0,35.0,0.0,10.0,56
1984-12-04,28.0,Good,NO2,44.0,38.0,0.33,15.0,72
1984-12-05,28.0,Good,NO2,42.0,36.0,0.17,16.0,76
1984-12-06,41.0,Good,CO,44.0,33.0,0.0,15.0,62
1984-12-07,38.0,Good,NO2,56.0,32.0,0.0,13.0,65
1984-12-08,47.0,Good,NO2,63.0,42.0,0.0,13.0,70
1984-12-09,57.0,Moderate,NO2,72.0,52.0,0.0,14.0,78
1984-12-10,100.0,Moderate,NO2,66.0,44.0,0.0,6.0,77
1984-12-11,57.0,Moderate,NO2,70.0,49.0,0.0,20.0,82
1984-12-12,28.0,Good,NO2,69.0,61.0,0.11,16.0,84
1984-12-13,38.0,Good,NO2,71.0,57.0,0.57,18.0,85
1984-12-14,79.0,Moderate,NO2,68.0,54.0,0.62,12.0,98
1984-12-15,26.0,Good,Ozone,71.0,65.0,0.04,20.0,86
1984-12-16,38.0,Good,NO2,68.0,54.0,0.33,17.0,60
1984-12-17,28.0,Good,NO2,69.0,58.0,0.72,11.0,86
1984-12-18,38.0,Good,NO2,68.0,58.0,0.17,7.0,93
1984-12-19,51.0,Moderate,CO,67.0,61.0,0.14,12.0,94
1984-12-20,44.0,Good,CO,70.0,62.0,0.0,16.0,86
1984-12-21,38.0,Good,NO2,70.0,52.0,0.14,16.0,72
1984-12-22,38.0,Good,NO2,56.0,46.0,0.0,9.0,65
1984-12-23,47.0,Good,NO2,57.0,42.0,0.01,13.0,78
1984-12-24,19.0,Good,NO2,70.0,46.0,0.05,18.0,81
1984-12-25,19.0,Good,NO2,47.0,37.0,0.0,14.0,66
1984-12-26,35.0,Good,CO,59.0,46.0,0.0,10.0,80
1984-12-27,33.0,Good,CO,66.0,55.0,0.0,14.0,93
1984-12-28,19.0,Good,NO2,73.0,65.0,0.0,20.0,85
1984-12-29,19.0,Good,NO2,73.0,65.0,0.19,16.0,89
1984-12-30,19.0,Good,NO2,67.0,62.0,0.64,10.0,92
1984-12-31,9.0,Good,NO2,67.0,46.0,1.09,21.0,90
1985-01-01,25.0,Good,Ozone,46.0,34.0,0.06,15.0,68
1985-01-02,28.0,Good,Ozone,35.0,29.0,0.07,15.0,64
1985-01-03,38.0,Good,NO2,42.0,26.0,0.0,11.0,62
1985-01-04,38.0,Good,NO2,50.0,29.0,0.0,10.0,72
1985-01-05,68.0,Moderate,NO2,49.0,34.0,0.0,9.0,76
1985-01-06,68.0,Moderate,NO2,58.0,33.0,0.0,14.0,77
1985-01-07,79.0,Moderate,NO2,55.0,38.0,0.0,10.0,69
1985-01-08,103.0,Unhealthy for Sensitive Groups,NO2,54.0,35.0,0.0,8.0,75
1985-01-09,57.0,Moderate,NO2,59.0,42.0,0.06,16.0,82
1985-01-10,24.0,Good,CO,53.0,35.0,0.0,14.0,69
1985-01-11,28.0,Good,Ozone,38.0,30.0,0.0,16.0,69
1985-01-12,28.0,Good,NO2,30.0,24.0,0.0,14.0,46
1985-01-13,28.0,Good,NO2,33.0,27.0,0.0,9.0,61
1985-01-14,47.0,Good,NO2,51.0,31.0,0.0,9.0,69
1985-01-15,49.0,Good,CO,49.0,27.0,0.0,10.0,70
1985-01-16,38.0,Good,NO2,53.0,43.0,0.62,13.0,76
1985-01-17,38.0,Good,NO2,53.0,34.0,0.0,11.0,64
1985-01-18,47.0,Good,NO2,60.0,38.0,0.0,12.0,63
1985-01-19,47.0,Good,NO2,66.0,36.0,0.0,29.0,72
1985-01-20,28.0,Good,NO2,33.0,15.0,0.0,26.0,31
1985-01-21,47.0,Good,NO2,37.0,20.0,0.0,6.0,45
1985-01-22,57.0,Moderate,NO2,40.0,24.0,0.0,6.0,66
1985-01-23,89.0,Moderate,NO2,48.0,27.0,0.0,8.0,74
1985-01-24,68.0,Moderate,NO2,58.0,35.0,0.0,8.0,76
1985-01-25,105.0,Unhealthy for Sensitive Groups,NO2,58.0,39.0,0.06,13.0,68
1985-01-26,38.0,Good,NO2,45.0,27.0,0.01,10.0,50
1985-01-27,28.0,Good,NO2,60.0,40.0,0.56,18.0,89
1985-01-28,40.0,Good,CO,46.0,35.0,0.0,12.0,78
1985-01-29,28.0,Good,NO2,54.0,36.0,0.02,18.0,88
1985-01-30,24.0,Good,Ozone,66.0,43.0,0.0,17.0,82
1985-01-31,28.0,Good,Ozone,41.0,19.0,0.17,17.0,71
1985-02-01,42.0,Good,Ozone,21.0,14.0,0.14,15.0,70
1985-02-02,47.0,Good,NO2,21.0,9.0,0.0,9.0,81
1985-02-03,38.0,Good,NO2,30.0,10.0,0.0,9.0,78
1985-02-04,51.0,Moderate,CO,34.0,28.0,0.43,10.0,82
1985-02-05,38.0,Good,NO2,38.0,30.0,0.0,7.0,88
1985-02-06,38.0,Good,CO,41.0,29.0,0.0,7.0,82
1985-02-07,57.0,Moderate,NO2,43.0,29.0,0.0,7.0,69
1985-02-08,57.0,Moderate,NO2,51.0,30.0,0.0,14.0,66
1985-02-09,32.0,Good,Ozone,64.0,42.0,0.0,25.0,81
1985-02-10,37.0,Good,Ozone,63.0,39.0,0.16,15.0,84
1985-02-11,38.0,Good,NO2,46.0,28.0,0.0,20.0,53
1985-02-12,89.0,Moderate,NO2,56.0,27.0,0.0,8.0,63
1985-02-13,57.0,Moderate,NO2,61.0,37.0,0.0,12.0,60
1985-02-14,38.0,Good,NO2,53.0,39.0,0.0,15.0,48
1985-02-15,47.0,Good,NO2,50.0,32.0,0.0,18.0,59
1985-02-16,77.0,Moderate,Ozone,65.0,41.0,0.0,20.0,60
1985-02-17,46.0,Good,Ozone,61.0,47.0,0.01,12.0,88
1985-02-18,46.0,Good,Ozone,64.0,53.0,0.04,11.0,85
1985-02-19,68.0,Moderate,NO2,58.0,49.0,0.06,8.0,87
1985-02-20,154.0,Unhealthy,Ozone,68.0,50.0,0.18,18.0,84
1985-02-21,39.0,Good,Ozone,69.0,57.0,0.08,22.0,81
1985-02-22,23.0,Good,Ozone,73.0,64.0,0.76,18.0,90
1985-02-23,44.0,Good,Ozone,72.0,56.0,1.35,21.0,75
1985-02-24,38.0,Good,NO2,56.0,45.0,0.0,17.0,69
1985-02-25,48.0,Good,Ozone,64.0,41.0,0.0,10.0,74
1985-02-26,40.0,Good,Ozone,69.0,49.0,0.0,12.0,71
1985-02-27,47.0,Good,NO2,58.0,41.0,0.0,13.0,70
1985-02-28,38.0,Good,NO2,60.0,49.0,0.51,10.0,85
1985-03-01,57.0,Moderate,NO2,74.0,53.0,0.05,12.0,80
1985-03-02,28.0,Good,Ozone,72.0,52.0,0.0,13.0,86
1985-03-03,38.0,Good,Ozone,75.0,63.0,0.06,27.0,83
1985-03-04,47.0,Good,NO2,69.0,49.0,0.4,24.0,58
1985-03-05,47.0,Good,NO2,59.0,40.0,0.0,10.0,54
1985-03-06,46.0,Good,Ozone,62.0,43.0,0.0,13.0,58
1985-03-07,38.0,Good,Ozone,70.0,55.0,0.01,15.0,76
1985-03-08,38.0,Good,NO2,75.0,63.0,0.0,17.0,81
1985-03-09,39.0,Good,Ozone,74.0,63.0,0.03,7.0,84
1985-03-10,37.0,Good,Ozone,75.0,59.0,0.0,16.0,77
1985-03-11,39.0,Good,Ozone,84.0,65.0,0.0,20.0,75
1985-03-12,37.0,Good,Ozone,69.0,57.0,0.0,18.0,55
1985-03-13,26.0,Good,Ozone,74.0,54.0,0.57,16.0,85
1985-03-14,47.0,Good,NO2,62.0,49.0,0.75,16.0,70
1985-03-15,41.0,Good,Ozone,61.0,46.0,0.0,12.0,62
1985-03-16,38.0,Good,NO2,56.0,51.0,0.2,10.0,78
1985-03-17,57.0,Moderate,NO2,66.0,49.0,0.0,10.0,67
1985-03-18,100.0,Moderate,NO2,69.0,43.0,0.0,10.0,64
1985-03-19,49.0,Good,Ozone,67.0,51.0,0.07,16.0,72
1985-03-20,47.0,Good,NO2,69.0,55.0,1.63,17.0,76
1985-03-21,35.0,Good,Ozone,57.0,51.0,0.04,17.0,80
1985-03-22,49.0,Good,Ozone,67.0,47.0,0.01,12.0,70
1985-03-23,57.0,Moderate,NO2,68.0,52.0,0.0,13.0,71
1985-03-24,77.0,Moderate,Ozone,76.0,51.0,0.0,11.0,65
1985-03-25,108.0,Unhealthy for Sensitive Groups,Ozone,77.0,54.0,0.01,11.0,74
1985-03-26,44.0,Good,Ozone,74.0,56.0,0.46,20.0,75
1985-03-27,26.0,Good,Ozone,81.0,65.0,0.09,20.0,82
1985-03-28,37.0,Good,PM10,84.0,69.0,0.0,19.0,79
1985-03-29,28.0,Good,Ozone,75.0,71.0,0.32,19.0,87
1985-03-30,32.0,Good,Ozone,71.0,52.0,0.46,21.0,73
1985-03-31,49.0,Good,Ozone,65.0,44.0,0.0,15.0,47
1985-04-01,47.0,Good,NO2,69.0,46.0,0.01,15.0,60
1985-04-02,46.0,Good,Ozone,76.0,45.0,0.0,12.0,62
1985-04-03,67.0,Moderate,Ozone,80.0,55.0,0.0,18.0,54
1985-04-04,58.0,Moderate,Ozone,80.0,61.0,0.0,23.0,69
1985-04-05,57.0,Moderate,NO2,69.0,55.0,0.0,22.0,62
1985-04-06,119.0,Unhealthy for Sensitive Groups,Ozone,75.0,51.0,0.0,15.0,55
1985-04-07,61.0,Moderate,Ozone,69.0,53.0,0.0,18.0,55
1985-04-08,74.0,Moderate,Ozone,67.0,51.0,0.0,11.0,47
1985-04-09,122.0,Unhealthy for Sensitive Groups,Ozone,71.0,48.0,0.0,10.0,53
1985-04-10,54.0,Moderate,Ozone,71.0,55.0,0.0,16.0,63
1985-04-11,51.0,Moderate,Ozone,71.0,58.0,0.08,10.0,77
1985-04-12,51.0,Moderate,Ozone,74.0,58.0,0.01,10.0,84
1985-04-13,47.0,Good,NO2,73.0,58.0,0.92,9.0,87
1985-04-14,51.0,Moderate,Ozone,78.0,54.0,0.0,8.0,73
1985-04-15,115.0,Unhealthy for Sensitive Groups,Ozone,83.0,53.0,0.0,6.0,64
1985-04-16,100.0,Moderate,Ozone,78.0,55.0,0.0,10.0,63
1985-04-17,150.0,Unhealthy for Sensitive Groups,Ozone,82.0,58.0,0.0,11.0,65
1985-04-18,48.0,Good,Ozone,81.0,63.0,0.0,13.0,68
1985-04-19,35.0,Good,Ozone,76.0,63.0,0.0,21.0,72
1985-04-20,38.0,Good,Ozone,78.0,69.0,0.83,17.0,78
1985-04-21,38.0,Good,Ozone,80.0,68.0,0.39,17.0,87
1985-04-22,30.0,Good,Ozone,73.0,65.0,0.65,19.0,92
1985-04-23,48.0,Good,Ozone,81.0,65.0,0.0,14.0,72
1985-04-24,77.0,Moderate,Ozone,78.0,55.0,0.0,7.0,61
1985-04-25,105.0,Unhealthy for Sensitive Groups,Ozone,79.0,58.0,0.0,14.0,65
1985-04-26,43.0,Good,Ozone,76.0,65.0,0.3,15.0,81
1985-04-27,44.0,Good,Ozone,79.0,66.0,0.06,14.0,89
1985-04-28,40.0,Good,Ozone,79.0,67.0,0.0,16.0,84
1985-04-29,39.0,Good,Ozone,78.0,67.0,0.7,16.0,90
1985-04-30,67.0,Moderate,Ozone,83.0,67.0,0.63,15.0,77
1985-05-01,47.0,Good,NO2,75.0,63.0,0.0,17.0,68
1985-05-02,119.0,Unhealthy for Sensitive Groups,Ozone,78.0,63.0,0.0,18.0,63
1985-05-03,150.0,Unhealthy for Sensitive Groups,Ozone,77.0,58.0,0.0,7.0,68
1985-05-04,154.0,Unhealthy,Ozone,78.0,56.0,0.0,9.0,68
1985-05-05,154.0,Unhealthy,Ozone,81.0,62.0,0.0,14.0,66
1985-05-06,105.0,Unhealthy for Sensitive Groups,Ozone,82.0,61.0,0.0,13.0,65
1985-05-07,84.0,Moderate,Ozone,85.0,65.0,0.03,14.0,70
1985-05-08,74.0,Moderate,Ozone,80.0,66.0,0.03,10.0,79
1985-05-09,150.0,Unhealthy for Sensitive Groups,Ozone,81.0,63.0,0.0,8.0,66
1985-05-10,43.0,Good,Ozone,84.0,63.0,0.0,14.0,70
1985-05-11,30.0,Good,Ozone,80.0,70.0,0.57,18.0,80
1985-05-12,42.0,Good,Ozone,84.0,69.0,0.0,16.0,76
1985-05-13,30.0,Good,Ozone,78.0,71.0,1.27,23.0,88
1985-05-14,57.0,Moderate,NO2,76.0,59.0,0.01,15.0,61
1985-05-15,126.0,Unhealthy for Sensitive Groups,Ozone,83.0,57.0,0.0,7.0,67
1985-05-16,143.0,Unhealthy for Sensitive Groups,Ozone,84.0,62.0,0.0,7.0,71
1985-05-17,84.0,Moderate,Ozone,79.0,64.0,0.0,10.0,55
1985-05-18,58.0,Moderate,Ozone,75.0,64.0,0.01,8.0,65
1985-05-19,108.0,Unhealthy for Sensitive Groups,Ozone,79.0,57.0,0.0,9.0,68
1985-05-20,49.0,Good,Ozone,83.0,67.0,1.13,18.0,77
1985-05-21,57.0,Moderate,NO2,79.0,67.0,0.02,11.0,82
1985-05-22,71.0,Moderate,Ozone,79.0,63.0,0.0,8.0,76
1985-05-23,154.0,Unhealthy,Ozone,81.0,64.0,0.0,9.0,71
1985-05-24,226.0,Very Unhealthy,Ozone,84.0,61.0,0.0,6.0,67
1985-05-25,166.0,Unhealthy,Ozone,89.0,65.0,0.0,10.0,62
1985-05-26,182.0,Unhealthy,Ozone,89.0,69.0,0.0,16.0,58
1985-05-27,54.0,Moderate,Ozone,87.0,71.0,0.0,18.0,65
1985-05-28,46.0,Good,Ozone,90.0,72.0,0.0,17.0,70
1985-05-29,71.0,Moderate,Ozone,92.0,73.0,0.0,17.0,72
1985-05-30,80.0,Moderate,Ozone,99.0,74.0,0.0,18.0,63
1985-05-31,93.0,Moderate,Ozone,97.0,78.0,0.0,16.0,57
1985-06-01,89.0,Moderate,NO2,94.0,77.0,0.0,15.0,62
1985-06-02,46.0,Good,Ozone,92.0,74.0,0.0,15.0,60
1985-06-03,38.0,Good,Ozone,90.0,74.0,0.0,17.0,65
1985-06-04,49.0,Good,PM10,92.0,76.0,0.01,18.0,64
1985-06-05,38.0,Good,NO2,87.0,75.0,0.16,15.0,69
1985-06-06,67.0,Moderate,Ozone,84.0,72.0,0.92,11.0,83
1985-06-07,234.0,Very Unhealthy,Ozone,90.0,69.0,0.0,7.0,73
1985-06-08,174.0,Unhealthy,Ozone,95.0,72.0,0.0,8.0,67
1985-06-09,105.0,Unhealthy for Sensitive Groups,Ozone,94.0,76.0,0.0,8.0,63
1985-06-10,44.0,Good,Ozone,90.0,76.0,0.0,11.0,63
1985-06-11,57.0,Moderate,NO2,85.0,75.0,0.19,10.0,68
1985-06-12,79.0,Moderate,NO2,80.0,67.0,0.0,14.0,55
1985-06-13,108.0,Unhealthy for Sensitive Groups,Ozone,81.0,62.0,0.0,7.0,53
1985-06-14,182.0,Unhealthy,Ozone,88.0,64.0,0.0,11.0,56
1985-06-15,169.0,Unhealthy,Ozone,94.0,72.0,0.0,10.0,59
1985-06-16,154.0,Unhealthy,Ozone,96.0,75.0,0.0,11.0,59
1985-06-17,54.0,Moderate,Ozone,95.0,78.0,0.01,14.0,59
1985-06-18,58.0,Moderate,Ozone,82.0,74.0,0.55,13.0,75
1985-06-19,151.0,Unhealthy,Ozone,85.0,67.0,0.0,8.0,57
1985-06-20,101.0,Unhealthy for Sensitive Groups,Ozone,87.0,67.0,0.0,12.0,56
1985-06-21,39.0,Good,Ozone,87.0,72.0,0.03,17.0,74
1985-06-22,32.0,Good,Ozone,89.0,76.0,0.02,14.0,72
1985-06-23,35.0,Good,Ozone,91.0,74.0,0.05,12.0,72
1985-06-24,45.0,Good,PM10,90.0,75.0,0.0,12.0,66
1985-06-25,39.0,Good,Ozone,91.0,74.0,0.0,12.0,64
1985-06-26,38.0,Good,Ozone,92.0,74.0,0.0,11.0,60
1985-06-27,61.0,Moderate,Ozone,85.0,74.0,0.07,16.0,61
1985-06-28,115.0,Unhealthy for Sensitive Groups,Ozone,88.0,67.0,0.0,14.0,41
1985-06-29,217.0,Very Unhealthy,Ozone,89.0,67.0,0.0,6.0,47
1985-06-30,133.0,Unhealthy for Sensitive Groups,Ozone,96.0,71.0,0.0,11.0,39
1985-07-01,150.0,Unhealthy for Sensitive Groups,Ozone,97.0,74.0,0.0,13.0,36
1985-07-02,126.0,Unhealthy for Sensitive Groups,Ozone,94.0,75.0,0.07,11.0,52
1985-07-03,71.0,Moderate,Ozone,90.0,75.0,0.19,9.0,69
1985-07-04,44.0,Good,Ozone,89.0,71.0,0.0,14.0,70
1985-07-05,151.0,Unhealthy,Ozone,93.0,70.0,0.0,10.0,65
1985-07-06,154.0,Unhealthy,Ozone,92.0,74.0,0.0,12.0,47
1985-07-07,202.0,Very Unhealthy,Ozone,90.0,73.0,0.0,9.0,60
1985-07-08,90.0,Moderate,Ozone,93.0,75.0,0.0,9.0,61
1985-07-09,42.0,Good,Ozone,96.0,78.0,0.0,10.0,55
1985-07-10,119.0,Unhealthy for Sensitive Groups,Ozone,97.0,79.0,0.03,11.0,53
1985-07-11,77.0,Moderate,Ozone,96.0,76.0,0.0,6.0,63
1985-07-12,74.0,Moderate,Ozone,97.0,77.0,0.0,9.0,58
1985-07-13,38.0,Good,Ozone,96.0,78.0,0.0,12.0,48
1985-07-14,56.0,Moderate,PM10,94.0,77.0,0.0,11.0,53
1985-07-15,57.0,Moderate,NO2,95.0,77.0,0.0,10.0,56
1985-07-16,169.0,Unhealthy,Ozone,97.0,79.0,0.01,8.0,54
1985-07-17,147.0,Unhealthy for Sensitive Groups,Ozone,93.0,78.0,0.02,9.0,62
1985-07-18,143.0,Unhealthy for Sensitive Groups,Ozone,96.0,78.0,0.0,9.0,54
1985-07-19,108.0,Unhealthy for Sensitive Groups,Ozone,95.0,77.0,0.11,8.0,59
1985-07-20,54.0,Moderate,Ozone,88.0,76.0,0.37,9.0,78
1985-07-21,47.0,Good,NO2,89.0,75.0,0.11,6.0,77
1985-07-22,52.0,Moderate,PM10,90.0,75.0,0.17,6.0,78
1985-07-23,47.0,Good,NO2,88.0,76.0,0.15,7.0,83
1985-07-24,35.0,Good,Ozone,92.0,77.0,0.0,13.0,70
1985-07-25,46.0,Good,Ozone,94.0,78.0,0.0,13.0,62
1985-07-26,203.0,Very Unhealthy,Ozone,94.0,78.0,0.04,8.0,64
1985-07-27,210.0,Very Unhealthy,Ozone,95.0,78.0,0.0,6.0,66
1985-07-28,166.0,Unhealthy,Ozone,98.0,79.0,0.07,10.0,64
1985-07-29,122.0,Unhealthy for Sensitive Groups,Ozone,100.0,80.0,0.0,12.0,51
1985-07-30,51.0,Moderate,PM10,99.0,82.0,0.0,12.0,50
1985-07-31,43.0,Good,Ozone,99.0,81.0,0.0,12.0,43
1985-08-01,80.0,Moderate,Ozone,99.0,81.0,0.0,9.0,45
1985-08-02,166.0,Unhealthy,Ozone,100.0,81.0,0.04,10.0,52
1985-08-03,150.0,Unhealthy for Sensitive Groups,Ozone,98.0,80.0,0.02,10.0,64
1985-08-04,122.0,Unhealthy for Sensitive Groups,Ozone,99.0,81.0,0.0,12.0,54
1985-08-05,93.0,Moderate,Ozone,100.0,82.0,0.0,10.0,49
1985-08-06,77.0,Moderate,Ozone,98.0,83.0,0.0,11.0,46
1985-08-07,200.0,Unhealthy,Ozone,101.0,82.0,0.04,11.0,47
1985-08-08,115.0,Unhealthy for Sensitive Groups,Ozone,98.0,79.0,0.0,10.0,53
1985-08-09,57.0,Moderate,NO2,100.0,82.0,0.0,12.0,42
1985-08-10,54.0,Moderate,Ozone,99.0,81.0,0.0,10.0,43
1985-08-11,57.0,Moderate,PM10,99.0,80.0,0.0,10.0,40
1985-08-12,84.0,Moderate,Ozone,98.0,80.0,0.0,12.0,44
1985-08-13,54.0,Moderate,Ozone,96.0,81.0,0.0,12.0,49
1985-08-14,47.0,Good,NO2,95.0,79.0,0.0,11.0,56
1985-08-15,115.0,Unhealthy for Sensitive Groups,Ozone,94.0,78.0,0.0,10.0,61
1985-08-16,206.0,Very Unhealthy,Ozone,95.0,77.0,0.0,7.0,58
1985-08-17,51.0,Moderate,Ozone,100.0,82.0,0.0,12.0,45
1985-08-18,46.0,Good,Ozone,100.0,83.0,0.0,11.0,45
1985-08-19,84.0,Moderate,Ozone,101.0,83.0,0.0,10.0,40
1985-08-20,119.0,Unhealthy for Sensitive Groups,Ozone,102.0,82.0,0.02,11.0,44
1985-08-21,133.0,Unhealthy for Sensitive Groups,Ozone,99.0,80.0,0.01,11.0,55
1985-08-22,108.0,Unhealthy for Sensitive Groups,Ozone,100.0,82.0,0.0,12.0,47
1985-08-23,74.0,Moderate,Ozone,100.0,82.0,0.0,13.0,44
1985-08-24,54.0,Moderate,Ozone,96.0,83.0,0.01,11.0,47
1985-08-25,71.0,Moderate,Ozone,92.0,77.0,0.0,12.0,43
1985-08-26,150.0,Unhealthy for Sensitive Groups,Ozone,92.0,72.0,0.0,7.0,43
1985-08-27,119.0,Unhealthy for Sensitive Groups,Ozone,94.0,77.0,0.0,12.0,42
1985-08-28,60.0,Moderate,CO,91.0,74.0,0.0,9.0,51
1985-08-29,74.0,Moderate,Ozone,94.0,76.0,0.0,6.0,49
1985-08-30,50.0,Good,Ozone,96.0,76.0,0.0,6.0,48
1985-08-31,221.0,Very Unhealthy,Ozone,100.0,76.0,0.0,5.0,47
1985-09-01,187.0,Unhealthy,Ozone,102.0,79.0,0.0,5.0,40
1985-09-02,71.0,Moderate,Ozone,98.0,82.0,0.0,10.0,41
1985-09-03,216.0,Very Unhealthy,Ozone,101.0,77.0,0.0,8.0,46
1985-09-04,62.0,Moderate,PM10,99.0,81.0,0.0,16.0,46
1985-09-05,38.0,Good,Ozone,95.0,80.0,0.02,17.0,54
1985-09-06,110.0,Unhealthy for Sensitive Groups,NO2,96.0,80.0,0.17,15.0,65
1985-09-07,100.0,Moderate,NO2,97.0,79.0,0.0,16.0,56
1985-09-08,103.0,Unhealthy for Sensitive Groups,NO2,97.0,78.0,0.0,9.0,52
1985-09-09,90.0,Moderate,Ozone,96.0,78.0,0.01,10.0,54
1985-09-10,77.0,Moderate,Ozone,92.0,76.0,0.02,11.0,64
1985-09-11,39.0,Good,Ozone,87.0,73.0,0.12,12.0,76
1985-09-12,44.0,Good,Ozone,89.0,74.0,0.0,9.0,69
1985-09-13,93.0,Moderate,Ozone,90.0,74.0,0.04,11.0,71
1985-09-14,34.0,Good,Ozone,78.0,69.0,0.08,10.0,68
1985-09-15,38.0,Good,NO2,78.0,69.0,0.02,8.0,72
1985-09-16,54.0,Moderate,PM10,84.0,69.0,0.01,11.0,64
1985-09-17,54.0,Moderate,Ozone,89.0,72.0,0.0,15.0,58
1985-09-18,37.0,Good,Ozone,91.0,74.0,0.0,14.0,62
1985-09-19,58.0,Moderate,Ozone,90.0,73.0,0.0,11.0,56
1985-09-20,101.0,Unhealthy for Sensitive Groups,Ozone,89.0,74.0,0.0,10.0,54
1985-09-21,164.0,Unhealthy,Ozone,88.0,69.0,0.0,10.0,53
1985-09-22,84.0,Moderate,Ozone,90.0,73.0,0.0,15.0,53
1985-09-23,34.0,Good,Ozone,80.0,67.0,0.0,17.0,50
1985-09-24,47.0,Good,NO2,81.0,57.0,0.0,10.0,47
1985-09-25,58.0,Moderate,Ozone,85.0,67.0,0.11,20.0,60
1985-09-26,47.0,Good,NO2,75.0,59.0,0.0,11.0,42
1985-09-27,46.0,Good,Ozone,82.0,57.0,0.0,14.0,40
1985-09-28,44.0,Good,Ozone,82.0,65.0,0.04,15.0,56
1985-09-29,38.0,Good,NO2,73.0,56.0,2.18,17.0,89
1985-09-30,28.0,Good,NO2,61.0,48.0,0.01,18.0,59
1985-10-01,47.0,Good,NO2,64.0,48.0,0.0,10.0,60
1985-10-02,57.0,Moderate,NO2,69.0,48.0,0.0,5.0,65
1985-10-03,105.0,Unhealthy for Sensitive Groups,Ozone,78.0,55.0,0.0,12.0,61
1985-10-04,47.0,Good,NO2,75.0,62.0,0.0,19.0,57
1985-10-05,57.0,Moderate,NO2,69.0,53.0,0.0,9.0,48
1985-10-06,58.0,Moderate,Ozone,74.0,52.0,0.0,14.0,48
1985-10-07,90.0,Moderate,Ozone,79.0,57.0,0.0,21.0,54
1985-10-08,46.0,Good,Ozone,80.0,66.0,0.0,19.0,68
1985-10-09,47.0,Good,NO2,83.0,69.0,0.0,16.0,65
1985-10-10,28.0,Good,NO2,82.0,71.0,0.07,17.0,75
1985-10-11,47.0,Good,NO2,84.0,71.0,0.0,14.0,74
1985-10-12,38.0,Good,NO2,85.0,69.0,0.0,15.0,69
1985-10-13,28.0,Good,NO2,85.0,72.0,0.0,15.0,73
1985-10-14,31.0,Good,PM10,82.0,70.0,0.56,13.0,86
1985-10-15,38.0,Good,NO2,74.0,63.0,0.42,11.0,76
1985-10-16,47.0,Good,NO2,75.0,58.0,0.0,9.0,75
1985-10-17,35.0,Good,CO,78.0,66.0,0.39,12.0,85
1985-10-18,39.0,Good,CO,79.0,70.0,1.2,15.0,92
1985-10-19,38.0,Good,NO2,73.0,69.0,2.06,8.0,93
1985-10-20,38.0,Good,NO2,74.0,66.0,0.04,10.0,84
1985-10-21,57.0,Moderate,NO2,75.0,64.0,0.0,7.0,79
1985-10-22,45.0,Good,CO,76.0,62.0,0.02,8.0,86
1985-10-23,79.0,Moderate,NO2,82.0,67.0,0.0,13.0,81
1985-10-24,38.0,Good,NO2,82.0,68.0,0.01,11.0,85
1985-10-25,47.0,Good,NO2,79.0,67.0,0.02,7.0,84
1985-10-26,56.0,Moderate,PM10,76.0,63.0,0.0,7.0,78
1985-10-27,38.0,Good,NO2,74.0,57.0,0.0,13.0,61
1985-10-28,31.0,Good,Ozone,65.0,60.0,0.54,21.0,70
1985-10-29,25.0,Good,Ozone,60.0,56.0,0.51,19.0,86
1985-10-30,53.0,Moderate,PM10,61.0,55.0,0.07,21.0,72
1985-10-31,47.0,Good,NO2,66.0,52.0,0.0,13.0,65
1985-11-01,38.0,Good,NO2,63.0,49.0,0.05,12.0,78
1985-11-02,47.0,Good,NO2,61.0,49.0,0.0,11.0,61
1985-11-03,47.0,Good,NO2,65.0,43.0,0.0,7.0,65
1985-11-04,70.0,Moderate,CO,67.0,45.0,0.0,6.0,69
1985-11-05,79.0,Moderate,NO2,72.0,48.0,0.0,13.0,61
1985-11-06,48.0,Good,Ozone,72.0,54.0,0.0,15.0,62
1985-11-07,57.0,Moderate,NO2,63.0,47.0,0.0,11.0,61
1985-11-08,71.0,Moderate,Ozone,71.0,48.0,0.0,18.0,73
1985-11-09,32.0,Good,Ozone,77.0,66.0,0.0,23.0,77
1985-11-10,22.0,Good,Ozone,78.0,70.0,0.02,17.0,81
1985-11-11,90.0,Moderate,PM10,69.0,59.0,0.67,10.0,95
1985-11-12,34.0,Good,Ozone,74.0,66.0,0.06,15.0,91
1985-11-13,28.0,Good,NO2,75.0,69.0,0.0,16.0,83
1985-11-14,28.0,Good,NO2,75.0,67.0,0.07,18.0,88
1985-11-15,22.0,Good,CO,70.0,52.0,0.82,16.0,83
1985-11-16,38.0,Good,NO2,62.0,48.0,0.0,8.0,65
1985-11-17,37.0,Good,PM10,70.0,57.0,0.1,14.0,89
1985-11-18,28.0,Good,NO2,74.0,67.0,1.41,20.0,91
1985-11-19,32.0,Good,Ozone,71.0,56.0,0.2,18.0,70
1985-11-20,31.0,Good,CO,53.0,38.0,0.0,16.0,53
1985-11-21,34.0,Good,CO,54.0,43.0,0.05,7.0,73
1985-11-22,38.0,Good,NO2,65.0,48.0,0.0,10.0,85
1985-11-23,32.0,Good,Ozone,73.0,60.0,0.01,15.0,85
1985-11-24,19.0,Good,NO2,68.0,62.0,0.09,4.0,95
1985-11-25,23.0,Good,PM10,70.0,63.0,0.19,15.0,97
1985-11-26,19.0,Good,NO2,74.0,66.0,0.86,17.0,91
1985-11-27,22.0,Good,CO,68.0,49.0,0.41,14.0,86
1985-11-28,19.0,Good,NO2,50.0,42.0,0.0,8.0,77
1985-11-29,25.0,Good,CO,56.0,45.0,0.0,12.0,79
1985-11-30,25.0,Good,Ozone,64.0,54.0,0.16,14.0,92
1985-12-01,28.0,Good,Ozone,64.0,31.0,0.0,17.0,62
1985-12-02,38.0,Good,NO2,36.0,25.0,0.0,13.0,47
1985-12-03,28.0,Good,NO2,49.0,29.0,0.0,13.0,64
1985-12-04,47.0,Good,NO2,64.0,47.0,0.0,14.0,79
1985-12-05,85.0,Moderate,CO,58.0,37.0,0.0,14.0,70
1985-12-06,125.0,Unhealthy for Sensitive Groups,CO,61.0,36.0,0.0,10.0,72
1985-12-07,57.0,Moderate,NO2,65.0,45.0,0.0,20.0,74
1985-12-08,67.0,Moderate,CO,65.0,39.0,0.0,10.0,86
1985-12-09,37.0,Good,Ozone,70.0,58.0,0.01,17.0,88
1985-12-10,28.0,Good,NO2,68.0,54.0,1.31,18.0,91
1985-12-11,20.0,Good,PM10,46.0,35.0,0.61,18.0,78
1985-12-12,19.0,Good,NO2,40.0,32.0,0.01,11.0,69
1985-12-13,28.0,Good,NO2,35.0,26.0,0.0,15.0,60
1985-12-14,38.0,Good,NO2,44.0,22.0,0.0,10.0,58
1985-12-15,47.0,Good,NO2,47.0,28.0,0.0,9.0,68
1985-12-16,79.0,Moderate,NO2,53.0,30.0,0.0,6.0,79
1985-12-17,79.0,Moderate,NO2,55.0,31.0,0.0,6.0,78
1985-12-18,57.0,Moderate,NO2,46.0,32.0,0.0,16.0,78
1985-12-19,49.0,Good,PM10,50.0,26.0,0.0,11.0,76
1985-12-20,57.0,Moderate,NO2,48.0,30.0,0.0,9.0,72
1985-12-21,89.0,Moderate,NO2,57.0,33.0,0.0,7.0,80
1985-12-22,47.0,Good,NO2,67.0,45.0,0.0,14.0,81
1985-12-23,47.0,Good,NO2,64.0,38.0,0.0,11.0,69
1985-12-24,38.0,Good,NO2,53.0,39.0,0.0,16.0,56
1985-12-25,38.0,Good,NO2,37.0,28.0,0.0,12.0,42
1985-12-26,47.0,Good,NO2,56.0,27.0,0.0,16.0,64
1985-12-27,57.0,Moderate,NO2,56.0,35.0,0.0,11.0,83
1985-12-28,57.0,Moderate,NO2,53.0,32.0,0.0,7.0,64
1985-12-29,79.0,Moderate,NO2,57.0,33.0,0.0,7.0,76
1985-12-30,57.0,Moderate,NO2,67.0,44.0,0.0,22.0,83
1985-12-31,47.0,Good,NO2,57.0,41.0,0.0,17.0,62
1986-01-01,38.0,Good,NO2,53.0,36.0,0.0,8.0,62
1986-01-02,47.0,Good,NO2,62.0,39.0,0.0,14.0,70
1986-01-03,47.0,Good,CO,56.0,36.0,0.0,7.0,62
1986-01-04,43.0,Good,PM10,56.0,42.0,0.0,19.0,54
1986-01-05,38.0,Good,NO2,47.0,29.0,0.0,11.0,55
1986-01-06,57.0,Moderate,NO2,57.0,39.0,0.02,20.0,57
1986-01-07,28.0,Good,NO2,48.0,40.0,0.0,17.0,81
1986-01-08,38.0,Good,NO2,41.0,31.0,0.0,12.0,46
1986-01-09,68.0,Moderate,NO2,47.0,29.0,0.0,6.0,56
1986-01-10,105.0,Unhealthy for Sensitive Groups,NO2,57.0,29.0,0.0,9.0,63
1986-01-11,68.0,Moderate,NO2,61.0,31.0,0.0,7.0,64
1986-01-12,40.0,Good,CO,62.0,36.0,0.0,13.0,54
1986-01-13,57.0,Moderate,NO2,59.0,33.0,0.0,9.0,52
1986-01-14,103.0,Unhealthy for Sensitive Groups,NO2,66.0,42.0,0.0,10.0,51
1986-01-15,68.0,Moderate,NO2,67.0,40.0,0.0,14.0,67
1986-01-16,33.0,Good,Ozone,67.0,52.0,0.02,16.0,82
1986-01-17,38.0,Good,NO2,67.0,56.0,0.0,11.0,87
1986-01-18,38.0,Good,NO2,65.0,51.0,0.0,12.0,84
1986-01-19,57.0,Moderate,NO2,71.0,43.0,0.0,9.0,54
1986-01-20,60.0,Moderate,CO,78.0,45.0,0.0,15.0,54
1986-01-21,37.0,Good,Ozone,76.0,56.0,0.0,17.0,60
1986-01-22,38.0,Good,NO2,56.0,43.0,0.0,15.0,45
1986-01-23,38.0,Good,NO2,57.0,35.0,0.0,11.0,59
1986-01-24,45.0,Good,PM10,63.0,47.0,0.08,15.0,74
1986-01-25,32.0,Good,Ozone,61.0,43.0,0.05,15.0,64
1986-01-26,33.0,Good,Ozone,54.0,38.0,0.0,18.0,43
1986-01-27,47.0,Good,NO2,45.0,31.0,0.0,11.0,44
1986-01-28,41.0,Good,Ozone,70.0,39.0,0.0,17.0,45
1986-01-29,31.0,Good,Ozone,65.0,44.0,0.0,18.0,58
1986-01-30,47.0,Good,NO2,67.0,38.0,0.0,11.0,61
1986-01-31,29.0,Good,Ozone,70.0,56.0,0.0,19.0,77
1986-02-01,28.0,Good,NO2,74.0,63.0,0.02,17.0,74
1986-02-02,28.0,Good,NO2,73.0,63.0,0.05,15.0,85
1986-02-03,28.0,Good,NO2,65.0,62.0,1.09,22.0,96
1986-02-04,100.0,Moderate,NO2,72.0,57.0,0.0,12.0,75
1986-02-05,68.0,Moderate,NO2,58.0,50.0,0.26,11.0,89
1986-02-06,38.0,Good,NO2,58.0,45.0,0.0,15.0,70
1986-02-07,38.0,Good,NO2,54.0,40.0,0.07,12.0,75
1986-02-08,26.0,Good,Ozone,47.0,36.0,0.04,13.0,78
1986-02-09,25.0,Good,Ozone,40.0,37.0,0.14,12.0,77
1986-02-10,31.0,Good,Ozone,38.0,31.0,0.05,13.0,77
1986-02-11,57.0,Moderate,CO,37.0,26.0,0.0,13.0,57
1986-02-12,62.0,Moderate,CO,36.0,25.0,0.0,5.0,61
1986-02-13,54.0,Moderate,PM10,47.0,33.0,0.01,19.0,66
1986-02-14,57.0,Moderate,NO2,54.0,39.0,0.01,21.0,74
1986-02-15,67.0,Moderate,Ozone,64.0,34.0,0.0,16.0,69
1986-02-16,47.0,Good,NO2,77.0,55.0,0.0,21.0,77
1986-02-17,47.0,Good,NO2,76.0,55.0,0.0,13.0,54
1986-02-18,38.0,Good,NO2,82.0,53.0,0.0,11.0,52
1986-02-19,129.0,Unhealthy for Sensitive Groups,NO2,82.0,50.0,0.0,9.0,68
1986-02-20,68.0,Moderate,NO2,78.0,53.0,0.0,15.0,61
1986-02-21,38.0,Good,NO2,54.0,38.0,0.0,14.0,58
1986-02-22,79.0,Moderate,NO2,59.0,36.0,0.0,10.0,62
1986-02-23,57.0,Moderate,NO2,73.0,40.0,0.0,20.0,55
1986-02-24,79.0,Moderate,NO2,68.0,47.0,0.0,11.0,52
1986-02-25,68.0,Moderate,NO2,81.0,47.0,0.0,9.0,58
1986-02-26,105.0,Unhealthy for Sensitive Groups,NO2,83.0,53.0,0.0,9.0,50
1986-02-27,68.0,Moderate,NO2,64.0,53.0,0.0,17.0,44
1986-02-28,57.0,Moderate,NO2,53.0,42.0,0.0,18.0,42
1986-03-01,68.0,Moderate,NO2,66.0,36.0,0.0,15.0,45
1986-03-02,79.0,Moderate,NO2,75.0,49.0,0.0,13.0,52
1986-03-03,68.0,Moderate,NO2,66.0,54.0,0.0,12.0,50
1986-03-04,79.0,Moderate,NO2,68.0,46.0,0.0,11.0,54
1986-03-05,68.0,Moderate,NO2,80.0,48.0,0.0,15.0,45
1986-03-06,68.0,Moderate,NO2,69.0,46.0,0.0,12.0,45
1986-03-07,57.0,Moderate,NO2,76.0,49.0,0.0,16.0,39
1986-03-08,47.0,Good,Ozone,75.0,55.0,0.0,16.0,62
1986-03-09,43.0,Good,Ozone,80.0,61.0,0.0,24.0,66
1986-03-10,68.0,Moderate,NO2,74.0,60.0,0.01,22.0,56
1986-03-11,41.0,Good,PM10,69.0,59.0,0.69,21.0,75
1986-03-12,47.0,Good,NO2,74.0,55.0,0.0,14.0,52
1986-03-13,68.0,Moderate,NO2,70.0,47.0,0.0,12.0,71
1986-03-14,68.0,Moderate,NO2,67.0,48.0,0.0,8.0,72
1986-03-15,57.0,Moderate,NO2,73.0,53.0,0.04,14.0,62
1986-03-16,48.0,Good,Ozone,72.0,47.0,0.0,9.0,73
1986-03-17,101.0,Unhealthy for Sensitive Groups,Ozone,77.0,56.0,0.0,21.0,52
1986-03-18,47.0,Good,NO2,74.0,56.0,0.45,21.0,57
1986-03-19,42.0,Good,Ozone,58.0,47.0,0.0,17.0,50
1986-03-20,57.0,Moderate,NO2,57.0,41.0,0.0,14.0,51
1986-03-21,57.0,Moderate,NO2,58.0,36.0,0.0,8.0,58
1986-03-22,122.0,Unhealthy for Sensitive Groups,Ozone,69.0,43.0,0.0,15.0,48
1986-03-23,84.0,Moderate,Ozone,74.0,51.0,0.0,16.0,55
1986-03-24,58.0,Moderate,Ozone,73.0,51.0,0.0,14.0,55
1986-03-25,58.0,Moderate,Ozone,75.0,53.0,0.0,19.0,54
1986-03-26,54.0,Moderate,Ozone,73.0,56.0,0.0,15.0,63
1986-03-27,93.0,Moderate,Ozone,75.0,56.0,0.0,6.0,66
1986-03-28,87.0,Moderate,Ozone,80.0,56.0,0.0,7.0,63
1986-03-29,126.0,Unhealthy for Sensitive Groups,Ozone,81.0,59.0,0.0,15.0,50
1986-03-30,67.0,Moderate,Ozone,79.0,60.0,0.0,14.0,54
1986-03-31,58.0,Moderate,Ozone,80.0,61.0,0.0,16.0,58
1986-04-01,47.0,Good,NO2,74.0,63.0,0.17,16.0,74
1986-04-02,48.0,Good,Ozone,76.0,64.0,0.04,20.0,70
1986-04-03,48.0,Good,Ozone,75.0,64.0,0.5,18.0,80
1986-04-04,47.0,Good,NO2,76.0,64.0,0.19,16.0,87
1986-04-05,46.0,Good,Ozone,79.0,64.0,0.01,11.0,86
1986-04-06,47.0,Good,Ozone,81.0,66.0,0.0,12.0,80
1986-04-07,54.0,Moderate,Ozone,82.0,67.0,0.0,13.0,79
1986-04-08,44.0,Good,Ozone,87.0,66.0,0.0,21.0,67
1986-04-09,47.0,Good,NO2,67.0,57.0,0.0,16.0,44
1986-04-10,48.0,Good,Ozone,67.0,55.0,0.04,11.0,69
1986-04-11,35.0,Good,Ozone,72.0,58.0,0.5,13.0,83
1986-04-12,48.0,Good,Ozone,74.0,61.0,0.68,8.0,82
1986-04-13,48.0,Good,Ozone,80.0,58.0,0.0,19.0,78
1986-04-14,47.0,Good,NO2,74.0,57.0,0.0,22.0,56
1986-04-15,58.0,Moderate,Ozone,71.0,49.0,0.0,9.0,54
1986-04-16,84.0,Moderate,Ozone,70.0,49.0,0.0,7.0,58
1986-04-17,154.0,Unhealthy,Ozone,73.0,57.0,0.15,17.0,63
1986-04-18,51.0,Moderate,Ozone,76.0,63.0,0.2,19.0,77
1986-04-19,38.0,Good,NO2,67.0,65.0,1.47,15.0,94
1986-04-20,87.0,Moderate,Ozone,73.0,55.0,0.0,18.0,63
1986-04-21,58.0,Moderate,Ozone,70.0,55.0,0.0,12.0,59
1986-04-22,77.0,Moderate,Ozone,72.0,51.0,0.0,9.0,63
1986-04-23,150.0,Unhealthy for Sensitive Groups,Ozone,78.0,57.0,0.0,16.0,59
1986-04-24,67.0,Moderate,Ozone,81.0,60.0,0.0,16.0,66
1986-04-25,67.0,Moderate,Ozone,79.0,61.0,0.0,15.0,65
1986-04-26,67.0,Moderate,Ozone,80.0,64.0,0.0,20.0,73
1986-04-27,51.0,Moderate,Ozone,76.0,62.0,1.0,18.0,75
1986-04-28,47.0,Good,CO,77.0,52.0,0.0,8.0,59
1986-04-29,47.0,Good,Ozone,82.0,64.0,0.02,17.0,75
1986-04-30,35.0,Good,Ozone,79.0,68.0,0.3,15.0,83
1986-05-01,30.0,Good,Ozone,75.0,67.0,1.19,13.0,91
1986-05-02,77.0,Moderate,Ozone,76.0,60.0,0.04,14.0,69
1986-05-03,136.0,Unhealthy for Sensitive Groups,Ozone,75.0,57.0,0.0,11.0,63
1986-05-04,119.0,Unhealthy for Sensitive Groups,Ozone,78.0,57.0,0.0,14.0,63
1986-05-05,67.0,Moderate,Ozone,80.0,68.0,0.01,20.0,76
1986-05-06,48.0,Good,PM10,83.0,71.0,0.0,19.0,76
1986-05-07,37.0,Good,Ozone,83.0,70.0,0.02,19.0,77
1986-05-08,37.0,Good,Ozone,81.0,69.0,0.63,22.0,85
1986-05-09,35.0,Good,Ozone,83.0,69.0,0.55,13.0,85
1986-05-10,34.0,Good,Ozone,76.0,69.0,0.75,12.0,88
1986-05-11,101.0,Unhealthy for Sensitive Groups,Ozone,84.0,66.0,0.0,11.0,79
1986-05-12,136.0,Unhealthy for Sensitive Groups,Ozone,88.0,67.0,0.0,9.0,75
1986-05-13,74.0,Moderate,Ozone,85.0,68.0,0.0,12.0,69
1986-05-14,32.0,Good,PM10,80.0,70.0,0.12,21.0,78
1986-05-15,51.0,Moderate,Ozone,83.0,71.0,0.0,20.0,73
1986-05-16,37.0,Good,Ozone,82.0,70.0,0.46,18.0,84
1986-05-17,38.0,Good,NO2,74.0,67.0,0.7,18.0,93
1986-05-18,38.0,Good,NO2,68.0,60.0,0.31,15.0,77
1986-05-19,58.0,Moderate,Ozone,75.0,54.0,0.0,10.0,68
1986-05-20,169.0,Unhealthy,Ozone,79.0,56.0,0.0,9.0,67
1986-05-21,177.0,Unhealthy,Ozone,83.0,62.0,0.0,16.0,64
1986-05-22,122.0,Unhealthy for Sensitive Groups,Ozone,84.0,65.0,0.0,20.0,67
1986-05-23,108.0,Unhealthy for Sensitive Groups,Ozone,87.0,70.0,0.0,21.0,69
1986-05-24,38.0,Good,NO2,84.0,69.0,0.4,15.0,79
1986-05-25,44.0,Good,Ozone,75.0,68.0,0.69,8.0,92
1986-05-26,100.0,Moderate,Ozone,79.0,64.0,0.0,11.0,73
1986-05-27,49.0,Good,Ozone,77.0,61.0,0.0,10.0,72
1986-05-28,67.0,Moderate,Ozone,81.0,58.0,0.0,6.0,65
1986-05-29,190.0,Unhealthy,Ozone,84.0,62.0,0.0,7.0,62
1986-05-30,187.0,Unhealthy,Ozone,83.0,64.0,0.14,7.0,71
1986-05-31,48.0,Good,Ozone,79.0,69.0,0.95,9.0,89
1986-06-01,43.0,Good,Ozone,79.0,69.0,0.53,9.0,87
1986-06-02,77.0,Moderate,Ozone,82.0,69.0,0.45,6.0,88
1986-06-03,122.0,Unhealthy for Sensitive Groups,Ozone,83.0,70.0,0.43,5.0,88
1986-06-04,44.0,Good,Ozone,83.0,72.0,1.33,10.0,87
1986-06-05,151.0,Unhealthy,Ozone,82.0,72.0,0.56,11.0,89
1986-06-06,61.0,Moderate,Ozone,86.0,71.0,0.14,12.0,84
1986-06-07,192.0,Unhealthy,Ozone,88.0,74.0,0.02,8.0,82
1986-06-08,100.0,Moderate,Ozone,83.0,73.0,0.26,9.0,89
1986-06-09,44.0,Good,Ozone,87.0,72.0,0.1,12.0,87
1986-06-10,38.0,Good,Ozone,89.0,76.0,0.0,18.0,78
1986-06-11,100.0,Moderate,Ozone,85.0,74.0,0.64,12.0,74
1986-06-12,200.0,Unhealthy,Ozone,90.0,67.0,0.0,8.0,62
1986-06-13,169.0,Unhealthy,Ozone,89.0,69.0,0.0,8.0,66
1986-06-14,143.0,Unhealthy for Sensitive Groups,Ozone,88.0,69.0,0.0,9.0,70
1986-06-15,38.0,Good,Ozone,88.0,74.0,0.05,11.0,76
1986-06-16,40.0,Good,Ozone,84.0,74.0,0.25,14.0,83
1986-06-17,61.0,Moderate,Ozone,85.0,71.0,0.13,8.0,84
1986-06-18,71.0,Moderate,Ozone,87.0,72.0,0.0,8.0,79
1986-06-19,67.0,Moderate,Ozone,87.0,73.0,0.04,7.0,80
1986-06-20,48.0,Good,Ozone,88.0,74.0,0.02,8.0,81
1986-06-21,67.0,Moderate,Ozone,90.0,75.0,0.0,8.0,73
1986-06-22,119.0,Unhealthy for Sensitive Groups,Ozone,90.0,75.0,0.0,8.0,75
1986-06-23,177.0,Unhealthy,Ozone,90.0,74.0,0.0,6.0,73
1986-06-24,156.0,Unhealthy,Ozone,90.0,76.0,0.03,8.0,75
1986-06-25,177.0,Unhealthy,Ozone,90.0,76.0,0.06,8.0,80
1986-06-26,77.0,Moderate,Ozone,87.0,75.0,0.26,9.0,80
1986-06-27,52.0,Moderate,PM10,94.0,76.0,0.01,14.0,70
1986-06-28,40.0,Good,Ozone,94.0,80.0,0.04,14.0,67
1986-06-29,40.0,Good,Ozone,94.0,79.0,0.0,10.0,64
1986-06-30,42.0,Good,Ozone,94.0,77.0,0.0,13.0,60
1986-07-01,42.0,Good,Ozone,94.0,77.0,0.0,18.0,61
1986-07-02,44.0,Good,Ozone,85.0,78.0,0.31,12.0,77
1986-07-03,71.0,Moderate,Ozone,90.0,77.0,0.2,9.0,81
1986-07-04,33.0,Good,Ozone,94.0,78.0,0.0,15.0,68
1986-07-05,74.0,Moderate,PM10,94.0,77.0,0.0,18.0,60
1986-07-06,35.0,Good,Ozone,91.0,75.0,0.0,13.0,60
1986-07-07,39.0,Good,Ozone,91.0,76.0,0.0,8.0,64
1986-07-08,43.0,Good,Ozone,93.0,75.0,0.0,7.0,63
1986-07-09,58.0,Moderate,Ozone,94.0,76.0,0.02,10.0,59
1986-07-10,49.0,Good,Ozone,95.0,77.0,0.01,12.0,59
1986-07-11,37.0,Good,Ozone,94.0,78.0,0.0,18.0,55
1986-07-12,31.0,Good,Ozone,95.0,79.0,0.0,22.0,57
1986-07-13,52.0,Moderate,PM10,94.0,78.0,0.0,17.0,56
1986-07-14,45.0,Good,CO,94.0,77.0,0.0,10.0,53
1986-07-15,46.0,Good,Ozone,95.0,79.0,0.0,11.0,51
1986-07-16,48.0,Good,CO,95.0,77.0,0.0,14.0,53
1986-07-17,42.0,Good,CO,95.0,77.0,0.0,12.0,50
1986-07-18,93.0,Moderate,Ozone,96.0,76.0,0.0,8.0,45
1986-07-19,200.0,Unhealthy,Ozone,97.0,76.0,0.0,6.0,47
1986-07-20,205.0,Very Unhealthy,Ozone,98.0,79.0,0.0,6.0,48
1986-07-21,164.0,Unhealthy,Ozone,97.0,80.0,0.19,7.0,56
1986-07-22,182.0,Unhealthy,Ozone,93.0,77.0,0.04,8.0,71
1986-07-23,143.0,Unhealthy for Sensitive Groups,Ozone,96.0,78.0,0.0,6.0,64
1986-07-24,115.0,Unhealthy for Sensitive Groups,Ozone,98.0,80.0,0.0,8.0,51
1986-07-25,93.0,Moderate,Ozone,101.0,80.0,0.0,10.0,46
1986-07-26,126.0,Unhealthy for Sensitive Groups,Ozone,100.0,80.0,0.0,7.0,46
1986-07-27,71.0,Moderate,Ozone,100.0,81.0,0.0,10.0,48
1986-07-28,105.0,Unhealthy for Sensitive Groups,Ozone,102.0,81.0,0.0,10.0,45
1986-07-29,195.0,Unhealthy,Ozone,103.0,81.0,0.0,10.0,40
1986-07-30,200.0,Unhealthy,Ozone,104.0,81.0,0.0,10.0,41
1986-07-31,208.0,Very Unhealthy,Ozone,105.0,82.0,0.0,10.0,41
1986-08-01,217.0,Very Unhealthy,Ozone,101.0,83.0,0.08,8.0,46
1986-08-02,150.0,Unhealthy for Sensitive Groups,Ozone,99.0,82.0,0.03,10.0,53
1986-08-03,100.0,Moderate,Ozone,92.0,77.0,0.11,8.0,67
1986-08-04,105.0,Unhealthy for Sensitive Groups,Ozone,90.0,76.0,0.01,7.0,66
1986-08-05,119.0,Unhealthy for Sensitive Groups,Ozone,95.0,76.0,0.02,11.0,56
1986-08-06,44.0,Good,Ozone,95.0,77.0,0.0,13.0,60
1986-08-07,63.0,Moderate,CO,94.0,80.0,0.0,15.0,55
1986-08-08,74.0,Moderate,Ozone,94.0,80.0,0.01,12.0,53
1986-08-09,44.0,Good,Ozone,96.0,81.0,0.01,12.0,50
1986-08-10,47.0,Good,NO2,90.0,80.0,0.0,13.0,61
1986-08-11,67.0,Moderate,Ozone,88.0,74.0,0.59,9.0,81
1986-08-12,58.0,Moderate,Ozone,89.0,73.0,0.0,8.0,75
1986-08-13,101.0,Unhealthy for Sensitive Groups,Ozone,91.0,73.0,0.0,8.0,62
1986-08-14,58.0,Moderate,Ozone,93.0,75.0,0.0,11.0,54
1986-08-15,37.0,Good,Ozone,95.0,78.0,0.0,13.0,58
1986-08-16,39.0,Good,Ozone,97.0,80.0,0.08,13.0,60
1986-08-17,71.0,Moderate,Ozone,97.0,80.0,0.0,10.0,55
1986-08-18,150.0,Unhealthy for Sensitive Groups,Ozone,99.0,79.0,0.0,9.0,60
1986-08-19,154.0,Unhealthy,Ozone,97.0,78.0,0.0,9.0,54
1986-08-20,122.0,Unhealthy for Sensitive Groups,Ozone,95.0,80.0,0.0,9.0,51
1986-08-21,122.0,Unhealthy for Sensitive Groups,Ozone,93.0,79.0,0.0,13.0,50
1986-08-22,133.0,Unhealthy for Sensitive Groups,Ozone,91.0,76.0,0.0,9.0,56
1986-08-23,58.0,Moderate,Ozone,88.0,76.0,0.03,15.0,69
1986-08-24,44.0,Good,Ozone,90.0,74.0,0.06,10.0,75
1986-08-25,34.0,Good,Ozone,95.0,76.0,0.0,10.0,57
1986-08-26,48.0,Good,PM10,95.0,77.0,0.0,10.0,52
1986-08-27,54.0,Moderate,CO,91.0,77.0,0.13,10.0,62
1986-08-28,57.0,Moderate,NO2,83.0,71.0,0.24,14.0,74
1986-08-29,84.0,Moderate,Ozone,81.0,65.0,0.0,10.0,49
1986-08-30,133.0,Unhealthy for Sensitive Groups,Ozone,85.0,64.0,0.0,8.0,52
1986-08-31,122.0,Unhealthy for Sensitive Groups,Ozone,86.0,69.0,0.02,12.0,54
1986-09-01,33.0,Good,Ozone,78.0,71.0,0.28,12.0,74
1986-09-02,38.0,Good,NO2,83.0,71.0,0.92,6.0,88
1986-09-03,33.0,Good,Ozone,89.0,72.0,0.22,8.0,81
1986-09-04,46.0,Good,Ozone,89.0,75.0,0.1,8.0,80
1986-09-05,40.0,Good,CO,83.0,74.0,1.07,11.0,88
1986-09-06,40.0,Good,CO,78.0,72.0,1.57,6.0,91
1986-09-07,42.0,Good,Ozone,80.0,70.0,0.07,11.0,81
1986-09-08,90.0,Moderate,Ozone,82.0,65.0,0.0,11.0,72
1986-09-09,93.0,Moderate,Ozone,86.0,71.0,0.0,11.0,77
1986-09-10,31.0,Good,Ozone,87.0,74.0,0.0,17.0,74
1986-09-11,48.0,Good,Ozone,89.0,74.0,0.01,18.0,70
1986-09-12,67.0,Moderate,Ozone,83.0,65.0,0.0,8.0,62
1986-09-13,133.0,Unhealthy for Sensitive Groups,Ozone,85.0,63.0,0.0,7.0,68
1986-09-14,84.0,Moderate,Ozone,86.0,72.0,0.07,8.0,71
1986-09-15,41.0,Good,PM10,90.0,74.0,0.01,10.0,74
1986-09-16,33.0,Good,Ozone,89.0,74.0,0.16,9.0,76
1986-09-17,43.0,Good,Ozone,89.0,74.0,0.0,12.0,72
1986-09-18,38.0,Good,Ozone,88.0,74.0,0.07,13.0,74
1986-09-19,32.0,Good,Ozone,89.0,74.0,0.0,14.0,73
1986-09-20,47.0,Good,Ozone,86.0,73.0,0.06,11.0,76
1986-09-21,32.0,Good,Ozone,86.0,73.0,0.03,15.0,81
1986-09-22,37.0,Good,Ozone,87.0,74.0,0.0,10.0,76
1986-09-23,38.0,Good,Ozone,87.0,74.0,0.0,13.0,71
1986-09-24,32.0,Good,Ozone,91.0,75.0,0.0,19.0,66
1986-09-25,36.0,Good,PM10,89.0,76.0,0.12,18.0,71
1986-09-26,34.0,Good,Ozone,90.0,76.0,0.01,18.0,70
1986-09-27,34.0,Good,Ozone,91.0,76.0,0.0,14.0,65
1986-09-28,35.0,Good,Ozone,88.0,75.0,0.08,13.0,73
1986-09-29,37.0,Good,Ozone,89.0,76.0,0.07,20.0,70
1986-09-30,35.0,Good,Ozone,90.0,77.0,0.0,18.0,65
1986-10-01,31.0,Good,Ozone,90.0,77.0,0.01,17.0,67
1986-10-02,32.0,Good,Ozone,92.0,78.0,0.0,20.0,63
1986-10-03,38.0,Good,NO2,90.0,78.0,0.0,21.0,63
1986-10-04,19.0,Good,NO2,85.0,73.0,0.59,13.0,81
1986-10-05,26.0,Good,Ozone,72.0,63.0,0.39,14.0,78
1986-10-06,38.0,Good,NO2,65.0,61.0,0.89,12.0,82
1986-10-07,38.0,Good,CO,70.0,60.0,0.0,6.0,76
1986-10-08,45.0,Good,CO,75.0,65.0,0.29,7.0,84
1986-10-09,38.0,Good,NO2,76.0,66.0,0.02,9.0,84
1986-10-10,57.0,Moderate,NO2,76.0,62.0,0.0,8.0,81
1986-10-11,40.0,Good,Ozone,76.0,67.0,1.24,16.0,84
1986-10-12,27.0,Good,CO,68.0,55.0,0.29,18.0,72
1986-10-13,39.0,Good,CO,58.0,48.0,0.0,12.0,66
1986-10-14,57.0,Moderate,NO2,71.0,49.0,0.0,8.0,69
1986-10-15,100.0,Moderate,NO2,71.0,50.0,0.0,6.0,70
1986-10-16,79.0,Moderate,NO2,71.0,49.0,0.0,7.0,67
1986-10-17,100.0,Moderate,Ozone,77.0,52.0,0.0,7.0,65
1986-10-18,136.0,Unhealthy for Sensitive Groups,Ozone,75.0,52.0,0.0,8.0,69
1986-10-19,101.0,Unhealthy for Sensitive Groups,Ozone,74.0,54.0,0.0,9.0,70
1986-10-20,101.0,Unhealthy for Sensitive Groups,Ozone,73.0,57.0,0.0,7.0,66
1986-10-21,67.0,Moderate,Ozone,73.0,55.0,0.09,12.0,71
1986-10-22,38.0,Good,Ozone,70.0,60.0,0.13,15.0,85
1986-10-23,38.0,Good,NO2,70.0,65.0,0.0,12.0,91
1986-10-24,37.0,Good,Ozone,70.0,60.0,0.0,14.0,74
1986-10-25,43.0,Good,Ozone,69.0,54.0,0.0,14.0,66
1986-10-26,47.0,Good,NO2,67.0,53.0,0.0,9.0,73
1986-10-27,79.0,Moderate,NO2,72.0,52.0,0.0,6.0,71
1986-10-28,68.0,Moderate,NO2,77.0,53.0,0.0,12.0,68
1986-10-29,79.0,Moderate,NO2,76.0,56.0,0.0,9.0,74
1986-10-30,100.0,Moderate,NO2,77.0,54.0,0.0,8.0,76
1986-10-31,101.0,Unhealthy for Sensitive Groups,Ozone,74.0,57.0,0.0,16.0,67
1986-11-01,122.0,Unhealthy for Sensitive Groups,Ozone,71.0,61.0,0.0,9.0,66
1986-11-02,57.0,Moderate,NO2,72.0,58.0,0.0,10.0,72
1986-11-03,68.0,Moderate,NO2,74.0,58.0,0.0,9.0,72
1986-11-04,28.0,Good,NO2,69.0,57.0,2.42,16.0,87
1986-11-05,64.0,Moderate,CO,57.0,50.0,0.0,17.0,70
1986-11-06,34.0,Good,Ozone,65.0,47.0,0.0,12.0,77
1986-11-07,38.0,Good,NO2,69.0,54.0,0.01,14.0,89
1986-11-08,38.0,Good,NO2,70.0,54.0,0.02,8.0,85
1986-11-09,45.0,Good,CO,68.0,49.0,0.0,12.0,77
1986-11-10,25.0,Good,CO,59.0,50.0,1.24,11.0,87
1986-11-11,23.0,Good,CO,56.0,42.0,0.13,18.0,75
1986-11-12,28.0,Good,Ozone,51.0,37.0,0.13,19.0,85
1986-11-13,27.0,Good,CO,36.0,28.0,0.04,17.0,46
1986-11-14,28.0,Good,NO2,46.0,33.0,0.0,10.0,54
1986-11-15,30.0,Good,Ozone,64.0,40.0,0.0,14.0,72
1986-11-16,28.0,Good,NO2,74.0,56.0,0.0,12.0,72
1986-11-17,47.0,Good,NO2,74.0,49.0,0.0,10.0,79
1986-11-18,40.0,Good,Ozone,69.0,54.0,0.0,16.0,67
1986-11-19,28.0,Good,NO2,65.0,50.0,0.25,9.0,71
1986-11-20,38.0,Good,NO2,63.0,49.0,0.0,16.0,71
1986-11-21,57.0,Moderate,NO2,63.0,41.0,0.0,8.0,71
1986-11-22,38.0,Good,NO2,74.0,52.0,0.11,13.0,81
1986-11-23,28.0,Good,NO2,63.0,49.0,0.17,18.0,85
1986-11-24,24.0,Good,CO,50.0,45.0,0.34,14.0,73
1986-11-25,24.0,Good,CO,50.0,47.0,1.22,13.0,90
1986-11-26,38.0,Good,NO2,55.0,46.0,0.0,14.0,71
1986-11-27,28.0,Good,NO2,54.0,39.0,0.0,10.0,75
1986-11-28,38.0,Good,NO2,55.0,36.0,0.0,9.0,79
1986-11-29,105.0,Unhealthy for Sensitive Groups,NO2,59.0,34.0,0.0,6.0,79
1986-11-30,47.0,Good,NO2,64.0,38.0,0.0,11.0,83
1986-12-01,20.0,Good,CO,53.0,43.0,0.0,19.0,56
1986-12-02,38.0,Good,NO2,53.0,39.0,0.0,13.0,65
1986-12-03,47.0,Good,NO2,52.0,35.0,0.0,6.0,79
1986-12-04,48.0,Good,PM10,55.0,38.0,0.0,6.0,79
1986-12-05,47.0,Good,NO2,56.0,43.0,0.0,9.0,69
1986-12-06,39.0,Good,Ozone,60.0,47.0,0.02,13.0,62
1986-12-07,29.0,Good,Ozone,65.0,51.0,0.31,17.0,85
1986-12-08,68.0,Moderate,NO2,64.0,54.0,0.09,10.0,96
1986-12-09,28.0,Good,NO2,53.0,43.0,0.16,13.0,80
1986-12-10,28.0,Good,NO2,43.0,36.0,0.1,15.0,60
1986-12-11,38.0,Good,NO2,41.0,35.0,0.15,8.0,67
1986-12-12,79.0,Moderate,NO2,51.0,35.0,0.05,7.0,85
1986-12-13,57.0,Moderate,NO2,53.0,33.0,0.0,11.0,78
1986-12-14,28.0,Good,NO2,48.0,42.0,0.15,9.0,86
1986-12-15,38.0,Good,NO2,52.0,48.0,0.13,7.0,95
1986-12-16,47.0,Good,NO2,55.0,49.0,0.0,4.0,91
1986-12-17,57.0,Moderate,CO,58.0,48.0,0.0,9.0,90
1986-12-18,28.0,Good,NO2,52.0,43.0,0.35,15.0,81
1986-12-19,38.0,Good,NO2,53.0,38.0,0.0,7.0,78
1986-12-20,38.0,Good,NO2,55.0,39.0,0.0,8.0,84
1986-12-21,38.0,Good,NO2,54.0,45.0,0.0,10.0,77
1986-12-22,28.0,Good,NO2,47.0,43.0,0.19,14.0,77
1986-12-23,28.0,Good,NO2,49.0,41.0,0.38,14.0,78
1986-12-24,68.0,Moderate,NO2,55.0,33.0,0.0,6.0,77
1986-12-25,76.0,Moderate,CO,58.0,43.0,0.03,5.0,74
1986-12-26,38.0,Good,NO2,56.0,40.0,0.0,6.0,79
1986-12-27,47.0,Good,NO2,53.0,34.0,0.0,5.0,83
1986-12-28,43.0,Good,PM10,44.0,38.0,0.0,6.0,88
1986-12-29,47.0,Good,NO2,59.0,36.0,0.0,8.0,82
1986-12-30,68.0,Moderate,NO2,54.0,34.0,0.0,6.0,72
1986-12-31,68.0,Moderate,NO2,54.0,33.0,0.0,9.0,77
1987-01-01,47.0,Good,NO2,51.0,36.0,0.0,11.0,74
1987-01-02,47.0,Good,NO2,54.0,31.0,0.0,18.0,70
1987-01-03,28.0,Good,NO2,51.0,42.0,0.26,21.0,80
1987-01-04,47.0,Good,NO2,49.0,33.0,0.0,12.0,77
1987-01-05,38.0,Good,NO2,54.0,33.0,0.0,16.0,81
1987-01-06,47.0,Good,NO2,66.0,46.0,0.0,14.0,82
1987-01-07,34.0,Good,PM10,56.0,43.0,0.0,10.0,75
1987-01-08,40.0,Good,CO,50.0,44.0,0.15,11.0,82
1987-01-09,40.0,Good,CO,53.0,42.0,0.56,17.0,77
1987-01-10,28.0,Good,NO2,48.0,36.0,0.0,18.0,55
1987-01-11,47.0,Good,NO2,46.0,27.0,0.0,8.0,67
1987-01-12,47.0,Good,NO2,61.0,34.0,0.0,8.0,68
1987-01-13,38.0,Good,NO2,56.0,40.0,0.0,13.0,74
1987-01-14,28.0,Good,NO2,63.0,50.0,0.0,18.0,82
1987-01-15,38.0,Good,NO2,55.0,49.0,0.02,9.0,89
1987-01-16,28.0,Good,CO,58.0,47.0,0.05,10.0,90
1987-01-17,33.0,Good,CO,49.0,44.0,0.35,12.0,97
1987-01-18,40.0,Good,CO,44.0,31.0,0.1,19.0,75
1987-01-19,52.0,Moderate,CO,46.0,27.0,0.0,14.0,66
1987-01-20,42.0,Good,CO,46.0,30.0,0.0,9.0,69
1987-01-21,38.0,Good,NO2,49.0,31.0,0.0,8.0,71
1987-01-22,38.0,Good,NO2,44.0,33.0,0.0,19.0,55
1987-01-23,47.0,Good,NO2,57.0,30.0,0.0,17.0,55
1987-01-24,32.0,Good,Ozone,64.0,37.0,0.0,18.0,64
1987-01-25,47.0,Good,NO2,51.0,32.0,0.0,17.0,66
1987-01-26,57.0,Moderate,NO2,54.0,31.0,0.0,5.0,76
1987-01-27,79.0,Moderate,NO2,68.0,38.0,0.0,11.0,71
1987-01-28,57.0,Moderate,NO2,71.0,42.0,0.0,20.0,80
1987-01-29,51.0,Moderate,PM10,70.0,51.0,0.0,20.0,64
1987-01-30,68.0,Moderate,NO2,64.0,39.0,0.0,8.0,57
1987-01-31,68.0,Moderate,NO2,64.0,42.0,0.0,15.0,54
1987-02-01,32.0,Good,Ozone,68.0,53.0,0.17,16.0,73
1987-02-02,103.0,Unhealthy for Sensitive Groups,NO2,75.0,45.0,0.0,10.0,71
1987-02-03,68.0,Moderate,NO2,71.0,45.0,0.0,10.0,72
1987-02-04,57.0,Moderate,NO2,70.0,49.0,0.0,10.0,76
1987-02-05,38.0,Good,NO2,60.0,52.0,0.0,13.0,77
1987-02-06,20.0,Good,CO,51.0,42.0,0.3,15.0,87
1987-02-07,47.0,Good,NO2,60.0,38.0,0.0,13.0,69
1987-02-08,33.0,Good,Ozone,65.0,42.0,0.0,16.0,55
1987-02-09,47.0,Good,NO2,55.0,36.0,0.0,11.0,51
1987-02-10,47.0,Good,NO2,65.0,42.0,0.0,15.0,62
1987-02-11,40.0,Good,Ozone,73.0,53.0,0.0,15.0,75
1987-02-12,57.0,Moderate,NO2,72.0,49.0,0.0,8.0,74
1987-02-13,38.0,Good,NO2,73.0,53.0,0.0,16.0,75
1987-02-14,29.0,Good,Ozone,70.0,56.0,0.16,18.0,78
1987-02-15,24.0,Good,Ozone,64.0,49.0,0.05,22.0,75
1987-02-16,20.0,Good,CO,49.0,43.0,0.01,17.0,65
1987-02-17,47.0,Good,NO2,44.0,36.0,0.0,14.0,61
1987-02-18,57.0,Moderate,NO2,49.0,30.0,0.0,6.0,65
1987-02-19,28.0,Good,NO2,44.0,39.0,0.04,11.0,73
1987-02-20,38.0,Good,NO2,44.0,37.0,0.84,12.0,85
1987-02-21,38.0,Good,NO2,54.0,38.0,0.0,10.0,74
1987-02-22,47.0,Good,NO2,55.0,44.0,0.0,14.0,67
1987-02-23,47.0,Good,NO2,57.0,38.0,0.07,13.0,71
1987-02-24,38.0,Good,NO2,49.0,46.0,0.61,12.0,89
1987-02-25,28.0,Good,NO2,52.0,47.0,0.13,10.0,93
1987-02-26,38.0,Good,NO2,53.0,50.0,0.47,11.0,96
1987-02-27,28.0,Good,CO,61.0,53.0,0.45,10.0,96
1987-02-28,38.0,Good,NO2,59.0,49.0,0.57,25.0,67
1987-03-01,57.0,Moderate,NO2,58.0,42.0,0.0,12.0,55
1987-03-02,68.0,Moderate,NO2,60.0,35.0,0.0,7.0,69
1987-03-03,57.0,Moderate,NO2,63.0,38.0,0.0,7.0,69
1987-03-04,89.0,Moderate,NO2,67.0,39.0,0.0,7.0,66
1987-03-05,105.0,Unhealthy for Sensitive Groups,NO2,69.0,38.0,0.0,7.0,60
1987-03-06,89.0,Moderate,NO2,71.0,43.0,0.0,8.0,57
1987-03-07,93.0,Moderate,Ozone,69.0,43.0,0.0,8.0,62
1987-03-08,57.0,Moderate,NO2,69.0,52.0,0.0,8.0,60
1987-03-09,57.0,Moderate,NO2,69.0,47.0,0.05,10.0,65
1987-03-10,22.0,Good,PM10,53.0,45.0,0.0,13.0,65
1987-03-11,57.0,Moderate,NO2,53.0,41.0,0.03,8.0,65
1987-03-12,49.0,Good,Ozone,59.0,36.0,0.0,6.0,69
1987-03-13,61.0,Moderate,Ozone,65.0,39.0,0.0,13.0,67
1987-03-14,54.0,Moderate,Ozone,70.0,48.0,0.0,20.0,65
1987-03-15,38.0,Good,Ozone,71.0,58.0,0.01,14.0,79
1987-03-16,38.0,Good,NO2,69.0,60.0,0.71,19.0,83
1987-03-17,40.0,Good,Ozone,69.0,57.0,2.1,15.0,66
1987-03-18,47.0,Good,NO2,65.0,49.0,0.0,18.0,54
1987-03-19,49.0,Good,Ozone,74.0,46.0,0.0,10.0,69
1987-03-20,77.0,Moderate,Ozone,76.0,55.0,0.02,15.0,64
1987-03-21,42.0,Good,Ozone,78.0,57.0,0.0,13.0,69
1987-03-22,42.0,Good,Ozone,76.0,59.0,0.01,16.0,71
1987-03-23,39.0,Good,Ozone,67.0,48.0,0.61,27.0,64
1987-03-24,35.0,Good,Ozone,61.0,43.0,0.0,19.0,53
1987-03-25,57.0,Moderate,NO2,61.0,41.0,0.0,10.0,61
1987-03-26,38.0,Good,NO2,57.0,47.0,0.02,12.0,69
1987-03-27,49.0,Good,Ozone,69.0,41.0,0.0,12.0,71
1987-03-28,29.0,Good,Ozone,69.0,50.0,0.08,17.0,66
1987-03-29,30.0,Good,Ozone,48.0,33.0,0.3,17.0,57
1987-03-30,47.0,Good,NO2,46.0,30.0,0.04,18.0,51
1987-03-31,47.0,Good,NO2,62.0,32.0,0.0,10.0,58
1987-04-01,47.0,Good,NO2,75.0,45.0,0.0,13.0,55
1987-04-02,38.0,Good,NO2,59.0,43.0,0.1,20.0,54
1987-04-03,47.0,Good,NO2,57.0,35.0,0.0,8.0,56
1987-04-04,58.0,Moderate,Ozone,58.0,38.0,0.0,10.0,54
1987-04-05,47.0,Good,NO2,59.0,40.0,0.03,11.0,57
1987-04-06,68.0,Moderate,NO2,62.0,47.0,0.0,12.0,59
1987-04-07,48.0,Good,Ozone,65.0,43.0,0.0,9.0,59
1987-04-08,68.0,Moderate,NO2,71.0,51.0,0.0,8.0,54
1987-04-09,61.0,Moderate,Ozone,76.0,47.0,0.0,10.0,53
1987-04-10,68.0,Moderate,NO2,76.0,58.0,0.0,13.0,50
1987-04-11,100.0,Moderate,Ozone,88.0,53.0,0.03,17.0,60
1987-04-12,47.0,Good,Ozone,87.0,64.0,0.0,21.0,65
1987-04-13,37.0,Good,Ozone,74.0,56.0,0.29,22.0,64
1987-04-14,47.0,Good,NO2,64.0,54.0,0.0,26.0,46
1987-04-15,71.0,Moderate,Ozone,79.0,52.0,0.0,15.0,44
1987-04-16,140.0,Unhealthy for Sensitive Groups,Ozone,83.0,50.0,0.0,7.0,50
1987-04-17,122.0,Unhealthy for Sensitive Groups,Ozone,90.0,55.0,0.0,11.0,52
1987-04-18,77.0,Moderate,Ozone,93.0,64.0,0.0,12.0,51
1987-04-19,54.0,Moderate,Ozone,93.0,65.0,0.0,14.0,46
1987-04-20,58.0,Moderate,Ozone,90.0,68.0,0.0,15.0,53
1987-04-21,20.0,Good,PM10,74.0,62.0,0.31,17.0,79
1987-04-22,57.0,Moderate,NO2,73.0,58.0,0.0,12.0,48
1987-04-23,115.0,Unhealthy for Sensitive Groups,Ozone,83.0,52.0,0.0,9.0,52
1987-04-24,67.0,Moderate,Ozone,81.0,58.0,0.0,9.0,51
1987-04-25,126.0,Unhealthy for Sensitive Groups,Ozone,82.0,57.0,0.0,6.0,54
1987-04-26,115.0,Unhealthy for Sensitive Groups,Ozone,85.0,59.0,0.0,6.0,52
1987-04-27,190.0,Unhealthy,Ozone,89.0,57.0,0.0,6.0,47
1987-04-28,161.0,Unhealthy,Ozone,87.0,62.0,0.0,9.0,52
1987-04-29,156.0,Unhealthy,Ozone,91.0,64.0,0.0,10.0,46
1987-04-30,71.0,Moderate,Ozone,88.0,66.0,0.0,12.0,37
1987-05-01,40.0,Good,Ozone,80.0,65.0,0.02,15.0,61
1987-05-02,58.0,Moderate,Ozone,89.0,66.0,0.56,20.0,72
1987-05-03,48.0,Good,Ozone,86.0,69.0,0.13,15.0,75
1987-05-04,51.0,Moderate,Ozone,82.0,67.0,0.82,12.0,81
1987-05-05,54.0,Moderate,Ozone,85.0,68.0,0.05,10.0,71
1987-05-06,71.0,Moderate,Ozone,80.0,64.0,0.0,10.0,63
1987-05-07,71.0,Moderate,Ozone,76.0,62.0,0.27,9.0,78
1987-05-08,101.0,Unhealthy for Sensitive Groups,Ozone,81.0,63.0,0.02,7.0,74
1987-05-09,151.0,Unhealthy,Ozone,81.0,62.0,0.01,6.0,72
1987-05-10,150.0,Unhealthy for Sensitive Groups,Ozone,82.0,63.0,0.01,6.0,73
1987-05-11,90.0,Moderate,Ozone,85.0,66.0,0.02,6.0,72
1987-05-12,105.0,Unhealthy for Sensitive Groups,Ozone,84.0,67.0,0.08,8.0,74
1987-05-13,115.0,Unhealthy for Sensitive Groups,Ozone,85.0,67.0,0.0,6.0,72
1987-05-14,116.0,Unhealthy for Sensitive Groups,NO2,87.0,68.0,0.08,8.0,75
1987-05-15,47.0,Good,NO2,87.0,69.0,0.48,10.0,79
1987-05-16,108.0,Unhealthy for Sensitive Groups,Ozone,85.0,68.0,0.22,9.0,84
1987-05-17,77.0,Moderate,Ozone,84.0,68.0,0.04,8.0,81
1987-05-18,43.0,Good,Ozone,89.0,72.0,0.0,12.0,75
1987-05-19,42.0,Good,Ozone,86.0,72.0,0.04,16.0,72
1987-05-20,42.0,Good,Ozone,84.0,68.0,0.21,16.0,80
1987-05-21,44.0,Good,Ozone,88.0,71.0,0.02,12.0,77
1987-05-22,77.0,Moderate,Ozone,86.0,71.0,0.01,9.0,75
1987-05-23,84.0,Moderate,Ozone,87.0,72.0,0.56,8.0,80
1987-05-24,43.0,Good,Ozone,82.0,70.0,0.67,9.0,86
1987-05-25,42.0,Good,Ozone,84.0,68.0,0.08,13.0,81
1987-05-26,39.0,Good,Ozone,86.0,71.0,0.0,20.0,74
1987-05-27,40.0,Good,Ozone,85.0,73.0,0.06,19.0,74
1987-05-28,44.0,Good,Ozone,81.0,71.0,1.43,16.0,86
1987-05-29,47.0,Good,NO2,82.0,70.0,0.6,16.0,83
1987-05-30,44.0,Good,Ozone,81.0,67.0,1.15,10.0,84
1987-05-31,39.0,Good,Ozone,84.0,68.0,0.67,11.0,85
1987-06-01,40.0,Good,Ozone,85.0,70.0,0.0,13.0,79
1987-06-02,28.0,Good,NO2,84.0,71.0,0.01,13.0,77
1987-06-03,47.0,Good,NO2,80.0,70.0,0.42,14.0,85
1987-06-04,58.0,Moderate,Ozone,80.0,67.0,0.1,14.0,58
1987-06-05,115.0,Unhealthy for Sensitive Groups,Ozone,83.0,63.0,0.0,9.0,59
1987-06-06,174.0,Unhealthy,Ozone,83.0,62.0,0.0,7.0,61
1987-06-07,133.0,Unhealthy for Sensitive Groups,Ozone,87.0,65.0,0.0,7.0,68
1987-06-08,46.0,Good,Ozone,85.0,70.0,0.01,8.0,75
1987-06-09,38.0,Good,NO2,75.0,72.0,0.8,11.0,93
1987-06-10,26.0,Good,Ozone,78.0,72.0,0.84,13.0,92
1987-06-11,31.0,Good,CO,83.0,72.0,0.61,11.0,89
1987-06-12,42.0,Good,CO,82.0,72.0,0.36,9.0,90
1987-06-13,44.0,Good,Ozone,87.0,73.0,0.07,7.0,85
1987-06-14,156.0,Unhealthy,Ozone,93.0,73.0,0.0,6.0,75
1987-06-15,47.0,Good,NO2,90.0,76.0,0.1,10.0,75
1987-06-16,67.0,Moderate,Ozone,91.0,74.0,0.02,10.0,77
1987-06-17,84.0,Moderate,Ozone,91.0,76.0,0.14,10.0,80
1987-06-18,218.0,Very Unhealthy,Ozone,90.0,73.0,0.1,8.0,78
1987-06-19,47.0,Good,Ozone,90.0,76.0,0.27,15.0,77
1987-06-20,58.0,Moderate,Ozone,90.0,75.0,0.17,19.0,75
1987-06-21,31.0,Good,Ozone,90.0,75.0,0.0,11.0,71
1987-06-22,40.0,Good,Ozone,92.0,76.0,0.0,11.0,70
1987-06-23,44.0,Good,Ozone,91.0,78.0,0.02,11.0,71
1987-06-24,195.0,Unhealthy,Ozone,92.0,77.0,0.01,10.0,72
1987-06-25,126.0,Unhealthy for Sensitive Groups,Ozone,92.0,75.0,0.0,11.0,71
1987-06-26,71.0,Moderate,Ozone,87.0,72.0,0.0,13.0,55
1987-06-27,108.0,Unhealthy for Sensitive Groups,Ozone,90.0,70.0,0.0,6.0,58
1987-06-28,90.0,Moderate,Ozone,92.0,72.0,0.0,11.0,53
1987-06-29,100.0,Moderate,Ozone,89.0,74.0,0.0,12.0,56
1987-06-30,150.0,Unhealthy for Sensitive Groups,Ozone,87.0,74.0,1.9,11.0,83
1987-07-01,190.0,Unhealthy,Ozone,87.0,71.0,0.0,7.0,72
1987-07-02,38.0,Good,NO2,88.0,73.0,0.23,12.0,80
1987-07-03,38.0,Good,Ozone,92.0,75.0,0.41,13.0,77
1987-07-04,37.0,Good,Ozone,94.0,79.0,0.0,19.0,67
1987-07-05,37.0,Good,Ozone,93.0,78.0,0.0,22.0,65
1987-07-06,37.0,Good,Ozone,93.0,77.0,0.0,19.0,68
1987-07-07,38.0,Good,Ozone,90.0,76.0,0.0,16.0,73
1987-07-08,43.0,Good,Ozone,88.0,74.0,0.04,12.0,76
1987-07-09,29.0,Good,Ozone,88.0,75.0,0.13,14.0,79
1987-07-10,35.0,Good,Ozone,90.0,77.0,0.0,13.0,73
1987-07-11,37.0,Good,Ozone,91.0,76.0,0.0,13.0,69
1987-07-12,37.0,Good,Ozone,94.0,77.0,0.0,14.0,62
1987-07-13,71.0,Moderate,Ozone,84.0,75.0,0.21,14.0,73
1987-07-14,93.0,Moderate,Ozone,84.0,69.0,0.0,9.0,61
1987-07-15,156.0,Unhealthy,Ozone,89.0,66.0,0.0,7.0,61
1987-07-16,30.0,Good,Ozone,91.0,76.0,0.09,12.0,67
1987-07-17,32.0,Good,Ozone,90.0,78.0,0.12,19.0,73
1987-07-18,41.0,Good,Ozone,95.0,78.0,0.0,19.0,63
1987-07-19,101.0,Unhealthy for Sensitive Groups,Ozone,93.0,78.0,0.0,11.0,64
1987-07-20,108.0,Unhealthy for Sensitive Groups,Ozone,91.0,74.0,0.0,9.0,59
1987-07-21,93.0,Moderate,Ozone,90.0,76.0,0.0,7.0,65
1987-07-22,174.0,Unhealthy,Ozone,91.0,75.0,0.02,11.0,65
1987-07-23,51.0,Moderate,Ozone,93.0,75.0,0.09,11.0,72
1987-07-24,58.0,Moderate,Ozone,94.0,77.0,0.0,10.0,63
1987-07-25,126.0,Unhealthy for Sensitive Groups,Ozone,95.0,76.0,0.0,8.0,60
1987-07-26,133.0,Unhealthy for Sensitive Groups,Ozone,95.0,77.0,0.0,8.0,53
1987-07-27,140.0,Unhealthy for Sensitive Groups,Ozone,94.0,77.0,0.0,7.0,54
1987-07-28,101.0,Unhealthy for Sensitive Groups,Ozone,95.0,78.0,0.0,8.0,54
1987-07-29,105.0,Unhealthy for Sensitive Groups,Ozone,96.0,79.0,0.0,7.0,51
1987-07-30,156.0,Unhealthy,Ozone,98.0,79.0,0.0,6.0,52
1987-07-31,122.0,Unhealthy for Sensitive Groups,Ozone,98.0,82.0,0.0,7.0,50
1987-08-01,90.0,Moderate,Ozone,98.0,81.0,0.0,8.0,49
1987-08-02,46.0,Good,Ozone,98.0,82.0,0.0,8.0,49
1987-08-03,100.0,Moderate,NO2,98.0,82.0,0.0,9.0,49
1987-08-04,115.0,Unhealthy for Sensitive Groups,Ozone,98.0,82.0,0.0,8.0,48
1987-08-05,143.0,Unhealthy for Sensitive Groups,Ozone,98.0,82.0,0.07,8.0,58
1987-08-06,136.0,Unhealthy for Sensitive Groups,Ozone,99.0,82.0,0.0,11.0,58
1987-08-07,44.0,Good,Ozone,98.0,83.0,0.0,10.0,51
1987-08-08,38.0,Good,NO2,98.0,82.0,0.0,10.0,50
1987-08-09,51.0,Moderate,Ozone,97.0,82.0,0.0,11.0,54
1987-08-10,150.0,Unhealthy for Sensitive Groups,Ozone,96.0,81.0,0.05,8.0,57
1987-08-11,195.0,Unhealthy,Ozone,98.0,80.0,0.01,6.0,60
1987-08-12,51.0,Moderate,Ozone,99.0,82.0,0.01,12.0,55
1987-08-13,39.0,Good,Ozone,98.0,83.0,0.09,12.0,51
1987-08-14,49.0,Good,Ozone,99.0,81.0,0.0,12.0,49
1987-08-15,44.0,Good,Ozone,99.0,81.0,0.0,12.0,49
1987-08-16,42.0,Good,Ozone,100.0,80.0,0.0,14.0,51
1987-08-17,49.0,Good,Ozone,99.0,82.0,0.0,14.0,50
1987-08-18,43.0,Good,Ozone,100.0,82.0,0.0,10.0,46
1987-08-19,49.0,Good,Ozone,99.0,82.0,0.0,9.0,42
1987-08-20,58.0,Moderate,Ozone,100.0,80.0,0.0,9.0,43
1987-08-21,71.0,Moderate,Ozone,98.0,82.0,0.0,10.0,44
1987-08-22,47.0,Good,NO2,97.0,81.0,0.0,9.0,47
1987-08-23,108.0,Unhealthy for Sensitive Groups,Ozone,96.0,79.0,0.0,9.0,48
1987-08-24,126.0,Unhealthy for Sensitive Groups,Ozone,97.0,82.0,0.01,11.0,50
1987-08-25,46.0,Good,Ozone,97.0,81.0,0.0,11.0,48
1987-08-26,34.0,Good,Ozone,99.0,83.0,0.0,13.0,48
1987-08-27,38.0,Good,NO2,90.0,76.0,0.34,11.0,65
1987-08-28,48.0,Good,Ozone,80.0,72.0,0.0,9.0,62
1987-08-29,177.0,Unhealthy,Ozone,87.0,69.0,0.0,6.0,61
1987-08-30,54.0,Moderate,Ozone,84.0,74.0,0.23,10.0,75
1987-08-31,47.0,Good,NO2,85.0,72.0,0.05,10.0,76
1987-09-01,54.0,Moderate,Ozone,87.0,70.0,0.0,10.0,53
1987-09-02,106.0,Unhealthy for Sensitive Groups,NO2,89.0,64.0,0.0,5.0,46
1987-09-03,150.0,Unhealthy for Sensitive Groups,Ozone,94.0,68.0,0.0,6.0,47
1987-09-04,119.0,Unhealthy for Sensitive Groups,Ozone,95.0,72.0,0.0,7.0,44
1987-09-05,150.0,Unhealthy for Sensitive Groups,Ozone,94.0,74.0,0.0,9.0,43
1987-09-06,143.0,Unhealthy for Sensitive Groups,Ozone,93.0,75.0,0.0,9.0,41
1987-09-07,39.0,Good,Ozone,83.0,74.0,0.41,5.0,72
1987-09-08,108.0,Unhealthy for Sensitive Groups,Ozone,89.0,72.0,0.0,10.0,65
1987-09-09,239.0,Very Unhealthy,Ozone,92.0,71.0,0.0,6.0,55
1987-09-10,108.0,Unhealthy for Sensitive Groups,Ozone,92.0,74.0,0.16,12.0,58
1987-09-11,84.0,Moderate,Ozone,87.0,72.0,0.0,7.0,72
1987-09-12,161.0,Unhealthy,Ozone,86.0,71.0,0.12,8.0,76
1987-09-13,39.0,Good,Ozone,94.0,72.0,0.0,11.0,70
1987-09-14,34.0,Good,Ozone,94.0,78.0,0.0,13.0,65
1987-09-15,28.0,Good,NO2,90.0,74.0,0.8,15.0,74
1987-09-16,61.0,Moderate,Ozone,95.0,74.0,0.06,16.0,67
1987-09-17,71.0,Moderate,Ozone,94.0,73.0,0.0,14.0,70
1987-09-18,26.0,Good,Ozone,82.0,72.0,0.57,11.0,84
1987-09-19,48.0,Good,Ozone,80.0,69.0,0.0,11.0,66
1987-09-20,105.0,Unhealthy for Sensitive Groups,Ozone,83.0,66.0,0.0,6.0,65
1987-09-21,119.0,Unhealthy for Sensitive Groups,Ozone,83.0,65.0,0.0,9.0,66
1987-09-22,47.0,Good,NO2,78.0,63.0,0.0,13.0,55
1987-09-23,90.0,Moderate,Ozone,79.0,58.0,0.0,6.0,60
1987-09-24,133.0,Unhealthy for Sensitive Groups,Ozone,87.0,62.0,0.0,8.0,52
1987-09-25,122.0,Unhealthy for Sensitive Groups,Ozone,89.0,66.0,0.0,9.0,49
1987-09-26,126.0,Unhealthy for Sensitive Groups,Ozone,85.0,67.0,0.0,12.0,52
1987-09-27,61.0,Moderate,Ozone,89.0,70.0,0.02,13.0,63
1987-09-28,43.0,Good,Ozone,83.0,72.0,0.28,10.0,80
1987-09-29,40.0,Good,Ozone,82.0,67.0,0.03,15.0,63
1987-09-30,47.0,Good,NO2,78.0,61.0,0.0,15.0,46
1987-10-01,105.0,Unhealthy for Sensitive Groups,Ozone,81.0,55.0,0.0,6.0,53
1987-10-02,74.0,Moderate,Ozone,83.0,60.0,0.0,14.0,46
1987-10-03,47.0,Good,NO2,71.0,53.0,0.0,13.0,40
1987-10-04,58.0,Moderate,Ozone,78.0,51.0,0.0,8.0,45
1987-10-05,101.0,Unhealthy for Sensitive Groups,Ozone,91.0,60.0,0.0,13.0,40
1987-10-06,57.0,Moderate,NO2,78.0,59.0,0.0,13.0,33
1987-10-07,89.0,Moderate,NO2,79.0,54.0,0.0,8.0,44
1987-10-08,67.0,Moderate,Ozone,89.0,60.0,0.0,21.0,34
1987-10-09,87.0,Moderate,Ozone,89.0,68.0,0.0,18.0,48
1987-10-10,136.0,Unhealthy for Sensitive Groups,Ozone,83.0,65.0,0.0,12.0,61
1987-10-11,31.0,Good,Ozone,70.0,55.0,0.0,13.0,60
1987-10-12,57.0,Moderate,NO2,69.0,50.0,0.0,10.0,58
1987-10-13,57.0,Moderate,NO2,76.0,50.0,0.0,10.0,53
1987-10-14,122.0,Unhealthy for Sensitive Groups,Ozone,78.0,57.0,0.0,12.0,38
1987-10-15,61.0,Moderate,Ozone,80.0,59.0,0.0,15.0,58
1987-10-16,51.0,Moderate,Ozone,82.0,65.0,0.0,17.0,67
1987-10-17,57.0,Moderate,NO2,78.0,62.0,0.02,12.0,58
1987-10-18,44.0,Good,Ozone,85.0,63.0,0.12,13.0,63
1987-10-19,38.0,Good,NO2,76.0,65.0,0.39,15.0,78
1987-10-20,38.0,Good,NO2,67.0,56.0,0.03,15.0,60
1987-10-21,47.0,Good,NO2,67.0,48.0,0.0,10.0,49
1987-10-22,40.0,Good,Ozone,69.0,54.0,0.22,15.0,53
1987-10-23,38.0,Good,NO2,71.0,62.0,0.15,14.0,81
1987-10-24,37.0,Good,Ozone,75.0,64.0,0.43,12.0,90
1987-10-25,34.0,Good,Ozone,76.0,63.0,0.03,11.0,84
1987-10-26,47.0,Good,NO2,79.0,65.0,0.01,16.0,71
1987-10-27,47.0,Good,NO2,70.0,55.0,0.0,12.0,54
1987-10-28,57.0,Moderate,NO2,73.0,50.0,0.0,11.0,55
1987-10-29,49.0,Good,Ozone,80.0,59.0,0.0,18.0,58
1987-10-30,39.0,Good,Ozone,80.0,65.0,0.0,19.0,66
1987-10-31,43.0,Good,Ozone,79.0,64.0,0.0,20.0,66
1987-11-01,43.0,Good,Ozone,78.0,62.0,0.0,14.0,67
1987-11-02,68.0,Moderate,NO2,77.0,63.0,0.0,11.0,65
1987-11-03,133.0,Unhealthy for Sensitive Groups,Ozone,80.0,57.0,0.0,7.0,63
1987-11-04,68.0,Moderate,NO2,85.0,58.0,0.0,8.0,65
1987-11-05,47.0,Good,NO2,76.0,61.0,0.0,15.0,52
1987-11-06,47.0,Good,NO2,72.0,53.0,0.0,11.0,34
1987-11-07,77.0,Moderate,Ozone,74.0,55.0,0.01,18.0,46
1987-11-08,40.0,Good,Ozone,68.0,62.0,0.73,15.0,84
1987-11-09,19.0,Good,NO2,61.0,49.0,1.04,19.0,89
1987-11-10,38.0,Good,NO2,55.0,44.0,0.12,15.0,59
1987-11-11,89.0,Moderate,NO2,55.0,36.0,0.0,6.0,63
1987-11-12,68.0,Moderate,NO2,61.0,36.0,0.0,7.0,67
1987-11-13,58.0,Moderate,Ozone,65.0,41.0,0.0,11.0,68
1987-11-14,47.0,Good,NO2,68.0,51.0,0.0,17.0,75
1987-11-15,38.0,Good,NO2,68.0,62.0,0.59,23.0,91
1987-11-16,28.0,Good,NO2,63.0,50.0,0.09,15.0,85
1987-11-17,47.0,Good,NO2,64.0,42.0,0.0,10.0,61
1987-11-18,47.0,Good,NO2,64.0,45.0,0.11,15.0,74
1987-11-19,47.0,Good,NO2,55.0,42.0,0.02,14.0,75
1987-11-20,57.0,Moderate,NO2,61.0,39.0,0.0,6.0,71
1987-11-21,77.0,Moderate,Ozone,64.0,43.0,0.0,15.0,66
1987-11-22,38.0,Good,NO2,70.0,53.0,0.0,21.0,77
1987-11-23,38.0,Good,NO2,73.0,62.0,0.11,14.0,88
1987-11-24,25.0,Good,Ozone,71.0,64.0,0.24,15.0,88
1987-11-25,19.0,Good,NO2,63.0,48.0,0.58,14.0,79
1987-11-26,28.0,Good,NO2,56.0,47.0,0.0,8.0,76
1987-11-27,19.0,Good,NO2,53.0,44.0,0.16,14.0,75
1987-11-28,38.0,Good,NO2,52.0,39.0,0.0,14.0,64
1987-11-29,47.0,Good,NO2,59.0,36.0,0.0,7.0,72
1987-11-30,47.0,Good,NO2,58.0,38.0,0.0,10.0,71
1987-12-01,57.0,Moderate,NO2,56.0,35.0,0.0,8.0,68
1987-12-02,58.0,Moderate,CO,65.0,40.0,0.0,15.0,68
1987-12-03,79.0,Moderate,NO2,70.0,49.0,0.0,12.0,67
1987-12-04,103.0,Unhealthy for Sensitive Groups,NO2,69.0,44.0,0.0,8.0,63
1987-12-05,33.0,Good,Ozone,69.0,52.0,0.0,18.0,80
1987-12-06,28.0,Good,NO2,65.0,59.0,1.52,15.0,90
1987-12-07,28.0,Good,NO2,62.0,54.0,0.0,7.0,85
1987-12-08,38.0,Good,NO2,69.0,50.0,0.0,13.0,74
1987-12-09,47.0,Good,NO2,59.0,42.0,0.0,6.0,67
1987-12-10,100.0,Moderate,NO2,64.0,42.0,0.0,7.0,76
1987-12-11,47.0,Good,NO2,66.0,48.0,0.0,11.0,64
1987-12-12,38.0,Good,NO2,59.0,45.0,0.0,12.0,53
1987-12-13,28.0,Good,Ozone,48.0,42.0,0.53,16.0,77
1987-12-14,28.0,Good,Ozone,46.0,34.0,0.5,22.0,92
1987-12-15,38.0,Good,NO2,42.0,29.0,0.0,20.0,65
1987-12-16,68.0,Moderate,NO2,47.0,28.0,0.0,6.0,70
1987-12-17,47.0,Good,NO2,50.0,31.0,0.0,11.0,62
1987-12-18,28.0,Good,NO2,53.0,44.0,0.22,13.0,70
1987-12-19,28.0,Good,NO2,66.0,50.0,1.22,21.0,83
1987-12-20,28.0,Good,NO2,53.0,40.0,0.0,11.0,80
1987-12-21,38.0,Good,NO2,56.0,40.0,0.0,10.0,78
1987-12-22,68.0,Moderate,NO2,62.0,40.0,0.0,11.0,80
1987-12-23,28.0,Good,NO2,62.0,49.0,0.17,20.0,90
1987-12-24,19.0,Good,NO2,69.0,54.0,0.53,14.0,96
1987-12-25,19.0,Good,NO2,53.0,39.0,0.7,15.0,95
1987-12-26,23.0,Good,Ozone,40.0,37.0,0.19,14.0,89
1987-12-27,38.0,Good,NO2,46.0,32.0,0.0,12.0,66
1987-12-28,38.0,Good,NO2,45.0,33.0,0.0,15.0,56
1987-12-29,38.0,Good,NO2,43.0,30.0,0.0,10.0,70
1987-12-30,38.0,Good,NO2,49.0,33.0,0.13,18.0,79
1987-12-31,28.0,Good,NO2,56.0,41.0,0.02,13.0,82
1988-01-01,23.0,Good,Ozone,43.0,30.0,0.01,13.0,56
1988-01-02,19.0,Good,NO2,43.0,33.0,0.04,10.0,54
1988-01-03,38.0,Good,NO2,44.0,35.0,0.18,8.0,80
1988-01-04,38.0,Good,NO2,43.0,31.0,0.0,11.0,79
1988-01-05,28.0,Good,Ozone,44.0,29.0,0.0,11.0,61
1988-01-06,19.0,Good,NO2,39.0,28.0,0.65,14.0,80
1988-01-07,28.0,Good,Ozone,31.0,27.0,0.01,11.0,78
1988-01-08,47.0,Good,NO2,30.0,24.0,0.0,6.0,68
1988-01-09,38.0,Good,NO2,31.0,25.0,0.0,8.0,69
1988-01-10,47.0,Good,NO2,37.0,23.0,0.0,6.0,71
1988-01-11,38.0,Good,NO2,48.0,26.0,0.0,17.0,72
1988-01-12,31.0,Good,Ozone,58.0,42.0,0.01,18.0,75
1988-01-13,47.0,Good,NO2,44.0,26.0,0.0,13.0,54
1988-01-14,42.0,Good,PM10,49.0,29.0,0.0,11.0,62
1988-01-15,68.0,Moderate,NO2,59.0,32.0,0.0,14.0,74
1988-01-16,34.0,Good,Ozone,59.0,48.0,0.14,16.0,90
1988-01-17,47.0,Good,NO2,63.0,44.0,0.0,12.0,77
1988-01-18,47.0,Good,NO2,63.0,42.0,0.09,15.0,88
1988-01-19,38.0,Good,NO2,63.0,47.0,0.0,18.0,64
1988-01-20,38.0,Good,NO2,47.0,34.0,0.0,17.0,50
1988-01-21,38.0,Good,NO2,48.0,26.0,0.0,7.0,60
1988-01-22,47.0,Good,NO2,52.0,27.0,0.0,10.0,64
1988-01-23,43.0,Good,Ozone,61.0,32.0,0.0,15.0,59
1988-01-24,38.0,Good,NO2,52.0,40.0,0.0,14.0,59
1988-01-25,47.0,Good,NO2,45.0,33.0,0.0,20.0,48
1988-01-26,38.0,Good,NO2,55.0,33.0,0.0,15.0,52
1988-01-27,47.0,Good,NO2,63.0,33.0,0.0,13.0,58
1988-01-28,44.0,Good,Ozone,65.0,43.0,0.0,18.0,59
1988-01-29,38.0,Good,Ozone,69.0,51.0,0.0,24.0,66
1988-01-30,37.0,Good,Ozone,69.0,57.0,0.0,23.0,71
1988-01-31,37.0,Good,Ozone,73.0,62.0,0.01,22.0,75
1988-02-01,28.0,Good,NO2,73.0,60.0,0.02,15.0,83
1988-02-02,19.0,Good,CO,62.0,39.0,0.11,14.0,84
1988-02-03,30.0,Good,CO,45.0,37.0,0.05,13.0,87
1988-02-04,20.0,Good,CO,41.0,33.0,0.0,16.0,69
1988-02-05,26.0,Good,Ozone,39.0,33.0,0.15,12.0,68
1988-02-06,57.0,Moderate,NO2,38.0,26.0,0.0,11.0,56
1988-02-07,38.0,Good,NO2,45.0,28.0,0.0,15.0,70
1988-02-08,38.0,Good,NO2,53.0,35.0,0.0,12.0,82
1988-02-09,47.0,Good,NO2,52.0,41.0,0.0,9.0,82
1988-02-10,47.0,Good,NO2,63.0,42.0,0.03,20.0,77
1988-02-11,38.0,Good,NO2,38.0,25.0,0.0,21.0,53
1988-02-12,47.0,Good,NO2,58.0,24.0,0.0,11.0,61
1988-02-13,44.0,Good,Ozone,64.0,35.0,0.0,19.0,66
1988-02-14,39.0,Good,Ozone,65.0,47.0,0.01,23.0,66
1988-02-15,47.0,Good,NO2,53.0,37.0,0.0,12.0,51
1988-02-16,46.0,Good,Ozone,70.0,43.0,0.0,21.0,52
1988-02-17,47.0,Good,NO2,65.0,54.0,0.77,17.0,87
1988-02-18,23.0,Good,Ozone,57.0,45.0,0.43,14.0,93
1988-02-19,57.0,Moderate,NO2,56.0,41.0,0.0,16.0,69
1988-02-20,47.0,Good,NO2,64.0,39.0,0.0,13.0,55
1988-02-21,57.0,Moderate,NO2,72.0,37.0,0.0,12.0,60
1988-02-22,51.0,Moderate,Ozone,71.0,53.0,0.0,24.0,42
1988-02-23,39.0,Good,Ozone,60.0,45.0,0.0,17.0,49
1988-02-24,43.0,Good,Ozone,58.0,37.0,0.0,8.0,51
1988-02-25,100.0,Moderate,Ozone,66.0,40.0,0.0,8.0,60
1988-02-26,84.0,Moderate,Ozone,70.0,47.0,0.0,11.0,64
1988-02-27,61.0,Moderate,Ozone,73.0,57.0,0.0,10.0,72
1988-02-28,108.0,Unhealthy for Sensitive Groups,Ozone,73.0,44.0,0.0,8.0,58
1988-02-29,54.0,Moderate,Ozone,71.0,52.0,0.02,9.0,60
1988-03-01,42.0,Good,Ozone,74.0,54.0,0.17,17.0,72
1988-03-02,28.0,Good,NO2,65.0,60.0,0.88,21.0,89
1988-03-03,26.0,Good,Ozone,56.0,41.0,0.01,16.0,63
1988-03-04,100.0,Moderate,NO2,56.0,36.0,0.0,12.0,68
1988-03-05,79.0,Moderate,NO2,70.0,43.0,0.0,16.0,72
1988-03-06,57.0,Moderate,NO2,66.0,38.0,0.0,9.0,73
1988-03-07,68.0,Moderate,NO2,74.0,50.0,0.0,20.0,60
1988-03-08,38.0,Good,NO2,64.0,51.0,0.73,17.0,71
1988-03-09,47.0,Good,NO2,64.0,45.0,0.0,11.0,50
1988-03-10,61.0,Moderate,Ozone,75.0,43.0,0.0,19.0,52
1988-03-11,49.0,Good,Ozone,78.0,58.0,0.22,22.0,56
1988-03-12,34.0,Good,Ozone,61.0,48.0,0.0,15.0,45
1988-03-13,37.0,Good,Ozone,50.0,39.0,0.0,17.0,47
1988-03-14,43.0,Good,Ozone,53.0,31.0,0.0,13.0,50
1988-03-15,57.0,Moderate,NO2,61.0,35.0,0.0,9.0,49
1988-03-16,54.0,Moderate,Ozone,57.0,43.0,0.06,13.0,56
1988-03-17,44.0,Good,Ozone,58.0,43.0,0.96,18.0,79
1988-03-18,42.0,Good,Ozone,51.0,37.0,0.0,20.0,51
1988-03-19,57.0,Moderate,NO2,65.0,32.0,0.0,11.0,52
1988-03-20,67.0,Moderate,Ozone,79.0,43.0,0.0,15.0,46
1988-03-21,54.0,Moderate,Ozone,79.0,51.0,0.0,14.0,41
1988-03-22,40.0,Good,Ozone,73.0,52.0,0.0,17.0,66
1988-03-23,38.0,Good,NO2,74.0,60.0,0.01,18.0,74
1988-03-24,43.0,Good,Ozone,83.0,63.0,0.0,19.0,74
1988-03-25,57.0,Moderate,NO2,76.0,52.0,0.02,15.0,51
1988-03-26,47.0,Good,NO2,76.0,53.0,0.0,15.0,47
1988-03-27,90.0,Moderate,Ozone,80.0,53.0,0.0,18.0,46
1988-03-28,31.0,Good,Ozone,79.0,64.0,0.05,24.0,71
1988-03-29,47.0,Good,NO2,71.0,48.0,0.65,21.0,71
1988-03-30,47.0,Good,NO2,61.0,41.0,0.0,12.0,64
1988-03-31,38.0,Good,NO2,67.0,52.0,0.31,14.0,92
1988-04-01,47.0,Good,NO2,67.0,60.0,0.63,16.0,95
1988-04-02,71.0,Moderate,Ozone,77.0,47.0,0.0,13.0,50
1988-04-03,100.0,Moderate,Ozone,77.0,47.0,0.0,9.0,59
1988-04-04,49.0,Good,Ozone,84.0,60.0,0.0,15.0,60
1988-04-05,44.0,Good,Ozone,86.0,68.0,0.04,23.0,71
1988-04-06,58.0,Moderate,Ozone,72.0,53.0,0.0,18.0,44
1988-04-07,101.0,Unhealthy for Sensitive Groups,Ozone,82.0,51.0,0.0,8.0,47
1988-04-08,93.0,Moderate,Ozone,81.0,57.0,0.0,14.0,46
1988-04-09,108.0,Unhealthy for Sensitive Groups,Ozone,78.0,54.0,0.0,18.0,58
1988-04-10,46.0,Good,Ozone,61.0,49.0,0.06,26.0,59
1988-04-11,40.0,Good,Ozone,64.0,46.0,0.0,28.0,35
1988-04-12,100.0,Moderate,Ozone,73.0,48.0,0.0,16.0,43
1988-04-13,136.0,Unhealthy for Sensitive Groups,Ozone,78.0,47.0,0.0,7.0,52
1988-04-14,122.0,Unhealthy for Sensitive Groups,Ozone,83.0,54.0,0.0,11.0,43
1988-04-15,57.0,Moderate,NO2,82.0,60.0,0.0,12.0,59
1988-04-16,77.0,Moderate,Ozone,80.0,60.0,0.03,15.0,67
1988-04-17,38.0,Good,NO2,70.0,64.0,1.17,15.0,85
1988-04-18,28.0,Good,NO2,69.0,52.0,0.0,19.0,57
1988-04-19,71.0,Moderate,Ozone,68.0,43.0,0.0,8.0,60
1988-04-20,122.0,Unhealthy for Sensitive Groups,Ozone,84.0,55.0,0.0,16.0,55
1988-04-21,50.0,Good,Ozone,84.0,63.0,0.0,18.0,56
1988-04-22,103.0,Unhealthy for Sensitive Groups,NO2,87.0,67.0,0.0,16.0,56
1988-04-23,84.0,Moderate,Ozone,84.0,66.0,0.02,11.0,54
1988-04-24,77.0,Moderate,Ozone,84.0,54.0,0.0,16.0,48
1988-04-25,58.0,Moderate,Ozone,76.0,62.0,0.0,18.0,51
1988-04-26,105.0,Unhealthy for Sensitive Groups,Ozone,84.0,56.0,0.0,16.0,56
1988-04-27,54.0,Moderate,Ozone,75.0,53.0,0.0,14.0,37
1988-04-28,77.0,Moderate,Ozone,82.0,55.0,0.0,11.0,40
1988-04-29,57.0,Moderate,NO2,72.0,64.0,0.06,17.0,64
1988-04-30,79.0,Moderate,NO2,74.0,60.0,0.33,10.0,76
1988-05-01,100.0,Moderate,Ozone,79.0,55.0,0.0,13.0,63
1988-05-02,67.0,Moderate,Ozone,71.0,59.0,0.19,20.0,71
1988-05-03,57.0,Moderate,NO2,76.0,55.0,0.0,15.0,55
1988-05-04,90.0,Moderate,Ozone,77.0,55.0,0.0,11.0,54
1988-05-05,119.0,Unhealthy for Sensitive Groups,Ozone,82.0,54.0,0.0,6.0,59
1988-05-06,140.0,Unhealthy for Sensitive Groups,Ozone,84.0,61.0,0.0,16.0,53
1988-05-07,54.0,Moderate,Ozone,79.0,65.0,0.03,18.0,71
1988-05-08,61.0,Moderate,Ozone,89.0,69.0,0.28,17.0,59
1988-05-09,166.0,Unhealthy,Ozone,84.0,64.0,0.01,10.0,62
1988-05-10,87.0,Moderate,Ozone,87.0,59.0,0.0,9.0,48
1988-05-11,103.0,Unhealthy for Sensitive Groups,NO2,87.0,65.0,0.0,9.0,48
1988-05-12,166.0,Unhealthy,Ozone,83.0,65.0,0.0,9.0,51
1988-05-13,119.0,Unhealthy for Sensitive Groups,Ozone,87.0,65.0,0.0,8.0,50
1988-05-14,140.0,Unhealthy for Sensitive Groups,Ozone,89.0,67.0,0.0,13.0,45
1988-05-15,61.0,Moderate,Ozone,89.0,68.0,0.0,15.0,48
1988-05-16,84.0,Moderate,Ozone,88.0,71.0,0.0,12.0,55
1988-05-17,119.0,Unhealthy for Sensitive Groups,Ozone,92.0,70.0,0.0,7.0,55
1988-05-18,119.0,Unhealthy for Sensitive Groups,Ozone,91.0,68.0,0.0,10.0,48
1988-05-19,100.0,Moderate,Ozone,90.0,68.0,0.0,13.0,48
1988-05-20,40.0,Good,Ozone,85.0,71.0,0.15,11.0,59
1988-05-21,49.0,Good,Ozone,80.0,67.0,0.95,11.0,73
1988-05-22,40.0,Good,Ozone,71.0,63.0,0.0,17.0,55
1988-05-23,51.0,Moderate,Ozone,82.0,62.0,0.0,18.0,55
1988-05-24,67.0,Moderate,Ozone,81.0,65.0,0.0,15.0,64
1988-05-25,77.0,Moderate,Ozone,82.0,62.0,0.0,10.0,64
1988-05-26,136.0,Unhealthy for Sensitive Groups,Ozone,82.0,61.0,0.0,10.0,45
1988-05-27,192.0,Unhealthy,Ozone,87.0,61.0,0.0,10.0,45
1988-05-28,136.0,Unhealthy for Sensitive Groups,Ozone,86.0,66.0,0.0,14.0,50
1988-05-29,43.0,Good,Ozone,85.0,69.0,0.15,18.0,70
1988-05-30,38.0,Good,Ozone,87.0,71.0,0.13,17.0,72
1988-05-31,38.0,Good,Ozone,87.0,72.0,0.36,16.0,73
1988-06-01,112.0,Unhealthy for Sensitive Groups,Ozone,83.0,70.0,0.18,17.0,81
1988-06-02,47.0,Good,NO2,85.0,69.0,0.92,12.0,83
1988-06-03,46.0,Good,Ozone,78.0,66.0,1.2,12.0,87
1988-06-04,93.0,Moderate,Ozone,82.0,67.0,0.24,12.0,69
1988-06-05,136.0,Unhealthy for Sensitive Groups,Ozone,81.0,61.0,0.0,8.0,57
1988-06-06,190.0,Unhealthy,Ozone,85.0,66.0,0.0,7.0,64
1988-06-07,200.0,Unhealthy,Ozone,90.0,67.0,0.0,5.0,63
1988-06-08,126.0,Unhealthy for Sensitive Groups,Ozone,95.0,74.0,0.0,13.0,63
1988-06-09,93.0,Moderate,Ozone,94.0,72.0,0.0,16.0,62
1988-06-10,101.0,Unhealthy for Sensitive Groups,Ozone,84.0,71.0,0.0,14.0,47
1988-06-11,201.0,Very Unhealthy,Ozone,85.0,63.0,0.0,8.0,42
1988-06-12,182.0,Unhealthy,Ozone,89.0,64.0,0.0,11.0,48
1988-06-13,119.0,Unhealthy for Sensitive Groups,Ozone,90.0,69.0,0.0,13.0,52
1988-06-14,100.0,Moderate,Ozone,90.0,72.0,0.0,9.0,58
1988-06-15,136.0,Unhealthy for Sensitive Groups,Ozone,89.0,74.0,0.0,8.0,58
1988-06-16,133.0,Unhealthy for Sensitive Groups,Ozone,92.0,72.0,0.02,7.0,55
1988-06-17,122.0,Unhealthy for Sensitive Groups,Ozone,89.0,74.0,0.15,9.0,63
1988-06-18,156.0,Unhealthy,Ozone,91.0,72.0,0.0,7.0,56
1988-06-19,161.0,Unhealthy,Ozone,93.0,75.0,0.0,9.0,47
1988-06-20,133.0,Unhealthy for Sensitive Groups,Ozone,94.0,75.0,0.06,10.0,58
1988-06-21,119.0,Unhealthy for Sensitive Groups,Ozone,93.0,75.0,0.0,7.0,53
1988-06-22,122.0,Unhealthy for Sensitive Groups,Ozone,93.0,75.0,0.01,9.0,54
1988-06-23,166.0,Unhealthy,Ozone,94.0,74.0,0.04,8.0,58
1988-06-24,119.0,Unhealthy for Sensitive Groups,Ozone,95.0,74.0,0.16,11.0,69
1988-06-25,32.0,Good,Ozone,89.0,76.0,0.24,10.0,78
1988-06-26,122.0,Unhealthy for Sensitive Groups,Ozone,88.0,73.0,0.3,9.0,82
1988-06-27,169.0,Unhealthy,Ozone,93.0,76.0,0.01,6.0,71
1988-06-28,119.0,Unhealthy for Sensitive Groups,Ozone,89.0,78.0,0.2,11.0,77
1988-06-29,58.0,Moderate,Ozone,96.0,78.0,0.0,10.0,66
1988-06-30,84.0,Moderate,Ozone,97.0,79.0,0.0,13.0,55
1988-07-01,122.0,Unhealthy for Sensitive Groups,Ozone,96.0,80.0,0.0,12.0,53
1988-07-02,93.0,Moderate,Ozone,96.0,80.0,0.11,8.0,64
1988-07-03,108.0,Unhealthy for Sensitive Groups,Ozone,92.0,78.0,0.11,7.0,73
1988-07-04,42.0,Good,Ozone,94.0,76.0,0.33,12.0,73
1988-07-05,71.0,Moderate,Ozone,92.0,77.0,0.06,9.0,73
1988-07-06,84.0,Moderate,Ozone,89.0,76.0,0.22,11.0,73
1988-07-07,67.0,Moderate,Ozone,85.0,73.0,0.23,16.0,76
1988-07-08,49.0,Good,Ozone,88.0,72.0,0.43,11.0,80
1988-07-09,119.0,Unhealthy for Sensitive Groups,Ozone,90.0,73.0,0.0,6.0,67
1988-07-10,150.0,Unhealthy for Sensitive Groups,Ozone,93.0,76.0,0.0,7.0,59
1988-07-11,38.0,Good,NO2,87.0,76.0,0.43,9.0,80
1988-07-12,48.0,Good,Ozone,90.0,75.0,1.57,13.0,84
1988-07-13,44.0,Good,Ozone,92.0,76.0,0.09,16.0,75
1988-07-14,40.0,Good,Ozone,92.0,78.0,0.0,13.0,66
1988-07-15,37.0,Good,Ozone,93.0,79.0,0.0,11.0,66
1988-07-16,29.0,Good,Ozone,94.0,79.0,0.0,13.0,65
1988-07-17,30.0,Good,Ozone,96.0,80.0,0.0,11.0,57
1988-07-18,38.0,Good,Ozone,98.0,81.0,0.01,11.0,53
1988-07-19,44.0,Good,Ozone,96.0,81.0,0.05,9.0,58
1988-07-20,61.0,Moderate,Ozone,87.0,77.0,0.49,11.0,72
1988-07-21,80.0,Moderate,Ozone,90.0,72.0,0.0,12.0,55
1988-07-22,205.0,Very Unhealthy,Ozone,92.0,68.0,0.0,6.0,52
1988-07-23,166.0,Unhealthy,Ozone,96.0,72.0,0.0,10.0,45
1988-07-24,100.0,Moderate,Ozone,99.0,77.0,0.0,13.0,44
1988-07-25,143.0,Unhealthy for Sensitive Groups,Ozone,98.0,79.0,0.0,12.0,43
1988-07-26,74.0,Moderate,Ozone,100.0,78.0,0.02,10.0,43
1988-07-27,206.0,Very Unhealthy,Ozone,98.0,80.0,0.04,11.0,45
1988-07-28,61.0,Moderate,Ozone,99.0,79.0,0.0,12.0,48
1988-07-29,49.0,Good,Ozone,95.0,79.0,0.0,10.0,54
1988-07-30,115.0,Unhealthy for Sensitive Groups,Ozone,97.0,80.0,0.0,9.0,47
1988-07-31,44.0,Good,Ozone,96.0,79.0,0.01,10.0,53
1988-08-01,55.0,Moderate,PM10,97.0,80.0,0.0,12.0,51
1988-08-02,29.0,Good,Ozone,96.0,80.0,0.06,12.0,61
1988-08-03,29.0,Good,Ozone,94.0,78.0,0.02,9.0,65
1988-08-04,100.0,Moderate,Ozone,97.0,78.0,0.07,6.0,58
1988-08-05,187.0,Unhealthy,Ozone,99.0,79.0,0.0,6.0,54
1988-08-06,203.0,Very Unhealthy,Ozone,100.0,81.0,0.0,8.0,53
1988-08-07,156.0,Unhealthy,Ozone,102.0,82.0,0.0,6.0,48
1988-08-08,156.0,Unhealthy,Ozone,103.0,84.0,0.01,8.0,46
1988-08-09,90.0,Moderate,Ozone,100.0,84.0,0.0,11.0,44
1988-08-10,44.0,Good,Ozone,99.0,81.0,0.02,14.0,48
1988-08-11,133.0,Unhealthy for Sensitive Groups,Ozone,94.0,79.0,0.02,11.0,63
1988-08-12,67.0,Moderate,Ozone,97.0,78.0,0.02,19.0,65
1988-08-13,35.0,Good,Ozone,99.0,81.0,0.0,11.0,53
1988-08-14,67.0,Moderate,Ozone,99.0,80.0,0.01,10.0,55
1988-08-15,38.0,Good,NO2,99.0,82.0,0.0,9.0,49
1988-08-16,156.0,Unhealthy,Ozone,100.0,81.0,0.06,16.0,48
1988-08-17,71.0,Moderate,Ozone,95.0,82.0,0.19,14.0,58
1988-08-18,93.0,Moderate,Ozone,94.0,76.0,0.12,7.0,70
1988-08-19,61.0,Moderate,Ozone,99.0,81.0,0.02,12.0,57
1988-08-20,87.0,Moderate,Ozone,94.0,78.0,0.13,11.0,62
1988-08-21,43.0,Good,Ozone,100.0,82.0,0.0,10.0,49
1988-08-22,44.0,Good,Ozone,101.0,83.0,0.0,11.0,47
1988-08-23,90.0,Moderate,Ozone,103.0,84.0,0.0,11.0,45
1988-08-24,101.0,Unhealthy for Sensitive Groups,Ozone,100.0,83.0,0.01,14.0,50
1988-08-25,177.0,Unhealthy,Ozone,100.0,76.0,0.0,9.0,44
1988-08-26,177.0,Unhealthy,Ozone,103.0,80.0,0.0,9.0,35
1988-08-27,140.0,Unhealthy for Sensitive Groups,Ozone,101.0,83.0,0.0,12.0,37
1988-08-28,161.0,Unhealthy,Ozone,95.0,77.0,0.0,18.0,52
1988-08-29,24.0,Good,CO,79.0,71.0,0.16,12.0,81
1988-08-30,77.0,Moderate,Ozone,87.0,69.0,0.0,9.0,57
1988-08-31,166.0,Unhealthy,Ozone,90.0,69.0,0.0,9.0,45
1988-09-01,119.0,Unhealthy for Sensitive Groups,Ozone,94.0,72.0,0.01,10.0,52
1988-09-02,74.0,Moderate,Ozone,93.0,76.0,0.44,8.0,70
1988-09-03,38.0,Good,NO2,84.0,74.0,0.25,15.0,79
1988-09-04,42.0,Good,Ozone,83.0,70.0,0.0,16.0,44
1988-09-05,51.0,Moderate,Ozone,86.0,64.0,0.0,11.0,51
1988-09-06,87.0,Moderate,Ozone,88.0,64.0,0.0,6.0,48
1988-09-07,101.0,Unhealthy for Sensitive Groups,Ozone,91.0,68.0,0.0,11.0,47
1988-09-08,133.0,Unhealthy for Sensitive Groups,Ozone,94.0,69.0,0.0,12.0,45
1988-09-09,174.0,Unhealthy,Ozone,94.0,70.0,0.0,8.0,44
1988-09-10,100.0,Moderate,Ozone,94.0,71.0,0.0,11.0,48
1988-09-11,179.0,Unhealthy,Ozone,94.0,72.0,0.0,7.0,49
1988-09-12,49.0,Good,Ozone,94.0,74.0,0.0,13.0,50
1988-09-13,38.0,Good,NO2,93.0,76.0,0.1,8.0,70
1988-09-14,105.0,Unhealthy for Sensitive Groups,Ozone,91.0,74.0,0.06,5.0,69
1988-09-15,71.0,Moderate,Ozone,94.0,76.0,0.0,10.0,56
1988-09-16,31.0,Good,Ozone,90.0,76.0,0.0,10.0,64
1988-09-17,21.0,Good,Ozone,89.0,76.0,0.69,11.0,81
1988-09-18,37.0,Good,PM10,89.0,76.0,0.09,23.0,72
1988-09-19,47.0,Good,NO2,87.0,76.0,0.08,23.0,67
1988-09-20,39.0,Good,Ozone,89.0,73.0,0.03,7.0,56
1988-09-21,38.0,Good,NO2,91.0,75.0,0.0,10.0,61
1988-09-22,34.0,Good,Ozone,93.0,76.0,0.0,13.0,60
1988-09-23,38.0,Good,Ozone,90.0,77.0,0.01,11.0,59
1988-09-24,47.0,Good,NO2,81.0,71.0,0.04,11.0,67
1988-09-25,67.0,Moderate,Ozone,82.0,63.0,0.0,7.0,65
1988-09-26,93.0,Moderate,Ozone,86.0,64.0,0.0,6.0,65
1988-09-27,126.0,Unhealthy for Sensitive Groups,Ozone,91.0,68.0,0.0,10.0,55
1988-09-28,67.0,Moderate,Ozone,92.0,74.0,0.0,15.0,50
1988-09-29,38.0,Good,NO2,81.0,65.0,0.94,13.0,76
1988-09-30,38.0,Good,NO2,73.0,62.0,0.38,9.0,72
1988-10-01,38.0,Good,NO2,76.0,57.0,0.11,7.0,78
1988-10-02,58.0,Moderate,Ozone,77.0,60.0,0.12,14.0,70
1988-10-03,47.0,Good,NO2,76.0,58.0,0.0,9.0,55
1988-10-04,57.0,Moderate,NO2,74.0,55.0,0.0,7.0,57
1988-10-05,77.0,Moderate,Ozone,74.0,57.0,0.0,10.0,64
1988-10-06,84.0,Moderate,Ozone,74.0,56.0,0.0,10.0,57
1988-10-07,67.0,Moderate,Ozone,74.0,58.0,0.0,10.0,60
1988-10-08,57.0,Moderate,NO2,69.0,58.0,0.18,9.0,75
1988-10-09,38.0,Good,NO2,72.0,59.0,0.04,11.0,73
1988-10-10,68.0,Moderate,NO2,77.0,52.0,0.0,9.0,65
1988-10-11,43.0,Good,Ozone,78.0,56.0,0.0,12.0,53
1988-10-12,57.0,Moderate,NO2,73.0,52.0,0.0,7.0,50
1988-10-13,61.0,Moderate,Ozone,76.0,53.0,0.0,12.0,51
1988-10-14,67.0,Moderate,Ozone,79.0,57.0,0.0,14.0,46
1988-10-15,47.0,Good,NO2,83.0,64.0,0.0,15.0,60
1988-10-16,47.0,Good,NO2,87.0,68.0,0.01,14.0,61
1988-10-17,39.0,Good,Ozone,87.0,69.0,0.0,18.0,54
1988-10-18,42.0,Good,Ozone,87.0,70.0,0.0,15.0,57
1988-10-19,25.0,Good,CO,69.0,64.0,0.0,12.0,76
1988-10-20,54.0,Moderate,PM10,84.0,62.0,0.0,14.0,71
1988-10-21,57.0,Moderate,NO2,76.0,59.0,0.0,12.0,69
1988-10-22,71.0,Moderate,Ozone,83.0,58.0,0.0,14.0,68
1988-10-23,38.0,Good,NO2,81.0,63.0,0.04,16.0,62
1988-10-24,68.0,Moderate,NO2,78.0,53.0,0.0,8.0,42
1988-10-25,57.0,Moderate,NO2,82.0,63.0,0.05,13.0,61
1988-10-26,29.0,Good,Ozone,67.0,61.0,1.12,12.0,90
1988-10-27,38.0,Good,NO2,80.0,61.0,0.02,16.0,79
1988-10-28,28.0,Good,NO2,72.0,57.0,0.54,15.0,81
1988-10-29,28.0,Good,NO2,60.0,54.0,0.29,7.0,82
1988-10-30,19.0,Good,NO2,60.0,56.0,0.47,9.0,92
1988-10-31,28.0,Good,NO2,60.0,51.0,0.12,7.0,87
1988-11-01,68.0,Moderate,NO2,69.0,52.0,0.0,9.0,79
1988-11-02,38.0,Good,NO2,74.0,55.0,0.02,18.0,73
1988-11-03,68.0,Moderate,NO2,80.0,62.0,0.0,14.0,71
1988-11-04,47.0,Good,NO2,80.0,56.0,0.0,15.0,55
1988-11-05,34.0,Good,Ozone,71.0,59.0,0.0,20.0,38
1988-11-06,57.0,Moderate,NO2,71.0,50.0,0.0,11.0,44
1988-11-07,47.0,Good,NO2,84.0,60.0,0.0,19.0,52
1988-11-08,68.0,Moderate,NO2,75.0,52.0,0.0,10.0,63
1988-11-09,38.0,Good,NO2,81.0,65.0,0.01,19.0,78
1988-11-10,47.0,Good,NO2,74.0,56.0,0.0,14.0,53
1988-11-11,28.0,Good,NO2,66.0,54.0,0.02,21.0,66
1988-11-12,38.0,Good,NO2,73.0,55.0,0.3,21.0,68
1988-11-13,47.0,Good,NO2,73.0,48.0,0.0,11.0,61
1988-11-14,28.0,Good,NO2,79.0,62.0,0.0,17.0,74
1988-11-15,62.0,Moderate,PM10,83.0,69.0,0.25,32.0,69
1988-11-16,38.0,Good,NO2,63.0,46.0,0.0,17.0,46
1988-11-17,57.0,Moderate,NO2,61.0,39.0,0.0,14.0,57
1988-11-18,38.0,Good,NO2,70.0,56.0,0.04,14.0,78
1988-11-19,26.0,Good,Ozone,68.0,46.0,1.65,21.0,92
1988-11-20,38.0,Good,NO2,53.0,41.0,0.0,23.0,64
1988-11-21,47.0,Good,NO2,53.0,38.0,0.0,6.0,73
1988-11-22,100.0,Moderate,NO2,57.0,37.0,0.0,6.0,73
1988-11-23,57.0,Moderate,NO2,65.0,40.0,0.0,12.0,66
1988-11-24,74.0,Moderate,Ozone,71.0,48.0,0.0,18.0,66
1988-11-25,37.0,Good,Ozone,76.0,64.0,0.57,24.0,89
1988-11-26,34.0,Good,Ozone,70.0,56.0,0.07,20.0,64
1988-11-27,32.0,Good,Ozone,56.0,45.0,0.0,16.0,57
1988-11-28,38.0,Good,NO2,55.0,36.0,0.0,14.0,54
1988-11-29,38.0,Good,NO2,64.0,46.0,0.0,15.0,49
1988-11-30,61.0,Moderate,CO,59.0,38.0,0.0,8.0,62
1988-12-01,70.0,Moderate,CO,65.0,43.0,0.0,9.0,50
1988-12-02,89.0,Moderate,CO,68.0,40.0,0.0,7.0,58
1988-12-03,79.0,Moderate,NO2,68.0,44.0,0.0,7.0,51
1988-12-04,68.0,Moderate,NO2,60.0,43.0,0.0,10.0,68
1988-12-05,79.0,Moderate,NO2,60.0,39.0,0.0,7.0,68
1988-12-06,79.0,Moderate,NO2,66.0,46.0,0.0,11.0,66
1988-12-07,53.0,Moderate,PM10,66.0,54.0,0.24,11.0,85
1988-12-08,19.0,Good,CO,57.0,40.0,0.3,16.0,88
1988-12-09,28.0,Good,CO,46.0,38.0,0.02,12.0,68
1988-12-10,28.0,Good,NO2,44.0,42.0,0.47,8.0,86
1988-12-11,20.0,Good,Ozone,46.0,41.0,0.35,8.0,85
1988-12-12,28.0,Good,NO2,51.0,41.0,0.0,8.0,74
1988-12-13,47.0,Good,NO2,64.0,39.0,0.0,13.0,68
1988-12-14,57.0,Moderate,NO2,64.0,47.0,0.0,17.0,68
1988-12-15,19.0,Good,CO,53.0,46.0,0.0,16.0,58
1988-12-16,38.0,Good,NO2,47.0,36.0,0.0,11.0,52
1988-12-17,70.0,Moderate,CO,55.0,35.0,0.0,7.0,59
1988-12-18,86.0,Moderate,CO,63.0,36.0,0.0,14.0,58
1988-12-19,38.0,Good,NO2,68.0,47.0,0.0,25.0,64
1988-12-20,54.0,Moderate,CO,69.0,58.0,0.0,18.0,73
1988-12-21,79.0,Moderate,NO2,67.0,43.0,0.0,12.0,63
1988-12-22,38.0,Good,NO2,68.0,49.0,0.28,19.0,85
1988-12-23,47.0,Good,NO2,66.0,38.0,0.0,18.0,64
1988-12-24,47.0,Good,NO2,66.0,44.0,0.0,16.0,47
1988-12-25,38.0,Good,NO2,61.0,39.0,0.0,13.0,62
1988-12-26,28.0,Good,Ozone,73.0,57.0,0.05,26.0,77
1988-12-27,24.0,Good,Ozone,67.0,42.0,0.67,20.0,87
1988-12-28,38.0,Good,NO2,46.0,32.0,0.0,10.0,64
1988-12-29,38.0,Good,NO2,49.0,33.0,0.0,11.0,65
1988-12-30,47.0,Good,NO2,49.0,44.0,0.43,8.0,85
1988-12-31,47.0,Good,NO2,61.0,43.0,0.02,8.0,77
1989-01-01,38.0,Good,NO2,63.0,41.0,0.0,9.0,81
1989-01-02,38.0,Good,NO2,67.0,51.0,0.0,10.0,88
1989-01-03,38.0,Good,NO2,64.0,48.0,0.0,14.0,67
1989-01-04,47.0,Good,NO2,62.0,40.0,0.0,12.0,65
1989-01-05,47.0,Good,NO2,75.0,54.0,0.07,20.0,63
1989-01-06,57.0,Moderate,PM10,71.0,46.0,0.0,13.0,51
1989-01-07,33.0,Good,Ozone,71.0,54.0,0.04,16.0,64
1989-01-08,28.0,Good,NO2,53.0,37.0,0.11,11.0,61
1989-01-09,38.0,Good,NO2,45.0,35.0,0.0,8.0,80
1989-01-10,38.0,Good,NO2,60.0,36.0,0.0,14.0,79
1989-01-11,28.0,Good,NO2,66.0,52.0,0.04,19.0,84
1989-01-12,25.0,Good,PM10,61.0,40.0,0.26,18.0,81
1989-01-13,28.0,Good,NO2,41.0,36.0,0.38,14.0,69
1989-01-14,38.0,Good,NO2,52.0,33.0,0.02,11.0,74
1989-01-15,28.0,Good,NO2,58.0,37.0,0.0,12.0,67
1989-01-16,47.0,Good,NO2,52.0,36.0,0.0,11.0,74
1989-01-17,47.0,Good,NO2,60.0,37.0,0.0,13.0,78
1989-01-18,57.0,Moderate,NO2,66.0,49.0,0.0,12.0,80
1989-01-19,38.0,Good,NO2,59.0,47.0,0.0,8.0,92
1989-01-20,38.0,Good,NO2,54.0,43.0,0.0,17.0,51
1989-01-21,47.0,Good,NO2,51.0,31.0,0.0,8.0,57
1989-01-22,47.0,Good,NO2,57.0,33.0,0.0,11.0,64
1989-01-23,47.0,Good,NO2,61.0,44.0,0.0,16.0,69
1989-01-24,32.0,Good,PM10,70.0,54.0,0.02,14.0,83
1989-01-25,21.0,Good,Ozone,64.0,61.0,2.69,11.0,98
1989-01-26,44.0,Good,PM10,61.0,49.0,0.37,13.0,78
1989-01-27,28.0,Good,CO,57.0,42.0,0.03,11.0,72
1989-01-28,22.0,Good,CO,60.0,50.0,0.48,18.0,94
1989-01-29,28.0,Good,NO2,55.0,45.0,0.02,8.0,86
1989-01-30,50.0,Good,CO,67.0,38.0,0.0,8.0,78
1989-01-31,51.0,Moderate,CO,73.0,46.0,0.0,16.0,64
1989-02-01,28.0,Good,NO2,80.0,62.0,0.0,15.0,61
1989-02-02,26.0,Good,CO,68.0,45.0,1.32,17.0,91
1989-02-03,28.0,Good,Ozone,44.0,25.0,0.0,19.0,59
1989-02-04,25.0,Good,Ozone,27.0,20.0,0.0,12.0,57
1989-02-05,23.0,Good,Ozone,26.0,20.0,0.03,12.0,70
1989-02-06,28.0,Good,NO2,28.0,19.0,0.0,14.0,49
1989-02-07,47.0,Good,NO2,37.0,22.0,0.0,8.0,51
1989-02-08,57.0,Moderate,NO2,45.0,25.0,0.0,12.0,58
1989-02-09,52.0,Moderate,PM10,44.0,27.0,0.0,11.0,53
1989-02-10,47.0,Good,NO2,56.0,31.0,0.0,12.0,60
1989-02-11,48.0,Good,Ozone,68.0,42.0,0.0,11.0,77
1989-02-12,28.0,Good,NO2,65.0,55.0,0.47,15.0,96
1989-02-13,28.0,Good,NO2,71.0,58.0,0.15,17.0,92
1989-02-14,30.0,Good,CO,55.0,47.0,0.22,13.0,92
1989-02-15,28.0,Good,NO2,50.0,45.0,1.09,12.0,96
1989-02-16,28.0,Good,CO,46.0,43.0,0.85,13.0,94
1989-02-17,30.0,Good,CO,44.0,40.0,1.24,13.0,97
1989-02-18,28.0,Good,NO2,46.0,39.0,0.0,10.0,84
1989-02-19,31.0,Good,Ozone,51.0,41.0,0.0,12.0,82
1989-02-20,23.0,Good,Ozone,69.0,50.0,0.13,17.0,83
1989-02-21,47.0,Good,NO2,56.0,44.0,0.0,17.0,64
1989-02-22,40.0,Good,Ozone,53.0,37.0,0.0,14.0,53
1989-02-23,38.0,Good,NO2,45.0,27.0,0.0,11.0,49
1989-02-24,40.0,Good,Ozone,58.0,34.0,0.0,13.0,59
1989-02-25,47.0,Good,Ozone,71.0,45.0,0.0,16.0,76
1989-02-26,47.0,Good,NO2,73.0,53.0,0.0,13.0,77
1989-02-27,23.0,Good,Ozone,60.0,46.0,0.0,12.0,82
1989-02-28,38.0,Good,NO2,54.0,44.0,0.01,12.0,77
1989-03-01,32.0,Good,Ozone,53.0,46.0,0.0,8.0,71
1989-03-02,28.0,Good,NO2,63.0,42.0,0.0,14.0,80
1989-03-03,31.0,Good,PM10,68.0,57.0,0.04,16.0,90
1989-03-04,37.0,Good,Ozone,64.0,27.0,1.19,22.0,88
1989-03-05,37.0,Good,Ozone,28.0,23.0,0.09,20.0,66
1989-03-06,44.0,Good,Ozone,37.0,24.0,0.0,17.0,61
1989-03-07,67.0,Moderate,PM10,48.0,25.0,0.0,9.0,70
1989-03-08,68.0,Moderate,NO2,54.0,29.0,0.0,7.0,72
1989-03-09,74.0,Moderate,Ozone,63.0,35.0,0.0,6.0,69
1989-03-10,126.0,Unhealthy for Sensitive Groups,Ozone,73.0,42.0,0.0,10.0,64
1989-03-11,87.0,Moderate,Ozone,78.0,50.0,0.0,12.0,51
1989-03-12,71.0,Moderate,Ozone,79.0,55.0,0.0,15.0,50
1989-03-13,147.0,Unhealthy for Sensitive Groups,Ozone,78.0,57.0,0.0,14.0,62
1989-03-14,74.0,Moderate,Ozone,85.0,62.0,0.0,16.0,66
1989-03-15,89.0,Moderate,NO2,67.0,52.0,0.0,16.0,42
1989-03-16,79.0,Moderate,NO2,69.0,49.0,0.0,10.0,60
1989-03-17,50.0,Good,PM10,81.0,63.0,0.0,18.0,72
1989-03-18,26.0,Good,Ozone,70.0,56.0,0.01,16.0,76
1989-03-19,38.0,Good,NO2,70.0,54.0,0.13,14.0,80
1989-03-20,38.0,Good,Ozone,82.0,51.0,0.04,26.0,75
1989-03-21,39.0,Good,PM10,50.0,40.0,0.17,20.0,63
1989-03-22,57.0,Moderate,NO2,58.0,38.0,0.0,8.0,56
1989-03-23,57.0,Moderate,NO2,66.0,37.0,0.0,10.0,61
1989-03-24,90.0,Moderate,Ozone,75.0,50.0,0.0,16.0,57
1989-03-25,38.0,Good,Ozone,73.0,58.0,0.0,14.0,79
1989-03-26,26.0,Good,Ozone,73.0,62.0,0.0,17.0,83
1989-03-27,39.0,Good,Ozone,79.0,64.0,0.8,23.0,85
1989-03-28,39.0,Good,Ozone,74.0,64.0,1.09,17.0,91
1989-03-29,57.0,Moderate,NO2,75.0,62.0,0.09,10.0,81
1989-03-30,44.0,Good,Ozone,75.0,56.0,0.0,21.0,68
1989-03-31,47.0,Good,NO2,64.0,49.0,0.0,14.0,62
1989-04-01,101.0,Unhealthy for Sensitive Groups,Ozone,73.0,49.0,0.0,20.0,61
1989-04-02,46.0,Good,Ozone,83.0,62.0,0.0,22.0,70
1989-04-03,44.0,Good,Ozone,89.0,66.0,0.0,18.0,68
1989-04-04,48.0,Good,PM10,72.0,59.0,0.0,18.0,51
1989-04-05,57.0,Moderate,NO2,69.0,52.0,0.0,12.0,43
1989-04-06,93.0,Moderate,Ozone,80.0,54.0,0.0,18.0,43
1989-04-07,51.0,Moderate,Ozone,80.0,55.0,0.0,14.0,53
1989-04-08,46.0,Good,Ozone,76.0,57.0,0.0,22.0,54
1989-04-09,42.0,Good,Ozone,62.0,51.0,0.0,16.0,49
1989-04-10,47.0,Good,NO2,55.0,46.0,0.0,17.0,47
1989-04-11,68.0,Moderate,NO2,60.0,37.0,0.0,8.0,48
1989-04-12,54.0,Moderate,Ozone,63.0,48.0,0.07,10.0,52
1989-04-13,38.0,Good,NO2,64.0,53.0,0.35,8.0,61
1989-04-14,47.0,Good,NO2,67.0,52.0,0.27,8.0,78
1989-04-15,93.0,Moderate,Ozone,73.0,49.0,0.0,8.0,75
1989-04-16,112.0,Unhealthy for Sensitive Groups,Ozone,81.0,58.0,0.0,18.0,65
1989-04-17,44.0,Good,Ozone,80.0,60.0,0.0,16.0,70
1989-04-18,42.0,Good,Ozone,81.0,65.0,0.37,13.0,79
1989-04-19,58.0,Moderate,Ozone,75.0,63.0,0.01,12.0,76
1989-04-20,115.0,Unhealthy for Sensitive Groups,Ozone,79.0,54.0,0.0,7.0,65
1989-04-21,126.0,Unhealthy for Sensitive Groups,Ozone,85.0,62.0,0.0,10.0,64
1989-04-22,154.0,Unhealthy,Ozone,87.0,67.0,0.0,17.0,57
1989-04-23,87.0,Moderate,Ozone,86.0,64.0,0.0,17.0,57
1989-04-24,48.0,Good,Ozone,85.0,65.0,0.0,18.0,59
1989-04-25,44.0,Good,Ozone,86.0,67.0,0.0,17.0,61
1989-04-26,56.0,Moderate,PM10,85.0,69.0,0.0,16.0,66
1989-04-27,38.0,Good,NO2,85.0,69.0,0.0,16.0,59
1989-04-28,67.0,Moderate,Ozone,87.0,70.0,0.01,13.0,73
1989-04-29,84.0,Moderate,Ozone,85.0,64.0,0.03,8.0,67
1989-04-30,87.0,Moderate,Ozone,80.0,63.0,0.0,11.0,64
1989-05-01,47.0,Good,NO2,76.0,61.0,0.1,11.0,66
1989-05-02,49.0,Good,Ozone,80.0,59.0,1.32,16.0,57
1989-05-03,57.0,Moderate,NO2,77.0,64.0,1.32,15.0,86
1989-05-04,38.0,Good,NO2,80.0,64.0,2.49,12.0,90
1989-05-05,57.0,Moderate,NO2,80.0,64.0,0.02,14.0,71
1989-05-06,58.0,Moderate,Ozone,77.0,58.0,0.0,7.0,63
1989-05-07,101.0,Unhealthy for Sensitive Groups,Ozone,79.0,60.0,0.34,9.0,72
1989-05-08,42.0,Good,Ozone,88.0,70.0,0.0,19.0,74
1989-05-09,39.0,Good,Ozone,83.0,70.0,0.04,15.0,72
1989-05-10,51.0,Moderate,PM10,73.0,60.0,0.0,15.0,62
1989-05-11,67.0,Moderate,Ozone,75.0,59.0,0.0,12.0,58
1989-05-12,47.0,Good,NO2,68.0,62.0,0.25,13.0,72
1989-05-13,47.0,Good,NO2,76.0,61.0,0.2,11.0,87
1989-05-14,74.0,Moderate,Ozone,80.0,62.0,0.01,8.0,85
1989-05-15,47.0,Good,Ozone,81.0,66.0,0.36,15.0,84
1989-05-16,32.0,Good,Ozone,76.0,66.0,0.54,16.0,91
1989-05-17,20.0,Good,Ozone,80.0,70.0,1.12,20.0,91
1989-05-18,57.0,Moderate,NO2,86.0,70.0,0.0,16.0,72
1989-05-19,42.0,Good,Ozone,92.0,69.0,0.0,17.0,72
1989-05-20,51.0,Moderate,PM10,88.0,72.0,0.65,15.0,80
1989-05-21,44.0,Good,Ozone,88.0,69.0,0.0,15.0,80
1989-05-22,50.0,Good,PM10,85.0,73.0,0.0,19.0,77
1989-05-23,39.0,Good,Ozone,89.0,74.0,0.0,10.0,79
1989-05-24,52.0,Moderate,PM10,89.0,73.0,0.0,19.0,73
1989-05-25,44.0,Good,Ozone,92.0,74.0,0.0,24.0,70
1989-05-26,46.0,Good,PM10,89.0,75.0,0.01,20.0,70
1989-05-27,34.0,Good,Ozone,85.0,69.0,0.1,13.0,86
1989-05-28,46.0,Good,PM10,89.0,72.0,0.0,16.0,70
1989-05-29,44.0,Good,Ozone,90.0,72.0,0.0,17.0,54
1989-05-30,46.0,Good,Ozone,89.0,73.0,0.0,19.0,67
1989-05-31,42.0,Good,Ozone,90.0,73.0,0.0,19.0,65
1989-06-01,51.0,Moderate,Ozone,87.0,72.0,0.02,11.0,72
1989-06-02,54.0,Moderate,Ozone,85.0,73.0,0.09,9.0,81
1989-06-03,40.0,Good,Ozone,89.0,72.0,0.39,13.0,75
1989-06-04,57.0,Moderate,NO2,82.0,71.0,0.34,11.0,84
1989-06-05,58.0,Moderate,Ozone,83.0,70.0,0.12,15.0,74
1989-06-06,119.0,Unhealthy for Sensitive Groups,Ozone,84.0,64.0,0.0,11.0,69
1989-06-07,33.0,Good,Ozone,80.0,71.0,0.43,14.0,83
1989-06-08,57.0,Moderate,NO2,80.0,69.0,0.0,14.0,75
1989-06-09,71.0,Moderate,Ozone,82.0,64.0,0.01,8.0,74
1989-06-10,48.0,Good,Ozone,83.0,70.0,0.92,14.0,82
1989-06-11,43.0,Good,Ozone,88.0,71.0,1.22,14.0,82
1989-06-12,47.0,Good,NO2,85.0,72.0,0.26,24.0,83
1989-06-13,47.0,Good,NO2,83.0,71.0,1.77,14.0,85
1989-06-14,51.0,Moderate,Ozone,80.0,68.0,0.3,14.0,74
1989-06-15,57.0,Moderate,NO2,74.0,62.0,0.0,15.0,57
1989-06-16,101.0,Unhealthy for Sensitive Groups,Ozone,80.0,59.0,0.0,9.0,64
1989-06-17,140.0,Unhealthy for Sensitive Groups,Ozone,84.0,67.0,0.0,17.0,63
1989-06-18,90.0,Moderate,Ozone,89.0,69.0,0.0,12.0,69
1989-06-19,190.0,Unhealthy,Ozone,92.0,71.0,0.0,6.0,67
1989-06-20,205.0,Very Unhealthy,Ozone,91.0,69.0,0.0,7.0,68
1989-06-21,56.0,Moderate,PM10,92.0,72.0,0.0,10.0,64
1989-06-22,37.0,Good,Ozone,88.0,74.0,0.0,15.0,69
1989-06-23,38.0,Good,Ozone,86.0,73.0,0.0,11.0,75
1989-06-24,44.0,Good,Ozone,88.0,73.0,0.0,11.0,71
1989-06-25,57.0,Moderate,NO2,87.0,72.0,0.0,10.0,73
1989-06-26,47.0,Good,NO2,89.0,74.0,0.15,12.0,81
1989-06-27,33.0,Good,PM10,88.0,73.0,0.0,15.0,75
1989-06-28,28.0,Good,Ozone,87.0,74.0,0.02,18.0,74
1989-06-29,33.0,Good,Ozone,86.0,76.0,0.03,16.0,72
1989-06-30,29.0,Good,Ozone,79.0,75.0,0.09,16.0,85
1989-07-01,136.0,Unhealthy for Sensitive Groups,Ozone,91.0,75.0,0.0,8.0,72
1989-07-02,19.0,Good,NO2,95.0,76.0,0.19,12.0,73
1989-07-03,54.0,Moderate,Ozone,89.0,72.0,0.31,8.0,80
1989-07-04,105.0,Unhealthy for Sensitive Groups,Ozone,91.0,74.0,0.0,12.0,66
1989-07-05,100.0,Moderate,Ozone,92.0,72.0,0.0,8.0,66
1989-07-06,174.0,Unhealthy,Ozone,91.0,74.0,0.01,8.0,67
1989-07-07,48.0,Good,Ozone,88.0,76.0,0.15,7.0,78
1989-07-08,101.0,Unhealthy for Sensitive Groups,Ozone,89.0,74.0,0.11,6.0,79
1989-07-09,33.0,Good,Ozone,91.0,76.0,0.13,11.0,76
1989-07-10,40.0,Good,Ozone,91.0,76.0,0.0,12.0,69
1989-07-11,43.0,Good,Ozone,89.0,76.0,0.02,11.0,74
1989-07-12,40.0,Good,Ozone,94.0,77.0,0.0,13.0,65
1989-07-13,101.0,Unhealthy for Sensitive Groups,Ozone,95.0,79.0,0.08,14.0,62
1989-07-14,28.0,Good,NO2,81.0,75.0,1.54,8.0,92
1989-07-15,93.0,Moderate,Ozone,89.0,74.0,0.35,8.0,82
1989-07-16,47.0,Good,Ozone,93.0,74.0,0.0,6.0,77
1989-07-17,52.0,Moderate,PM10,94.0,79.0,0.0,14.0,71
1989-07-18,38.0,Good,Ozone,90.0,79.0,0.04,17.0,69
1989-07-19,57.0,Moderate,NO2,89.0,76.0,0.02,14.0,69
1989-07-20,61.0,Moderate,Ozone,86.0,71.0,0.0,12.0,58
1989-07-21,140.0,Unhealthy for Sensitive Groups,Ozone,86.0,68.0,0.0,8.0,60
1989-07-22,164.0,Unhealthy,Ozone,88.0,67.0,0.0,6.0,62
1989-07-23,74.0,Moderate,Ozone,86.0,71.0,0.02,9.0,68
1989-07-24,74.0,Moderate,Ozone,85.0,70.0,0.02,8.0,78
1989-07-25,67.0,Moderate,Ozone,87.0,71.0,0.0,10.0,73
1989-07-26,31.0,Good,Ozone,85.0,73.0,0.28,9.0,83
1989-07-27,77.0,Moderate,Ozone,87.0,72.0,0.01,6.0,81
1989-07-28,58.0,Moderate,Ozone,91.0,75.0,0.0,7.0,70
1989-07-29,90.0,Moderate,Ozone,93.0,76.0,0.0,8.0,62
1989-07-30,179.0,Unhealthy,Ozone,95.0,78.0,0.0,9.0,59
1989-07-31,161.0,Unhealthy,Ozone,93.0,76.0,0.0,9.0,63
1989-08-01,24.0,Good,Ozone,90.0,78.0,0.17,17.0,75
1989-08-02,32.0,Good,Ozone,86.0,75.0,0.7,22.0,85
1989-08-03,34.0,Good,Ozone,91.0,76.0,0.0,18.0,69
1989-08-04,38.0,Good,Ozone,92.0,76.0,0.0,17.0,68
1989-08-05,44.0,Good,Ozone,94.0,78.0,0.0,15.0,67
1989-08-06,38.0,Good,NO2,92.0,78.0,0.04,10.0,69
1989-08-07,32.0,Good,Ozone,82.0,74.0,0.8,13.0,79
1989-08-08,58.0,Moderate,Ozone,80.0,67.0,0.01,11.0,61
1989-08-09,90.0,Moderate,Ozone,82.0,66.0,0.0,5.0,61
1989-08-10,115.0,Unhealthy for Sensitive Groups,Ozone,82.0,64.0,0.0,6.0,63
1989-08-11,143.0,Unhealthy for Sensitive Groups,Ozone,84.0,70.0,0.0,7.0,59
1989-08-12,143.0,Unhealthy for Sensitive Groups,Ozone,87.0,67.0,0.0,7.0,60
1989-08-13,100.0,Moderate,Ozone,87.0,69.0,0.0,8.0,64
1989-08-14,53.0,Moderate,PM10,81.0,72.0,0.27,8.0,76
1989-08-15,87.0,Moderate,Ozone,83.0,70.0,0.44,8.0,83
1989-08-16,46.0,Good,Ozone,86.0,71.0,0.4,10.0,79
1989-08-17,47.0,Good,NO2,86.0,73.0,0.24,7.0,81
1989-08-18,51.0,Moderate,Ozone,90.0,73.0,0.02,8.0,78
1989-08-19,38.0,Good,NO2,90.0,75.0,0.0,12.0,71
1989-08-20,33.0,Good,Ozone,92.0,77.0,0.0,14.0,65
1989-08-21,38.0,Good,Ozone,92.0,77.0,0.0,11.0,64
1989-08-22,39.0,Good,Ozone,94.0,76.0,0.0,8.0,61
1989-08-23,84.0,Moderate,Ozone,95.0,77.0,0.0,8.0,61
1989-08-24,51.0,Moderate,Ozone,93.0,79.0,0.02,10.0,62
1989-08-25,37.0,Good,Ozone,94.0,78.0,0.02,11.0,64
1989-08-26,44.0,Good,Ozone,96.0,79.0,0.0,10.0,55
1989-08-27,44.0,Good,Ozone,96.0,79.0,0.0,7.0,56
1989-08-28,43.0,Good,Ozone,97.0,80.0,0.0,8.0,54
1989-08-29,61.0,Moderate,Ozone,96.0,80.0,0.0,8.0,53
1989-08-30,58.0,Moderate,Ozone,96.0,80.0,0.01,9.0,62
1989-08-31,39.0,Good,Ozone,97.0,81.0,0.0,11.0,56
1989-09-01,47.0,Good,NO2,99.0,82.0,0.0,14.0,50
1989-09-02,115.0,Unhealthy for Sensitive Groups,Ozone,96.0,82.0,0.0,10.0,55
1989-09-03,74.0,Moderate,Ozone,96.0,81.0,0.02,11.0,63
1989-09-04,122.0,Unhealthy for Sensitive Groups,Ozone,96.0,79.0,0.02,11.0,63
1989-09-05,133.0,Unhealthy for Sensitive Groups,Ozone,96.0,78.0,0.0,10.0,55
1989-09-06,71.0,Moderate,Ozone,94.0,78.0,0.0,12.0,57
1989-09-07,39.0,Good,Ozone,94.0,79.0,0.0,11.0,62
1989-09-08,33.0,Good,Ozone,94.0,79.0,0.01,14.0,57
1989-09-09,38.0,Good,NO2,93.0,78.0,0.31,14.0,63
1989-09-10,77.0,Moderate,Ozone,83.0,73.0,0.06,11.0,79
1989-09-11,38.0,Good,NO2,81.0,73.0,0.52,13.0,85
1989-09-12,49.0,Good,Ozone,86.0,71.0,0.02,10.0,76
1989-09-13,28.0,Good,NO2,81.0,62.0,0.12,15.0,84
1989-09-14,38.0,Good,NO2,71.0,60.0,0.0,13.0,63
1989-09-15,43.0,Good,Ozone,74.0,57.0,0.0,10.0,66
1989-09-16,101.0,Unhealthy for Sensitive Groups,Ozone,80.0,56.0,0.0,6.0,68
1989-09-17,87.0,Moderate,Ozone,85.0,60.0,0.0,7.0,63
1989-09-18,87.0,Moderate,Ozone,84.0,63.0,0.0,9.0,62
1989-09-19,90.0,Moderate,Ozone,84.0,62.0,0.0,7.0,62
1989-09-20,122.0,Unhealthy for Sensitive Groups,Ozone,86.0,64.0,0.0,8.0,59
1989-09-21,122.0,Unhealthy for Sensitive Groups,Ozone,85.0,65.0,0.0,9.0,57
1989-09-22,47.0,Good,NO2,81.0,66.0,0.0,18.0,57
1989-09-23,38.0,Good,PM10,71.0,60.0,0.0,20.0,42
1989-09-24,47.0,Good,NO2,69.0,52.0,0.0,10.0,42
1989-09-25,57.0,Moderate,NO2,75.0,50.0,0.0,11.0,53
1989-09-26,57.0,Moderate,NO2,79.0,54.0,0.0,12.0,46
1989-09-27,74.0,Moderate,Ozone,80.0,57.0,0.0,11.0,48
1989-09-28,100.0,Moderate,Ozone,80.0,55.0,0.0,8.0,55
1989-09-29,51.0,Moderate,Ozone,78.0,61.0,0.0,9.0,68
1989-09-30,84.0,Moderate,Ozone,83.0,61.0,0.0,9.0,67
1989-10-01,100.0,Moderate,Ozone,93.0,60.0,0.0,10.0,51
1989-10-02,154.0,Unhealthy,Ozone,94.0,70.0,0.0,11.0,41
1989-10-03,182.0,Unhealthy,Ozone,90.0,67.0,0.0,7.0,52
1989-10-04,122.0,Unhealthy for Sensitive Groups,Ozone,84.0,71.0,0.02,11.0,62
1989-10-05,126.0,Unhealthy for Sensitive Groups,Ozone,89.0,70.0,0.0,14.0,57
1989-10-06,39.0,Good,Ozone,84.0,70.0,0.6,13.0,71
1989-10-07,38.0,Good,NO2,73.0,64.0,0.0,12.0,59
1989-10-08,87.0,Moderate,Ozone,77.0,54.0,0.0,6.0,55
1989-10-09,54.0,Moderate,Ozone,82.0,57.0,0.0,10.0,52
1989-10-10,105.0,Unhealthy for Sensitive Groups,Ozone,85.0,62.0,0.0,9.0,46
1989-10-11,74.0,Moderate,Ozone,93.0,61.0,0.0,12.0,47
1989-10-12,122.0,Unhealthy for Sensitive Groups,Ozone,90.0,67.0,0.0,12.0,40
1989-10-13,79.0,Moderate,NO2,87.0,62.0,0.0,8.0,54
1989-10-14,67.0,Moderate,Ozone,87.0,64.0,0.0,8.0,62
1989-10-15,47.0,Good,Ozone,87.0,65.0,0.0,10.0,62
1989-10-16,61.0,Moderate,Ozone,88.0,71.0,0.0,17.0,65
1989-10-17,26.0,Good,PM10,69.0,55.0,0.0,17.0,57
1989-10-18,30.0,Good,Ozone,59.0,50.0,0.09,18.0,52
1989-10-19,47.0,Good,NO2,57.0,42.0,0.0,19.0,38
1989-10-20,57.0,Moderate,NO2,70.0,41.0,0.0,11.0,44
1989-10-21,47.0,Good,NO2,81.0,54.0,0.0,18.0,29
1989-10-22,44.0,Good,Ozone,83.0,61.0,0.0,17.0,56
1989-10-23,38.0,Good,NO2,85.0,64.0,0.0,14.0,62
1989-10-24,47.0,Good,NO2,81.0,67.0,0.0,12.0,65
1989-10-25,68.0,Moderate,NO2,81.0,65.0,0.0,12.0,65
1989-10-26,48.0,Good,Ozone,79.0,61.0,0.0,13.0,64
1989-10-27,57.0,Moderate,NO2,81.0,66.0,0.0,12.0,58
1989-10-28,47.0,Good,NO2,77.0,64.0,0.18,12.0,62
1989-10-29,35.0,Good,Ozone,78.0,65.0,0.04,16.0,77
1989-10-30,38.0,Good,NO2,66.0,53.0,0.4,17.0,71
1989-10-31,68.0,Moderate,NO2,62.0,45.0,0.0,9.0,57
1989-11-01,47.0,Good,NO2,66.0,51.0,0.0,8.0,58
1989-11-02,47.0,Good,NO2,56.0,44.0,0.0,17.0,60
1989-11-03,47.0,Good,NO2,61.0,43.0,0.0,9.0,58
1989-11-04,49.0,Good,Ozone,74.0,47.0,0.0,15.0,59
1989-11-05,33.0,Good,Ozone,84.0,64.0,0.0,25.0,74
1989-11-06,38.0,Good,NO2,86.0,66.0,0.0,16.0,70
1989-11-07,79.0,Moderate,NO2,84.0,64.0,0.0,13.0,68
1989-11-08,47.0,Good,NO2,76.0,55.0,0.0,19.0,53
1989-11-09,68.0,Moderate,NO2,77.0,45.0,0.0,13.0,43
1989-11-10,79.0,Moderate,NO2,81.0,49.0,0.0,8.0,42
1989-11-11,68.0,Moderate,NO2,80.0,55.0,0.0,11.0,38
1989-11-12,57.0,Moderate,NO2,80.0,57.0,0.0,12.0,60
1989-11-13,33.0,Good,Ozone,80.0,64.0,0.01,19.0,67
1989-11-14,38.0,Good,NO2,87.0,65.0,0.0,18.0,63
1989-11-15,38.0,Good,NO2,74.0,53.0,0.0,23.0,44
1989-11-16,29.0,Good,PM10,51.0,44.0,0.0,15.0,35
1989-11-17,28.0,Good,NO2,56.0,41.0,0.0,12.0,36
1989-11-18,19.0,Good,NO2,53.0,47.0,0.06,8.0,71
1989-11-19,38.0,Good,NO2,69.0,49.0,0.0,8.0,72
1989-11-20,47.0,Good,NO2,76.0,53.0,0.0,8.0,78
1989-11-21,38.0,Good,NO2,79.0,59.0,0.0,14.0,77
1989-11-22,28.0,Good,NO2,67.0,49.0,0.76,21.0,74
1989-11-23,47.0,Good,NO2,50.0,36.0,0.0,13.0,48
1989-11-24,42.0,Good,Ozone,62.0,41.0,0.0,19.0,60
1989-11-25,38.0,Good,NO2,76.0,57.0,0.0,18.0,74
1989-11-26,57.0,Moderate,NO2,73.0,53.0,0.0,13.0,78
1989-11-27,38.0,Good,NO2,78.0,59.0,0.0,14.0,56
1989-11-28,34.0,Good,PM10,58.0,44.0,0.0,16.0,41
1989-11-29,38.0,Good,NO2,51.0,40.0,0.0,11.0,36
1989-11-30,38.0,Good,NO2,51.0,41.0,0.0,7.0,51
1989-12-01,47.0,Good,NO2,53.0,45.0,0.0,5.0,52
1989-12-02,38.0,Good,NO2,61.0,44.0,0.04,14.0,53
1989-12-03,47.0,Good,NO2,51.0,37.0,0.0,12.0,37
1989-12-04,47.0,Good,NO2,67.0,38.0,0.0,14.0,39
1989-12-05,38.0,Good,NO2,74.0,47.0,0.0,12.0,55
1989-12-06,38.0,Good,NO2,70.0,51.0,0.0,13.0,63
1989-12-07,19.0,Good,NO2,54.0,42.0,0.04,14.0,70
1989-12-08,47.0,Good,NO2,48.0,36.0,0.0,17.0,65
1989-12-09,38.0,Good,NO2,61.0,33.0,0.0,15.0,61
1989-12-10,38.0,Good,NO2,75.0,47.0,0.0,16.0,47
1989-12-11,20.0,Good,Ozone,49.0,32.0,0.0,18.0,58
1989-12-12,57.0,Moderate,NO2,40.0,26.0,0.0,15.0,38
1989-12-13,47.0,Good,NO2,55.0,28.0,0.0,9.0,40
1989-12-14,47.0,Good,NO2,61.0,36.0,0.0,20.0,49
1989-12-15,40.0,Good,CO,43.0,22.0,0.0,20.0,44
1989-12-16,28.0,Good,NO2,26.0,17.0,0.0,14.0,31
1989-12-17,28.0,Good,NO2,30.0,24.0,0.02,5.0,41
1989-12-18,44.0,Good,PM10,36.0,26.0,0.02,11.0,68
1989-12-19,38.0,Good,NO2,35.0,27.0,0.0,12.0,69
1989-12-20,57.0,Moderate,PM10,41.0,23.0,0.0,7.0,69
1989-12-21,38.0,Good,NO2,36.0,20.0,0.0,17.0,61
1989-12-22,19.0,Good,NO2,19.0,10.0,0.0,18.0,34
1989-12-23,47.0,Good,NO2,21.0,6.0,0.0,9.0,33
1989-12-24,60.0,Moderate,PM10,41.0,18.0,0.0,12.0,27
1989-12-25,38.0,Good,NO2,64.0,25.0,0.0,12.0,49
1989-12-26,79.0,Moderate,NO2,68.0,29.0,0.0,11.0,55
1989-12-27,47.0,Good,NO2,65.0,37.0,0.0,11.0,39
1989-12-28,68.0,Moderate,NO2,67.0,35.0,0.06,17.0,73
1989-12-29,47.0,Good,NO2,69.0,56.0,0.13,14.0,83
1989-12-30,28.0,Good,NO2,53.0,43.0,0.17,11.0,78
1989-12-31,28.0,Good,NO2,52.0,35.0,0.0,12.0,56
1990-01-01,38.0,Good,NO2,56.0,30.0,0.0,10.0,49
1990-01-02,28.0,Good,NO2,61.0,40.0,0.0,18.0,54
1990-01-03,42.0,Good,PM10,62.0,53.0,0.1,19.0,87
1990-01-04,28.0,Good,NO2,53.0,42.0,0.0,13.0,52
1990-01-05,35.0,Good,PM10,49.0,37.0,0.02,5.0,74
1990-01-06,38.0,Good,NO2,55.0,40.0,0.0,5.0,69
1990-01-07,47.0,Good,NO2,59.0,34.0,0.0,8.0,58
1990-01-08,57.0,Moderate,NO2,69.0,37.0,0.0,14.0,46
1990-01-09,47.0,Good,NO2,71.0,44.0,0.0,15.0,42
1990-01-10,47.0,Good,NO2,74.0,39.0,0.0,13.0,47
1990-01-11,50.0,Good,PM10,71.0,49.0,0.0,15.0,40
1990-01-12,38.0,Good,NO2,53.0,40.0,0.0,16.0,23
1990-01-13,38.0,Good,NO2,55.0,31.0,0.0,13.0,32
1990-01-14,42.0,Good,Ozone,72.0,47.0,0.0,18.0,65
1990-01-15,32.0,Good,Ozone,73.0,59.0,0.0,18.0,79
1990-01-16,28.0,Good,NO2,65.0,59.0,0.76,17.0,93
1990-01-17,47.0,Good,NO2,72.0,61.0,0.16,17.0,90
1990-01-18,19.0,Good,NO2,60.0,55.0,1.18,18.0,97
1990-01-19,19.0,Good,NO2,67.0,50.0,1.96,20.0,88
1990-01-20,38.0,Good,NO2,58.0,42.0,0.0,9.0,71
1990-01-21,57.0,Moderate,NO2,59.0,37.0,0.0,6.0,67
1990-01-22,57.0,Moderate,NO2,67.0,43.0,0.0,14.0,63
1990-01-23,36.0,Good,PM10,66.0,55.0,0.0,16.0,58
1990-01-24,31.0,Good,Ozone,74.0,50.0,0.0,20.0,62
1990-01-25,47.0,Good,NO2,55.0,38.0,0.0,18.0,45
1990-01-26,38.0,Good,NO2,64.0,41.0,0.0,21.0,37
1990-01-27,28.0,Good,NO2,67.0,52.0,0.0,20.0,62
1990-01-28,28.0,Good,NO2,54.0,42.0,0.2,12.0,75
1990-01-29,38.0,Good,NO2,59.0,33.0,0.0,17.0,57
1990-01-30,57.0,Moderate,NO2,64.0,45.0,0.0,16.0,43
1990-01-31,47.0,Good,NO2,65.0,44.0,0.69,13.0,74
1990-02-01,38.0,Good,NO2,70.0,57.0,1.56,17.0,89
1990-02-02,47.0,Good,NO2,68.0,49.0,0.01,9.0,82
1990-02-03,19.0,Good,NO2,59.0,45.0,0.14,18.0,75
1990-02-04,47.0,Good,NO2,57.0,36.0,0.0,12.0,58
1990-02-05,38.0,Good,NO2,59.0,36.0,0.04,15.0,67
1990-02-06,57.0,Moderate,NO2,65.0,48.0,0.0,16.0,69
1990-02-07,89.0,Moderate,NO2,68.0,40.0,0.0,10.0,68
1990-02-08,35.0,Good,Ozone,74.0,53.0,0.0,14.0,81
1990-02-09,28.0,Good,NO2,66.0,54.0,1.09,15.0,90
1990-02-10,57.0,Moderate,NO2,61.0,41.0,0.02,11.0,63
1990-02-11,57.0,Moderate,NO2,69.0,41.0,0.0,7.0,64
1990-02-12,47.0,Good,NO2,72.0,47.0,0.0,20.0,65
1990-02-13,35.0,Good,Ozone,73.0,57.0,0.0,20.0,69
1990-02-14,24.0,Good,PM10,69.0,60.0,0.64,16.0,88
1990-02-15,19.0,Good,NO2,74.0,55.0,0.39,10.0,85
1990-02-16,47.0,Good,NO2,56.0,39.0,0.0,10.0,48
1990-02-17,38.0,Good,NO2,57.0,35.0,0.0,9.0,59
1990-02-18,28.0,Good,NO2,54.0,42.0,0.02,9.0,69
1990-02-19,38.0,Good,NO2,63.0,43.0,0.0,10.0,81
1990-02-20,38.0,Good,NO2,63.0,44.0,0.0,16.0,61
1990-02-21,28.0,Good,NO2,51.0,45.0,0.73,12.0,76
1990-02-22,38.0,Good,NO2,52.0,41.0,0.0,24.0,71
1990-02-23,47.0,Good,NO2,66.0,40.0,0.0,12.0,54
1990-02-24,47.0,Good,NO2,69.0,43.0,0.0,8.0,58
1990-02-25,44.0,Good,Ozone,71.0,46.0,0.0,13.0,59
1990-02-26,44.0,Good,Ozone,70.0,53.0,0.0,19.0,66
1990-02-27,38.0,Good,NO2,68.0,53.0,0.02,15.0,74
1990-02-28,28.0,Good,NO2,60.0,43.0,0.61,16.0,86
1990-03-01,19.0,Good,NO2,44.0,41.0,0.0,15.0,76
1990-03-02,47.0,Good,NO2,58.0,42.0,0.0,8.0,68
1990-03-03,57.0,Moderate,NO2,63.0,36.0,0.0,6.0,69
1990-03-04,54.0,Moderate,Ozone,69.0,43.0,0.0,15.0,62
1990-03-05,47.0,Good,NO2,70.0,53.0,0.09,19.0,71
1990-03-06,42.0,Good,Ozone,66.0,57.0,0.69,21.0,82
1990-03-07,28.0,Good,NO2,68.0,61.0,2.45,14.0,95
1990-03-08,34.0,Good,PM10,71.0,58.0,0.02,9.0,92
1990-03-09,28.0,Good,NO2,78.0,65.0,0.02,15.0,81
1990-03-10,29.0,Good,PM10,77.0,65.0,0.0,18.0,78
1990-03-11,26.0,Good,Ozone,72.0,65.0,0.46,24.0,88
1990-03-12,25.0,Good,Ozone,78.0,64.0,0.93,21.0,89
1990-03-13,28.0,Good,Ozone,76.0,64.0,0.02,21.0,83
1990-03-14,38.0,Good,NO2,70.0,54.0,0.85,25.0,74
1990-03-15,47.0,Good,NO2,65.0,44.0,0.0,13.0,55
1990-03-16,47.0,Good,NO2,68.0,47.0,0.02,10.0,58
1990-03-17,51.0,Moderate,Ozone,71.0,45.0,0.0,11.0,60
1990-03-18,71.0,Moderate,Ozone,74.0,52.0,0.0,16.0,52
1990-03-19,38.0,Good,NO2,60.0,48.0,0.02,19.0,58
1990-03-20,47.0,Good,NO2,62.0,37.0,0.0,8.0,58
1990-03-21,74.0,Moderate,Ozone,71.0,48.0,0.0,18.0,57
1990-03-22,38.0,Good,Ozone,73.0,55.0,0.0,18.0,71
1990-03-23,40.0,Good,Ozone,74.0,58.0,0.0,14.0,72
1990-03-24,19.0,Good,NO2,62.0,43.0,0.02,15.0,82
1990-03-25,19.0,Good,NO2,42.0,39.0,0.32,10.0,85
1990-03-26,42.0,Good,PM10,49.0,41.0,0.02,9.0,82
1990-03-27,28.0,Good,NO2,53.0,45.0,0.42,10.0,86
1990-03-28,38.0,Good,NO2,70.0,51.0,0.44,12.0,93
1990-03-29,28.0,Good,NO2,68.0,59.0,0.63,11.0,94
1990-03-30,28.0,Good,NO2,66.0,58.0,0.18,9.0,86
1990-03-31,47.0,Good,NO2,69.0,52.0,0.02,7.0,74
1990-04-01,57.0,Moderate,NO2,75.0,54.0,0.0,5.0,77
1990-04-02,35.0,Good,Ozone,68.0,55.0,0.0,16.0,60
1990-04-03,47.0,Good,NO2,67.0,46.0,0.0,8.0,54
1990-04-04,51.0,Moderate,Ozone,78.0,51.0,0.0,11.0,63
1990-04-05,48.0,Good,Ozone,79.0,61.0,1.26,18.0,75
1990-04-06,38.0,Good,NO2,60.0,47.0,0.38,19.0,63
1990-04-07,57.0,Moderate,NO2,61.0,40.0,0.0,8.0,53
1990-04-08,47.0,Good,NO2,66.0,49.0,0.0,13.0,58
1990-04-09,38.0,Good,NO2,75.0,59.0,0.22,19.0,82
1990-04-10,33.0,Good,Ozone,68.0,58.0,1.35,20.0,75
1990-04-11,47.0,Good,PM10,65.0,49.0,0.0,11.0,59
1990-04-12,40.0,Good,Ozone,68.0,47.0,0.0,14.0,61
1990-04-13,38.0,Good,NO2,67.0,54.0,0.8,17.0,82
1990-04-14,57.0,Moderate,NO2,74.0,59.0,0.43,9.0,78
1990-04-15,47.0,Good,NO2,81.0,56.0,0.31,17.0,79
1990-04-16,29.0,Good,Ozone,79.0,63.0,0.0,15.0,79
1990-04-17,50.0,Good,PM10,70.0,58.0,0.6,16.0,83
1990-04-18,26.0,Good,Ozone,60.0,50.0,1.12,11.0,74
1990-04-19,28.0,Good,NO2,70.0,58.0,0.23,12.0,81
1990-04-20,47.0,Good,NO2,75.0,65.0,0.68,13.0,86
1990-04-21,38.0,Good,NO2,79.0,65.0,0.13,9.0,84
1990-04-22,30.0,Good,Ozone,81.0,63.0,0.0,12.0,77
1990-04-23,34.0,Good,Ozone,80.0,66.0,0.04,19.0,76
1990-04-24,28.0,Good,NO2,77.0,65.0,0.53,19.0,82
1990-04-25,28.0,Good,NO2,77.0,67.0,0.7,19.0,86
1990-04-26,38.0,Good,NO2,73.0,65.0,2.32,17.0,90
1990-04-27,47.0,Good,NO2,77.0,61.0,0.3,14.0,82
1990-04-28,44.0,Good,Ozone,78.0,54.0,0.0,16.0,66
1990-04-29,40.0,Good,Ozone,92.0,69.0,0.0,15.0,72
1990-04-30,28.0,Good,NO2,75.0,60.0,0.09,15.0,80
1990-05-01,51.0,Moderate,PM10,70.0,56.0,1.72,11.0,86
1990-05-02,28.0,Good,NO2,78.0,62.0,3.12,16.0,91
1990-05-03,43.0,Good,Ozone,74.0,59.0,2.59,10.0,80
1990-05-04,28.0,Good,NO2,65.0,52.0,0.0,15.0,62
1990-05-05,57.0,Moderate,NO2,73.0,52.0,0.0,10.0,62
1990-05-06,57.0,Moderate,NO2,74.0,55.0,0.0,8.0,66
1990-05-07,58.0,Moderate,Ozone,79.0,55.0,0.0,13.0,63
1990-05-08,39.0,Good,Ozone,79.0,63.0,0.0,16.0,72
1990-05-09,37.0,Good,Ozone,84.0,66.0,0.0,21.0,68
1990-05-10,38.0,Good,NO2,73.0,53.0,0.0,12.0,55
1990-05-11,38.0,Good,NO2,80.0,62.0,0.2,20.0,73
1990-05-12,47.0,Good,NO2,84.0,68.0,0.43,20.0,78
1990-05-13,80.0,Moderate,Ozone,84.0,61.0,0.0,10.0,73
1990-05-14,39.0,Good,Ozone,88.0,70.0,0.0,17.0,77
1990-05-15,49.0,Good,PM10,89.0,72.0,0.0,22.0,71
1990-05-16,39.0,Good,Ozone,85.0,73.0,0.32,20.0,78
1990-05-17,48.0,Good,Ozone,79.0,62.0,0.0,17.0,60
1990-05-18,28.0,Good,NO2,80.0,67.0,0.17,16.0,75
1990-05-19,34.0,Good,Ozone,89.0,72.0,0.12,21.0,77
1990-05-20,38.0,Good,Ozone,91.0,73.0,0.26,18.0,77
1990-05-21,68.0,Moderate,PM10,85.0,69.0,0.0,13.0,73
1990-05-22,77.0,Moderate,Ozone,82.0,64.0,0.0,10.0,69
1990-05-23,67.0,Moderate,Ozone,82.0,63.0,0.0,9.0,73
1990-05-24,84.0,Moderate,Ozone,87.0,68.0,0.0,16.0,68
1990-05-25,47.0,Good,PM10,89.0,73.0,0.0,18.0,66
1990-05-26,38.0,Good,Ozone,90.0,73.0,0.0,20.0,67
1990-05-27,44.0,Good,Ozone,86.0,71.0,0.21,17.0,76
1990-05-28,44.0,Good,Ozone,80.0,70.0,0.3,12.0,76
1990-05-29,61.0,Moderate,Ozone,83.0,64.0,0.0,16.0,72
1990-05-30,43.0,Good,Ozone,90.0,71.0,0.28,17.0,78
1990-05-31,44.0,Good,Ozone,88.0,73.0,0.01,16.0,83
1990-06-01,47.0,Good,NO2,89.0,76.0,0.0,19.0,74
1990-06-02,26.0,Good,Ozone,87.0,78.0,0.02,24.0,77
1990-06-03,28.0,Good,NO2,87.0,70.0,1.76,16.0,88
1990-06-04,61.0,Moderate,Ozone,85.0,70.0,0.14,10.0,73
1990-06-05,58.0,Moderate,Ozone,92.0,69.0,0.0,15.0,72
1990-06-06,37.0,Good,Ozone,91.0,75.0,0.0,16.0,67
1990-06-07,37.0,Good,Ozone,91.0,75.0,0.0,18.0,66
1990-06-08,37.0,Good,Ozone,91.0,75.0,0.0,17.0,65
1990-06-09,44.0,Good,Ozone,90.0,75.0,0.0,12.0,65
1990-06-10,93.0,Moderate,Ozone,91.0,73.0,0.02,6.0,67
1990-06-11,87.0,Moderate,Ozone,91.0,74.0,0.01,10.0,69
1990-06-12,34.0,Good,Ozone,92.0,77.0,0.0,13.0,63
1990-06-13,34.0,Good,Ozone,93.0,78.0,0.0,19.0,61
1990-06-14,33.0,Good,Ozone,93.0,79.0,0.0,16.0,64
1990-06-15,38.0,Good,Ozone,95.0,79.0,0.0,13.0,58
1990-06-16,37.0,Good,Ozone,95.0,79.0,0.0,13.0,57
1990-06-17,44.0,Good,Ozone,95.0,79.0,0.0,13.0,57
1990-06-18,93.0,Moderate,Ozone,96.0,79.0,0.0,9.0,59
1990-06-19,154.0,Unhealthy,Ozone,98.0,80.0,0.0,11.0,57
1990-06-20,84.0,Moderate,Ozone,98.0,81.0,0.0,13.0,50
1990-06-21,43.0,Good,Ozone,96.0,80.0,0.0,13.0,52
1990-06-22,77.0,Moderate,Ozone,93.0,79.0,0.0,12.0,53
1990-06-23,150.0,Unhealthy for Sensitive Groups,Ozone,93.0,73.0,0.0,9.0,41
1990-06-24,67.0,Moderate,Ozone,93.0,77.0,0.0,17.0,54
1990-06-25,51.0,Moderate,Ozone,97.0,77.0,0.02,12.0,63
1990-06-26,77.0,Moderate,Ozone,98.0,78.0,0.01,11.0,58
1990-06-27,108.0,Unhealthy for Sensitive Groups,Ozone,96.0,80.0,0.04,10.0,58
1990-06-28,119.0,Unhealthy for Sensitive Groups,Ozone,95.0,78.0,0.0,11.0,56
1990-06-29,105.0,Unhealthy for Sensitive Groups,Ozone,94.0,78.0,0.0,11.0,55
1990-06-30,71.0,Moderate,Ozone,94.0,77.0,0.0,13.0,56
1990-07-01,44.0,Good,Ozone,96.0,77.0,0.0,11.0,60
1990-07-02,66.0,Moderate,PM10,98.0,80.0,0.0,10.0,48
1990-07-03,101.0,Unhealthy for Sensitive Groups,Ozone,99.0,80.0,0.0,8.0,48
1990-07-04,119.0,Unhealthy for Sensitive Groups,Ozone,98.0,81.0,0.0,9.0,47
1990-07-05,87.0,Moderate,Ozone,95.0,80.0,0.0,8.0,53
1990-07-06,46.0,Good,PM10,93.0,76.0,0.16,11.0,64
1990-07-07,44.0,Good,Ozone,94.0,79.0,0.03,15.0,55
1990-07-08,42.0,Good,Ozone,96.0,77.0,0.0,12.0,55
1990-07-09,84.0,Moderate,Ozone,96.0,77.0,0.0,8.0,47
1990-07-10,101.0,Unhealthy for Sensitive Groups,Ozone,96.0,80.0,0.0,9.0,55
1990-07-11,105.0,Unhealthy for Sensitive Groups,Ozone,96.0,81.0,0.02,9.0,52
1990-07-12,74.0,Moderate,Ozone,88.0,75.0,0.5,9.0,71
1990-07-13,42.0,Good,Ozone,79.0,70.0,0.0,20.0,51
1990-07-14,74.0,Moderate,Ozone,82.0,66.0,0.0,10.0,55
1990-07-15,90.0,Moderate,Ozone,88.0,67.0,0.01,11.0,58
1990-07-16,77.0,Moderate,Ozone,87.0,70.0,0.23,14.0,73
1990-07-17,24.0,Good,Ozone,85.0,71.0,0.33,13.0,85
1990-07-18,38.0,Good,NO2,88.0,73.0,0.01,13.0,77
1990-07-19,90.0,Moderate,Ozone,89.0,73.0,0.0,8.0,69
1990-07-20,44.0,Good,Ozone,90.0,73.0,0.0,7.0,69
1990-07-21,39.0,Good,Ozone,92.0,76.0,0.02,11.0,66
1990-07-22,32.0,Good,Ozone,91.0,76.0,0.36,11.0,70
1990-07-23,77.0,Moderate,Ozone,81.0,72.0,1.05,10.0,86
1990-07-24,31.0,Good,PM10,86.0,72.0,0.28,10.0,83
1990-07-25,34.0,Good,Ozone,89.0,74.0,0.04,13.0,74
1990-07-26,54.0,Moderate,PM10,91.0,74.0,0.0,12.0,63
1990-07-27,49.0,Good,Ozone,93.0,74.0,0.0,8.0,61
1990-07-28,156.0,Unhealthy,Ozone,94.0,75.0,0.0,5.0,60
1990-07-29,164.0,Unhealthy,Ozone,96.0,76.0,0.0,5.0,59
1990-07-30,49.0,Good,Ozone,91.0,77.0,0.02,10.0,66
1990-07-31,44.0,Good,Ozone,88.0,76.0,0.07,9.0,71
1990-08-01,140.0,Unhealthy for Sensitive Groups,Ozone,89.0,75.0,0.28,8.0,76
1990-08-02,77.0,Moderate,Ozone,91.0,75.0,0.11,8.0,74
1990-08-03,31.0,Good,PM10,89.0,77.0,0.24,15.0,75
1990-08-04,108.0,Unhealthy for Sensitive Groups,Ozone,89.0,77.0,0.3,12.0,74
1990-08-05,38.0,Good,NO2,87.0,76.0,0.28,10.0,80
1990-08-06,40.0,Good,Ozone,84.0,71.0,0.0,12.0,58
1990-08-07,71.0,Moderate,Ozone,83.0,68.0,0.0,7.0,62
1990-08-08,179.0,Unhealthy,Ozone,86.0,68.0,0.0,5.0,61
1990-08-09,154.0,Unhealthy,Ozone,91.0,70.0,0.0,9.0,56
1990-08-10,150.0,Unhealthy for Sensitive Groups,Ozone,93.0,72.0,0.0,9.0,59
1990-08-11,122.0,Unhealthy for Sensitive Groups,Ozone,96.0,74.0,0.0,8.0,59
1990-08-12,100.0,Moderate,Ozone,96.0,78.0,0.0,11.0,47
1990-08-13,166.0,Unhealthy,Ozone,94.0,77.0,0.02,8.0,51
1990-08-14,119.0,Unhealthy for Sensitive Groups,Ozone,94.0,77.0,0.04,10.0,59
1990-08-15,67.0,Moderate,Ozone,95.0,78.0,0.01,8.0,57
1990-08-16,44.0,Good,Ozone,95.0,78.0,0.01,9.0,55
1990-08-17,39.0,Good,Ozone,95.0,80.0,0.0,10.0,51
1990-08-18,44.0,Good,Ozone,96.0,79.0,0.0,11.0,56
1990-08-19,39.0,Good,Ozone,95.0,80.0,0.0,12.0,58
1990-08-20,71.0,Moderate,Ozone,99.0,80.0,0.0,8.0,50
1990-08-21,187.0,Unhealthy,Ozone,99.0,80.0,0.01,10.0,46
1990-08-22,126.0,Unhealthy for Sensitive Groups,Ozone,98.0,79.0,0.0,7.0,56
1990-08-23,133.0,Unhealthy for Sensitive Groups,Ozone,97.0,80.0,0.0,8.0,53
1990-08-24,46.0,Good,Ozone,98.0,80.0,0.01,10.0,53
1990-08-25,49.0,Good,Ozone,99.0,81.0,0.0,10.0,46
1990-08-26,105.0,Unhealthy for Sensitive Groups,Ozone,99.0,81.0,0.0,7.0,44
1990-08-27,177.0,Unhealthy,Ozone,99.0,81.0,0.0,5.0,47
1990-08-28,182.0,Unhealthy,Ozone,99.0,81.0,0.0,8.0,48
1990-08-29,192.0,Unhealthy,Ozone,98.0,81.0,0.0,6.0,49
1990-08-30,217.0,Very Unhealthy,Ozone,101.0,82.0,0.0,6.0,46
1990-08-31,154.0,Unhealthy,Ozone,102.0,81.0,0.0,7.0,44
1990-09-01,126.0,Unhealthy for Sensitive Groups,Ozone,98.0,80.0,0.0,15.0,43
1990-09-02,126.0,Unhealthy for Sensitive Groups,Ozone,92.0,76.0,0.0,10.0,56
1990-09-03,101.0,Unhealthy for Sensitive Groups,Ozone,94.0,78.0,0.01,6.0,55
1990-09-04,119.0,Unhealthy for Sensitive Groups,Ozone,96.0,78.0,0.0,7.0,53
1990-09-05,161.0,Unhealthy,Ozone,99.0,79.0,0.0,5.0,51
1990-09-06,166.0,Unhealthy,Ozone,99.0,81.0,0.0,8.0,46
1990-09-07,154.0,Unhealthy,Ozone,99.0,81.0,0.0,10.0,42
1990-09-08,38.0,Good,NO2,94.0,82.0,0.04,9.0,52
1990-09-09,30.0,Good,Ozone,83.0,74.0,0.58,6.0,81
1990-09-10,37.0,Good,Ozone,75.0,71.0,0.89,9.0,91
1990-09-11,28.0,Good,Ozone,75.0,70.0,0.55,10.0,93
1990-09-12,38.0,Good,Ozone,82.0,71.0,0.05,7.0,86
1990-09-13,44.0,Good,Ozone,84.0,72.0,0.02,8.0,86
1990-09-14,51.0,Moderate,Ozone,87.0,72.0,0.04,7.0,81
1990-09-15,187.0,Unhealthy,Ozone,91.0,72.0,0.0,6.0,72
1990-09-16,119.0,Unhealthy for Sensitive Groups,Ozone,91.0,74.0,0.0,8.0,70
1990-09-17,29.0,Good,Ozone,87.0,75.0,0.1,9.0,78
1990-09-18,44.0,Good,PM10,89.0,75.0,0.0,10.0,74
1990-09-19,30.0,Good,Ozone,90.0,76.0,0.0,10.0,69
1990-09-20,43.0,Good,PM10,85.0,76.0,0.22,10.0,78
1990-09-21,19.0,Good,NO2,85.0,76.0,0.28,10.0,84
1990-09-22,44.0,Good,Ozone,83.0,72.0,0.09,11.0,70
1990-09-23,35.0,Good,Ozone,73.0,61.0,0.0,15.0,48
1990-09-24,47.0,Good,NO2,73.0,55.0,0.0,5.0,55
1990-09-25,93.0,Moderate,Ozone,83.0,61.0,0.0,11.0,55
1990-09-26,108.0,Unhealthy for Sensitive Groups,Ozone,88.0,63.0,0.0,5.0,63
1990-09-27,100.0,Moderate,Ozone,89.0,68.0,0.0,8.0,64
1990-09-28,136.0,Unhealthy for Sensitive Groups,Ozone,87.0,67.0,0.0,6.0,60
1990-09-29,210.0,Very Unhealthy,Ozone,87.0,69.0,0.0,5.0,60
1990-09-30,57.0,Moderate,NO2,84.0,67.0,0.0,9.0,68
1990-10-01,90.0,Moderate,Ozone,82.0,65.0,0.0,7.0,66
1990-10-02,136.0,Unhealthy for Sensitive Groups,Ozone,85.0,68.0,0.0,14.0,66
1990-10-03,28.0,Good,NO2,85.0,74.0,0.03,18.0,71
1990-10-04,46.0,Good,Ozone,89.0,69.0,0.0,9.0,66
1990-10-05,90.0,Moderate,Ozone,87.0,62.0,0.0,8.0,61
1990-10-06,42.0,Good,Ozone,91.0,71.0,0.0,15.0,58
1990-10-07,28.0,Good,Ozone,90.0,73.0,0.94,16.0,75
1990-10-08,30.0,Good,PM10,87.0,73.0,0.0,13.0,75
1990-10-09,26.0,Good,Ozone,78.0,53.0,0.5,20.0,71
1990-10-10,38.0,Good,NO2,63.0,47.0,0.0,11.0,57
1990-10-11,47.0,Good,NO2,67.0,46.0,0.0,7.0,64
1990-10-12,58.0,Moderate,PM10,70.0,48.0,0.0,9.0,68
1990-10-13,101.0,Unhealthy for Sensitive Groups,Ozone,77.0,50.0,0.0,14.0,64
1990-10-14,54.0,Moderate,Ozone,88.0,62.0,0.0,15.0,59
1990-10-15,49.0,Good,Ozone,85.0,64.0,0.0,13.0,74
1990-10-16,44.0,Good,Ozone,83.0,67.0,0.0,16.0,67
1990-10-17,31.0,Good,Ozone,84.0,67.0,0.39,17.0,66
1990-10-18,38.0,Good,NO2,66.0,53.0,0.0,18.0,40
1990-10-19,44.0,Good,Ozone,71.0,49.0,0.0,13.0,56
1990-10-20,67.0,Moderate,Ozone,78.0,56.0,0.01,18.0,62
1990-10-21,21.0,Good,Ozone,72.0,52.0,0.25,20.0,67
1990-10-22,38.0,Good,NO2,63.0,44.0,0.0,9.0,58
1990-10-23,47.0,Good,NO2,67.0,42.0,0.0,6.0,62
1990-10-24,71.0,Moderate,Ozone,71.0,45.0,0.0,9.0,63
1990-10-25,48.0,Good,Ozone,67.0,49.0,0.0,7.0,58
1990-10-26,74.0,Moderate,Ozone,74.0,51.0,0.0,12.0,55
1990-10-27,156.0,Unhealthy,Ozone,79.0,54.0,0.0,10.0,61
1990-10-28,164.0,Unhealthy,Ozone,77.0,55.0,0.0,7.0,73
1990-10-29,150.0,Unhealthy for Sensitive Groups,Ozone,79.0,57.0,0.0,9.0,67
1990-10-30,156.0,Unhealthy,Ozone,79.0,58.0,0.0,12.0,64
1990-10-31,67.0,Moderate,Ozone,79.0,59.0,0.0,13.0,65
1990-11-01,47.0,Good,Ozone,79.0,60.0,0.0,16.0,62
1990-11-02,37.0,Good,Ozone,78.0,61.0,0.0,16.0,72
1990-11-03,33.0,Good,Ozone,79.0,68.0,0.04,19.0,73
1990-11-04,21.0,Good,Ozone,71.0,46.0,0.73,19.0,82
1990-11-05,38.0,Good,NO2,60.0,41.0,0.0,17.0,58
1990-11-06,57.0,Moderate,NO2,67.0,47.0,0.0,15.0,60
1990-11-07,38.0,Good,NO2,64.0,50.0,0.0,11.0,67
1990-11-08,19.0,Good,NO2,55.0,49.0,1.47,12.0,85
1990-11-09,38.0,Good,NO2,62.0,48.0,0.13,20.0,70
1990-11-10,47.0,Good,NO2,69.0,41.0,0.0,9.0,66
1990-11-11,47.0,Good,NO2,72.0,48.0,0.0,8.0,64
1990-11-12,47.0,Good,NO2,73.0,47.0,0.0,7.0,68
1990-11-13,68.0,Moderate,NO2,73.0,47.0,0.0,7.0,68
1990-11-14,58.0,Moderate,Ozone,72.0,49.0,0.0,11.0,66
1990-11-15,47.0,Good,NO2,73.0,55.0,0.0,13.0,73
1990-11-16,28.0,Good,NO2,74.0,60.0,0.01,11.0,80
1990-11-17,38.0,Good,NO2,65.0,53.0,0.0,11.0,60
1990-11-18,43.0,Good,Ozone,74.0,56.0,0.0,19.0,74
1990-11-19,37.0,Good,PM10,77.0,61.0,0.0,14.0,74
1990-11-20,33.0,Good,Ozone,77.0,66.0,0.0,22.0,77
1990-11-21,28.0,Good,NO2,75.0,67.0,0.38,19.0,77
1990-11-22,19.0,Good,NO2,70.0,57.0,0.65,11.0,91
1990-11-23,57.0,Moderate,NO2,72.0,47.0,0.0,6.0,77
1990-11-24,39.0,Good,Ozone,73.0,52.0,0.0,14.0,64
1990-11-25,26.0,Good,Ozone,78.0,61.0,0.0,18.0,80
1990-11-26,19.0,Good,NO2,76.0,70.0,0.1,22.0,84
1990-11-27,47.0,Good,NO2,75.0,60.0,0.39,20.0,72
1990-11-28,28.0,Good,NO2,58.0,44.0,0.0,13.0,56
1990-11-29,51.0,Moderate,PM10,56.0,38.0,0.0,7.0,62
1990-11-30,44.0,Good,CO,56.0,38.0,0.0,14.0,56
1990-12-01,47.0,Good,NO2,67.0,47.0,0.0,15.0,74
1990-12-02,38.0,Good,NO2,67.0,56.0,0.2,15.0,87
1990-12-03,21.0,Good,Ozone,65.0,43.0,0.0,22.0,46
1990-12-04,47.0,Good,NO2,51.0,34.0,0.0,7.0,60
1990-12-05,38.0,Good,NO2,55.0,36.0,0.0,14.0,54
1990-12-06,38.0,Good,NO2,56.0,43.0,0.0,14.0,59
1990-12-07,47.0,Good,NO2,52.0,38.0,0.0,14.0,51
1990-12-08,53.0,Moderate,CO,61.0,35.0,0.0,9.0,58
1990-12-09,38.0,Good,NO2,64.0,39.0,0.0,9.0,56
1990-12-10,47.0,Good,NO2,65.0,42.0,0.0,11.0,57
1990-12-11,35.0,Good,PM10,69.0,49.0,0.0,18.0,69
1990-12-12,38.0,Good,NO2,76.0,57.0,0.0,18.0,66
1990-12-13,35.0,Good,PM10,61.0,47.0,0.0,9.0,71
1990-12-14,20.0,Good,CO,64.0,48.0,0.0,11.0,81
1990-12-15,28.0,Good,NO2,65.0,55.0,0.07,13.0,68
1990-12-16,19.0,Good,NO2,61.0,50.0,0.06,12.0,71
1990-12-17,41.0,Good,PM10,71.0,61.0,0.24,16.0,92
1990-12-18,38.0,Good,NO2,61.0,49.0,0.06,13.0,51
1990-12-19,38.0,Good,NO2,67.0,45.0,0.0,15.0,52
1990-12-20,28.0,Good,NO2,66.0,49.0,0.0,13.0,86
1990-12-21,19.0,Good,NO2,67.0,49.0,0.05,15.0,91
1990-12-22,19.0,Good,NO2,49.0,29.0,0.0,13.0,62
1990-12-23,25.0,Good,Ozone,31.0,21.0,0.0,16.0,56
1990-12-24,38.0,Good,NO2,35.0,19.0,0.0,9.0,50
1990-12-25,28.0,Good,NO2,44.0,26.0,0.0,13.0,54
1990-12-26,28.0,Good,NO2,36.0,33.0,0.31,10.0,88
1990-12-27,35.0,Good,PM10,43.0,34.0,0.04,8.0,90
1990-12-28,28.0,Good,NO2,63.0,40.0,0.02,15.0,93
1990-12-29,28.0,Good,PM10,67.0,62.0,0.24,19.0,93
1990-12-30,20.0,Good,Ozone,67.0,28.0,0.56,17.0,79
1990-12-31,37.0,Good,PM10,36.0,19.0,0.0,8.0,63
1991-01-01,19.0,Good,NO2,40.0,28.0,0.0,8.0,77
1991-01-02,28.0,Good,NO2,41.0,37.0,0.2,9.0,89
1991-01-03,19.0,Good,NO2,38.0,33.0,0.09,11.0,91
1991-01-04,33.0,Good,PM10,41.0,33.0,0.02,10.0,90
1991-01-05,28.0,Good,CO,51.0,41.0,0.1,12.0,97
1991-01-06,19.0,Good,NO2,51.0,35.0,0.13,12.0,95
1991-01-07,19.0,Good,CO,39.0,32.0,0.0,11.0,80
1991-01-08,30.0,Good,PM10,49.0,36.0,0.0,7.0,81
1991-01-09,19.0,Good,NO2,45.0,43.0,1.37,16.0,94
1991-01-10,19.0,Good,NO2,46.0,43.0,0.43,11.0,95
1991-01-11,19.0,Good,NO2,47.0,34.0,0.0,11.0,79
1991-01-12,47.0,Good,NO2,52.0,29.0,0.0,8.0,75
1991-01-13,38.0,Good,NO2,60.0,35.0,0.0,16.0,67
1991-01-14,47.0,Good,NO2,61.0,45.0,0.53,21.0,83
1991-01-15,57.0,Moderate,NO2,56.0,44.0,0.33,18.0,83
1991-01-16,100.0,Moderate,NO2,61.0,36.0,0.0,6.0,73
1991-01-17,47.0,Good,NO2,60.0,42.0,0.09,7.0,75
1991-01-18,38.0,Good,NO2,50.0,46.0,0.95,13.0,88
1991-01-19,38.0,Good,NO2,58.0,44.0,0.03,12.0,78
1991-01-20,28.0,Good,NO2,51.0,40.0,0.0,20.0,67
1991-01-21,38.0,Good,NO2,41.0,33.0,0.0,9.0,59
1991-01-22,47.0,Good,NO2,50.0,29.0,0.0,14.0,71
1991-01-23,47.0,Good,NO2,55.0,38.0,0.0,12.0,73
1991-01-24,47.0,Good,NO2,52.0,41.0,0.1,10.0,78
1991-01-25,47.0,Good,NO2,56.0,39.0,0.0,16.0,77
1991-01-26,38.0,Good,NO2,51.0,40.0,0.0,8.0,85
1991-01-27,32.0,Good,Ozone,67.0,47.0,0.0,18.0,77
1991-01-28,38.0,Good,NO2,64.0,43.0,0.0,16.0,89
1991-01-29,28.0,Good,NO2,67.0,42.0,0.05,18.0,83
1991-01-30,47.0,Good,NO2,44.0,31.0,0.02,14.0,62
1991-01-31,68.0,Moderate,NO2,51.0,28.0,0.0,7.0,69
1991-02-01,57.0,Moderate,NO2,57.0,31.0,0.0,8.0,70
1991-02-02,79.0,Moderate,NO2,61.0,34.0,0.0,7.0,68
1991-02-03,57.0,Moderate,NO2,65.0,41.0,0.0,12.0,71
1991-02-04,47.0,Good,NO2,60.0,56.0,0.72,9.0,93
1991-02-05,38.0,Good,NO2,65.0,54.0,0.14,8.0,89
1991-02-06,47.0,Good,NO2,63.0,50.0,0.17,10.0,74
1991-02-07,47.0,Good,NO2,63.0,41.0,0.0,12.0,63
1991-02-08,57.0,Moderate,NO2,64.0,38.0,0.0,7.0,72
1991-02-09,57.0,Moderate,NO2,67.0,39.0,0.0,9.0,72
1991-02-10,61.0,Moderate,Ozone,67.0,41.0,0.0,8.0,74
1991-02-11,57.0,Moderate,NO2,66.0,41.0,0.0,7.0,72
1991-02-12,71.0,Moderate,Ozone,71.0,53.0,0.01,18.0,68
1991-02-13,47.0,Good,NO2,73.0,56.0,0.0,20.0,54
1991-02-14,47.0,Good,NO2,65.0,50.0,0.0,14.0,45
1991-02-15,38.0,Good,NO2,49.0,38.0,0.0,16.0,33
1991-02-16,38.0,Good,NO2,51.0,36.0,0.02,17.0,59
1991-02-17,75.0,Moderate,PM10,74.0,53.0,0.02,22.0,82
1991-02-18,39.0,Good,Ozone,75.0,56.0,0.02,14.0,77
1991-02-19,34.0,Good,Ozone,55.0,46.0,0.03,16.0,58
1991-02-20,57.0,Moderate,NO2,61.0,37.0,0.0,8.0,57
1991-02-21,57.0,Moderate,NO2,63.0,41.0,0.16,10.0,67
1991-02-22,47.0,Good,NO2,64.0,48.0,0.39,14.0,73
1991-02-23,42.0,Good,Ozone,64.0,41.0,0.0,10.0,69
1991-02-24,43.0,Good,Ozone,65.0,50.0,0.0,12.0,65
1991-02-25,47.0,Good,NO2,56.0,41.0,0.08,15.0,64
1991-02-26,47.0,Good,NO2,60.0,34.0,0.0,11.0,59
1991-02-27,42.0,Good,Ozone,63.0,39.0,0.0,16.0,58
1991-02-28,33.0,Good,Ozone,63.0,47.0,0.0,20.0,79
1991-03-01,38.0,Good,NO2,77.0,60.0,0.15,21.0,64
1991-03-02,28.0,Good,NO2,73.0,51.0,0.16,15.0,52
1991-03-03,38.0,Good,NO2,59.0,42.0,0.0,16.0,61
1991-03-04,68.0,Moderate,NO2,73.0,40.0,0.0,12.0,68
1991-03-05,57.0,Moderate,NO2,87.0,48.0,0.0,16.0,57
1991-03-06,38.0,Good,NO2,84.0,61.0,0.0,15.0,36
1991-03-07,65.0,Moderate,PM10,59.0,47.0,0.0,16.0,54
1991-03-08,57.0,Moderate,NO2,61.0,41.0,0.0,11.0,58
1991-03-09,51.0,Moderate,Ozone,68.0,42.0,0.0,11.0,54
1991-03-10,77.0,Moderate,Ozone,69.0,40.0,0.0,16.0,48
1991-03-11,46.0,Good,Ozone,76.0,53.0,0.0,22.0,59
1991-03-12,44.0,Good,Ozone,77.0,62.0,0.0,21.0,48
1991-03-13,53.0,Moderate,PM10,68.0,50.0,0.0,15.0,38
1991-03-14,34.0,Good,Ozone,56.0,44.0,0.0,9.0,49
1991-03-15,28.0,Good,NO2,54.0,42.0,0.32,16.0,67
1991-03-16,30.0,Good,Ozone,62.0,47.0,0.21,17.0,78
1991-03-17,42.0,Good,Ozone,68.0,54.0,0.07,14.0,69
1991-03-18,79.0,Moderate,NO2,67.0,45.0,0.0,7.0,65
1991-03-19,57.0,Moderate,NO2,72.0,49.0,0.0,12.0,61
1991-03-20,47.0,Good,Ozone,71.0,58.0,0.0,19.0,73
1991-03-21,26.0,Good,Ozone,81.0,65.0,0.0,20.0,80
1991-03-22,38.0,Good,NO2,74.0,62.0,0.2,19.0,53
1991-03-23,57.0,Moderate,NO2,77.0,53.0,0.0,12.0,36
1991-03-24,93.0,Moderate,Ozone,80.0,48.0,0.0,9.0,56
1991-03-25,47.0,Good,NO2,78.0,55.0,0.01,16.0,67
1991-03-26,28.0,Good,Ozone,80.0,70.0,0.03,22.0,77
1991-03-27,47.0,Good,NO2,77.0,60.0,0.25,22.0,53
1991-03-28,31.0,Good,Ozone,69.0,54.0,0.13,15.0,67
1991-03-29,38.0,Good,Ozone,60.0,51.0,0.01,15.0,75
1991-03-30,43.0,Good,Ozone,58.0,44.0,0.02,13.0,54
1991-03-31,57.0,Moderate,NO2,66.0,42.0,0.0,7.0,56
1991-04-01,84.0,Moderate,Ozone,74.0,47.0,0.0,11.0,55
1991-04-02,46.0,Good,Ozone,72.0,53.0,0.06,23.0,66
1991-04-03,61.0,Moderate,Ozone,79.0,62.0,0.03,21.0,61
1991-04-04,93.0,Moderate,Ozone,78.0,55.0,0.0,8.0,62
1991-04-05,38.0,Good,NO2,75.0,58.0,0.04,7.0,80
1991-04-06,34.0,Good,Ozone,70.0,59.0,0.26,10.0,89
1991-04-07,40.0,Good,Ozone,76.0,63.0,0.02,13.0,83
1991-04-08,44.0,Good,Ozone,92.0,67.0,0.0,20.0,71
1991-04-09,47.0,Good,NO2,77.0,62.0,0.01,18.0,60
1991-04-10,54.0,Moderate,Ozone,79.0,54.0,0.0,14.0,46
1991-04-11,29.0,Good,Ozone,79.0,66.0,0.22,20.0,86
1991-04-12,47.0,Good,PM10,78.0,66.0,0.96,16.0,93
1991-04-13,38.0,Good,NO2,71.0,66.0,2.07,17.0,94
1991-04-14,57.0,Moderate,NO2,81.0,61.0,0.03,12.0,73
1991-04-15,84.0,Moderate,Ozone,80.0,54.0,0.0,10.0,70
1991-04-16,38.0,Good,NO2,80.0,58.0,0.01,13.0,71
1991-04-17,38.0,Good,NO2,76.0,66.0,0.46,12.0,91
1991-04-18,42.0,Good,Ozone,84.0,66.0,0.05,10.0,83
1991-04-19,43.0,Good,Ozone,76.0,64.0,0.0,15.0,77
1991-04-20,48.0,Good,Ozone,70.0,54.0,0.0,12.0,64
1991-04-21,33.0,Good,Ozone,68.0,54.0,0.22,13.0,76
1991-04-22,28.0,Good,NO2,65.0,57.0,0.1,14.0,85
1991-04-23,49.0,Good,Ozone,72.0,51.0,0.0,5.0,79
1991-04-24,40.0,Good,PM10,74.0,58.0,0.52,14.0,77
1991-04-25,40.0,Good,Ozone,83.0,61.0,0.13,12.0,81
1991-04-26,41.0,Good,Ozone,84.0,68.0,0.06,16.0,84
1991-04-27,84.0,Moderate,Ozone,81.0,68.0,0.0,12.0,74
1991-04-28,47.0,Good,NO2,80.0,64.0,0.83,10.0,90
1991-04-29,61.0,Moderate,Ozone,76.0,58.0,0.0,14.0,47
1991-04-30,71.0,Moderate,Ozone,82.0,56.0,0.0,15.0,54
1991-05-01,48.0,Good,Ozone,78.0,59.0,0.0,11.0,59
1991-05-02,37.0,Good,Ozone,74.0,65.0,1.3,16.0,87
1991-05-03,38.0,Good,NO2,78.0,69.0,0.35,18.0,88
1991-05-04,30.0,Good,Ozone,82.0,66.0,0.56,12.0,91
1991-05-05,43.0,Good,Ozone,70.0,56.0,0.31,15.0,69
1991-05-06,57.0,Moderate,NO2,73.0,54.0,0.0,7.0,60
1991-05-07,43.0,Good,Ozone,76.0,56.0,0.2,15.0,69
1991-05-08,47.0,Good,NO2,73.0,65.0,0.46,15.0,91
1991-05-09,40.0,Good,Ozone,76.0,65.0,0.05,6.0,84
1991-05-10,67.0,Moderate,Ozone,79.0,64.0,0.0,10.0,84
1991-05-11,37.0,Good,Ozone,84.0,72.0,0.2,13.0,85
1991-05-12,37.0,Good,Ozone,85.0,73.0,0.04,13.0,83
1991-05-13,32.0,Good,Ozone,86.0,72.0,0.01,14.0,79
1991-05-14,20.0,Good,Ozone,78.0,70.0,1.11,14.0,88
1991-05-15,29.0,Good,Ozone,84.0,66.0,0.7,11.0,85
1991-05-16,47.0,Good,Ozone,88.0,72.0,0.2,17.0,83
1991-05-17,32.0,Good,Ozone,84.0,72.0,0.02,14.0,82
1991-05-18,39.0,Good,Ozone,84.0,68.0,0.02,8.0,83
1991-05-19,35.0,Good,Ozone,80.0,71.0,0.34,13.0,86
1991-05-20,40.0,Good,Ozone,84.0,69.0,0.05,9.0,83
1991-05-21,42.0,Good,Ozone,83.0,71.0,0.06,10.0,84
1991-05-22,26.0,Good,Ozone,81.0,71.0,0.04,10.0,85
1991-05-23,40.0,Good,Ozone,85.0,72.0,0.0,9.0,77
1991-05-24,57.0,Moderate,NO2,85.0,72.0,0.39,6.0,84
1991-05-25,192.0,Unhealthy,Ozone,87.0,70.0,0.52,6.0,79
1991-05-26,150.0,Unhealthy for Sensitive Groups,Ozone,91.0,70.0,0.0,8.0,74
1991-05-27,151.0,Unhealthy,Ozone,90.0,73.0,0.0,9.0,72
1991-05-28,67.0,Moderate,Ozone,88.0,74.0,0.02,9.0,76
1991-05-29,31.0,Good,Ozone,88.0,74.0,0.01,13.0,79
1991-05-30,35.0,Good,PM10,87.0,74.0,0.02,17.0,78
1991-05-31,30.0,Good,Ozone,88.0,75.0,0.02,19.0,76
1991-06-01,32.0,Good,Ozone,87.0,76.0,0.04,18.0,76
1991-06-02,32.0,Good,Ozone,88.0,72.0,0.23,12.0,77
1991-06-03,41.0,Good,Ozone,83.0,71.0,0.06,11.0,83
1991-06-04,33.0,Good,Ozone,90.0,72.0,0.04,11.0,80
1991-06-05,42.0,Good,Ozone,90.0,75.0,0.13,10.0,78
1991-06-06,133.0,Unhealthy for Sensitive Groups,Ozone,87.0,73.0,0.1,9.0,80
1991-06-07,48.0,Good,Ozone,81.0,72.0,0.53,9.0,81
1991-06-08,100.0,Moderate,Ozone,82.0,69.0,0.63,14.0,78
1991-06-09,61.0,Moderate,Ozone,84.0,68.0,0.0,8.0,65
1991-06-10,38.0,Good,Ozone,78.0,70.0,0.3,11.0,81
1991-06-11,67.0,Moderate,Ozone,85.0,71.0,0.0,8.0,76
1991-06-12,100.0,Moderate,Ozone,90.0,73.0,0.06,8.0,74
1991-06-13,37.0,Good,Ozone,89.0,74.0,0.0,12.0,75
1991-06-14,30.0,Good,Ozone,90.0,76.0,0.0,16.0,74
1991-06-15,48.0,Good,Ozone,89.0,75.0,0.64,15.0,78
1991-06-16,28.0,Good,NO2,85.0,74.0,0.39,9.0,86
1991-06-17,169.0,Unhealthy,Ozone,89.0,72.0,0.0,6.0,80
1991-06-18,150.0,Unhealthy for Sensitive Groups,Ozone,90.0,71.0,0.0,7.0,71
1991-06-19,143.0,Unhealthy for Sensitive Groups,Ozone,90.0,72.0,0.0,6.0,70
1991-06-20,133.0,Unhealthy for Sensitive Groups,Ozone,90.0,73.0,0.0,6.0,70
1991-06-21,58.0,Moderate,Ozone,91.0,75.0,0.01,10.0,69
1991-06-22,35.0,Good,Ozone,91.0,76.0,0.02,12.0,76
1991-06-23,77.0,Moderate,Ozone,89.0,76.0,0.38,9.0,78
1991-06-24,54.0,Moderate,Ozone,91.0,74.0,0.02,7.0,74
1991-06-25,44.0,Good,Ozone,91.0,74.0,0.0,8.0,73
1991-06-26,35.0,Good,Ozone,90.0,74.0,0.0,9.0,70
1991-06-27,37.0,Good,Ozone,92.0,76.0,0.0,10.0,67
1991-06-28,33.0,Good,Ozone,91.0,77.0,0.02,16.0,70
1991-06-29,33.0,Good,PM10,88.0,74.0,0.0,14.0,71
1991-06-30,46.0,Good,Ozone,92.0,76.0,0.0,13.0,65
1991-07-01,46.0,Good,Ozone,94.0,75.0,0.0,8.0,61
1991-07-02,177.0,Unhealthy,Ozone,95.0,78.0,0.0,7.0,61
1991-07-03,47.0,Good,NO2,91.0,79.0,0.13,7.0,69
1991-07-04,51.0,Moderate,Ozone,91.0,74.0,0.5,9.0,72
1991-07-05,100.0,Moderate,Ozone,92.0,73.0,0.0,6.0,72
1991-07-06,71.0,Moderate,Ozone,93.0,76.0,0.0,11.0,67
1991-07-07,35.0,Good,Ozone,92.0,76.0,0.0,10.0,69
1991-07-08,31.0,Good,Ozone,93.0,76.0,0.01,12.0,71
1991-07-09,32.0,Good,Ozone,95.0,77.0,0.04,13.0,63
1991-07-10,31.0,Good,Ozone,95.0,78.0,0.0,15.0,56
1991-07-11,38.0,Good,PM10,95.0,77.0,0.0,14.0,58
1991-07-12,33.0,Good,Ozone,95.0,76.0,0.0,12.0,57
1991-07-13,44.0,Good,Ozone,95.0,79.0,0.0,10.0,53
1991-07-14,126.0,Unhealthy for Sensitive Groups,Ozone,95.0,76.0,0.0,6.0,56
1991-07-15,140.0,Unhealthy for Sensitive Groups,Ozone,96.0,77.0,0.01,10.0,55
1991-07-16,147.0,Unhealthy for Sensitive Groups,Ozone,94.0,78.0,0.01,9.0,58
1991-07-17,174.0,Unhealthy,Ozone,95.0,76.0,0.0,8.0,52
1991-07-18,126.0,Unhealthy for Sensitive Groups,Ozone,96.0,75.0,0.0,10.0,49
1991-07-19,84.0,Moderate,Ozone,97.0,78.0,0.0,11.0,48
1991-07-20,32.0,Good,Ozone,96.0,79.0,0.0,14.0,51
1991-07-21,32.0,Good,Ozone,96.0,79.0,0.0,12.0,54
1991-07-22,43.0,Good,Ozone,96.0,78.0,0.0,12.0,55
1991-07-23,43.0,Good,Ozone,93.0,77.0,0.0,9.0,62
1991-07-24,43.0,Good,Ozone,93.0,78.0,0.44,11.0,65
1991-07-25,84.0,Moderate,Ozone,85.0,75.0,0.69,8.0,86
1991-07-26,38.0,Good,NO2,84.0,74.0,0.07,6.0,83
1991-07-27,26.0,Good,Ozone,90.0,76.0,0.0,9.0,76
1991-07-28,37.0,Good,Ozone,86.0,76.0,0.22,8.0,81
1991-07-29,67.0,Moderate,Ozone,92.0,74.0,0.0,8.0,72
1991-07-30,115.0,Unhealthy for Sensitive Groups,Ozone,91.0,71.0,0.0,9.0,60
1991-07-31,151.0,Unhealthy,Ozone,93.0,72.0,0.0,7.0,65
1991-08-01,205.0,Very Unhealthy,Ozone,95.0,72.0,0.0,7.0,58
1991-08-02,133.0,Unhealthy for Sensitive Groups,Ozone,94.0,76.0,0.0,8.0,55
1991-08-03,51.0,Moderate,Ozone,94.0,78.0,0.0,9.0,53
1991-08-04,40.0,Good,Ozone,95.0,79.0,0.0,9.0,55
1991-08-05,43.0,Good,Ozone,96.0,78.0,0.0,12.0,55
1991-08-06,37.0,Good,Ozone,96.0,78.0,0.01,10.0,58
1991-08-07,47.0,Good,Ozone,95.0,79.0,0.0,9.0,56
1991-08-08,84.0,Moderate,Ozone,96.0,79.0,0.0,8.0,56
1991-08-09,51.0,Moderate,Ozone,94.0,81.0,0.03,10.0,55
1991-08-10,115.0,Unhealthy for Sensitive Groups,Ozone,88.0,76.0,0.69,6.0,72
1991-08-11,71.0,Moderate,Ozone,83.0,74.0,0.06,7.0,68
1991-08-12,57.0,Moderate,NO2,79.0,75.0,1.0,8.0,87
1991-08-13,28.0,Good,NO2,80.0,73.0,1.73,8.0,93
1991-08-14,28.0,Good,NO2,79.0,71.0,2.5,8.0,90
1991-08-15,54.0,Moderate,Ozone,83.0,70.0,0.04,7.0,85
1991-08-16,38.0,Good,PM10,88.0,74.0,0.01,10.0,80
1991-08-17,49.0,Good,Ozone,90.0,77.0,0.01,9.0,75
1991-08-18,101.0,Unhealthy for Sensitive Groups,Ozone,93.0,77.0,0.0,8.0,70
1991-08-19,133.0,Unhealthy for Sensitive Groups,Ozone,92.0,70.0,0.0,7.0,60
1991-08-20,115.0,Unhealthy for Sensitive Groups,Ozone,92.0,73.0,0.0,6.0,66
1991-08-21,57.0,Moderate,NO2,89.0,77.0,0.29,10.0,68
1991-08-22,54.0,Moderate,Ozone,85.0,75.0,0.3,9.0,85
1991-08-23,101.0,Unhealthy for Sensitive Groups,Ozone,88.0,73.0,0.0,7.0,76
1991-08-24,126.0,Unhealthy for Sensitive Groups,Ozone,89.0,72.0,0.0,6.0,71
1991-08-25,164.0,Unhealthy,Ozone,88.0,70.0,0.0,6.0,67
1991-08-26,126.0,Unhealthy for Sensitive Groups,Ozone,88.0,73.0,0.0,5.0,69
1991-08-27,150.0,Unhealthy for Sensitive Groups,Ozone,90.0,72.0,0.0,7.0,71
1991-08-28,61.0,Moderate,Ozone,90.0,74.0,0.01,8.0,69
1991-08-29,47.0,Good,NO2,91.0,76.0,0.0,9.0,71
1991-08-30,44.0,Good,Ozone,84.0,76.0,0.58,9.0,78
1991-08-31,34.0,Good,Ozone,81.0,73.0,0.39,9.0,86
1991-09-01,42.0,Good,Ozone,83.0,71.0,0.24,7.0,86
1991-09-02,38.0,Good,NO2,85.0,73.0,0.69,9.0,89
1991-09-03,77.0,Moderate,Ozone,85.0,72.0,0.31,8.0,87
1991-09-04,43.0,Good,Ozone,85.0,72.0,0.02,7.0,83
1991-09-05,49.0,Good,Ozone,86.0,72.0,0.26,8.0,85
1991-09-06,47.0,Good,Ozone,87.0,74.0,0.15,10.0,84
1991-09-07,19.0,Good,NO2,80.0,75.0,0.3,9.0,93
1991-09-08,23.0,Good,Ozone,87.0,74.0,0.02,13.0,81
1991-09-09,44.0,Good,PM10,89.0,75.0,0.0,10.0,75
1991-09-10,51.0,Moderate,Ozone,87.0,73.0,0.01,6.0,78
1991-09-11,58.0,Moderate,Ozone,88.0,75.0,0.0,6.0,74
1991-09-12,87.0,Moderate,Ozone,88.0,73.0,0.0,7.0,71
1991-09-13,21.0,Good,Ozone,88.0,75.0,0.02,12.0,75
1991-09-14,21.0,Good,Ozone,88.0,75.0,0.06,15.0,74
1991-09-15,26.0,Good,Ozone,89.0,76.0,0.08,13.0,76
1991-09-16,38.0,Good,NO2,87.0,75.0,0.04,10.0,76
1991-09-17,38.0,Good,Ozone,87.0,73.0,0.28,4.0,80
1991-09-18,21.0,Good,Ozone,84.0,62.0,0.09,18.0,79
1991-09-19,28.0,Good,NO2,62.0,56.0,0.13,16.0,69
1991-09-20,38.0,Good,NO2,69.0,59.0,0.0,11.0,50
1991-09-21,54.0,Moderate,Ozone,74.0,61.0,0.0,6.0,55
1991-09-22,143.0,Unhealthy for Sensitive Groups,Ozone,83.0,64.0,0.0,7.0,63
1991-09-23,74.0,Moderate,Ozone,80.0,68.0,0.01,9.0,76
1991-09-24,38.0,Good,Ozone,77.0,62.0,0.65,19.0,84
1991-09-25,47.0,Good,NO2,73.0,54.0,0.0,11.0,59
1991-09-26,38.0,Good,NO2,80.0,56.0,0.0,10.0,63
1991-09-27,42.0,Good,Ozone,77.0,55.0,0.0,7.0,56
1991-09-28,54.0,Moderate,Ozone,78.0,57.0,0.0,7.0,59
1991-09-29,84.0,Moderate,Ozone,79.0,55.0,0.0,7.0,63
1991-09-30,119.0,Unhealthy for Sensitive Groups,Ozone,81.0,61.0,0.0,6.0,65
1991-10-01,44.0,Good,Ozone,80.0,64.0,0.0,5.0,68
1991-10-02,61.0,Moderate,Ozone,83.0,63.0,0.0,8.0,73
1991-10-03,49.0,Good,Ozone,87.0,67.0,0.0,14.0,66
1991-10-04,40.0,Good,Ozone,89.0,69.0,0.08,20.0,71
1991-10-05,34.0,Good,Ozone,69.0,56.0,0.04,15.0,55
1991-10-06,44.0,Good,Ozone,72.0,51.0,0.0,7.0,52
1991-10-07,50.0,Good,Ozone,76.0,54.0,0.0,9.0,52
1991-10-08,74.0,Moderate,Ozone,79.0,57.0,0.0,14.0,49
1991-10-09,71.0,Moderate,Ozone,81.0,59.0,0.0,10.0,58
1991-10-10,103.0,Unhealthy for Sensitive Groups,NO2,85.0,58.0,0.0,6.0,62
1991-10-11,90.0,Moderate,Ozone,92.0,62.0,0.0,11.0,59
1991-10-12,77.0,Moderate,Ozone,89.0,64.0,0.0,8.0,49
1991-10-13,90.0,Moderate,Ozone,90.0,61.0,0.0,11.0,48
1991-10-14,47.0,Good,NO2,80.0,65.0,0.0,18.0,42
1991-10-15,57.0,Moderate,NO2,79.0,58.0,0.0,14.0,44
1991-10-16,47.0,Good,NO2,79.0,55.0,0.0,11.0,45
1991-10-17,87.0,Moderate,Ozone,86.0,62.0,0.0,15.0,48
1991-10-18,57.0,Moderate,NO2,85.0,64.0,0.0,13.0,58
1991-10-19,38.0,Good,NO2,76.0,61.0,0.0,9.0,56
1991-10-20,47.0,Good,NO2,74.0,58.0,0.0,7.0,66
1991-10-21,87.0,Moderate,Ozone,79.0,59.0,0.0,9.0,64
1991-10-22,40.0,Good,Ozone,84.0,64.0,0.0,17.0,63
1991-10-23,28.0,Good,NO2,84.0,70.0,0.0,17.0,76
1991-10-24,28.0,Good,NO2,88.0,70.0,0.0,19.0,72
1991-10-25,28.0,Good,NO2,83.0,69.0,0.29,15.0,73
1991-10-26,28.0,Good,NO2,79.0,70.0,0.05,16.0,81
1991-10-27,28.0,Good,NO2,76.0,66.0,0.66,11.0,84
1991-10-28,38.0,Good,NO2,76.0,67.0,1.38,18.0,88
1991-10-29,19.0,Good,NO2,68.0,59.0,0.44,14.0,92
1991-10-30,11.0,Good,CO,58.0,51.0,0.06,14.0,83
1991-10-31,31.0,Good,Ozone,65.0,39.0,0.55,18.0,86
1991-11-01,38.0,Good,NO2,49.0,34.0,0.0,18.0,54
1991-11-02,29.0,Good,Ozone,45.0,34.0,0.0,13.0,59
1991-11-03,38.0,Good,NO2,40.0,30.0,0.0,15.0,52
1991-11-04,47.0,Good,NO2,45.0,28.0,0.0,8.0,60
1991-11-05,68.0,Moderate,NO2,55.0,33.0,0.0,14.0,62
1991-11-06,57.0,Moderate,NO2,62.0,40.0,0.0,8.0,81
1991-11-07,28.0,Good,NO2,54.0,41.0,0.08,17.0,81
1991-11-08,38.0,Good,NO2,47.0,31.0,0.0,13.0,67
1991-11-09,38.0,Good,NO2,53.0,33.0,0.0,10.0,65
1991-11-10,57.0,Moderate,NO2,58.0,38.0,0.0,9.0,63
1991-11-11,47.0,Good,NO2,59.0,41.0,0.0,6.0,72
1991-11-12,38.0,Good,NO2,61.0,46.0,0.0,6.0,73
1991-11-13,47.0,Good,NO2,66.0,50.0,0.0,11.0,73
1991-11-14,47.0,Good,NO2,71.0,58.0,0.05,21.0,74
1991-11-15,38.0,Good,NO2,75.0,65.0,0.23,14.0,84
1991-11-16,28.0,Good,NO2,72.0,65.0,0.95,17.0,92
1991-11-17,33.0,Good,Ozone,66.0,56.0,1.04,12.0,69
1991-11-18,34.0,Good,Ozone,75.0,53.0,0.0,16.0,68
1991-11-19,28.0,Good,NO2,64.0,54.0,1.46,15.0,88
1991-11-20,38.0,Good,NO2,56.0,50.0,0.0,16.0,64
1991-11-21,47.0,Good,NO2,63.0,38.0,0.0,11.0,64
1991-11-22,38.0,Good,NO2,68.0,49.0,0.0,17.0,57
1991-11-23,38.0,Good,NO2,51.0,40.0,0.0,18.0,55
1991-11-24,47.0,Good,NO2,57.0,35.0,0.0,10.0,56
1991-11-25,47.0,Good,NO2,56.0,38.0,0.0,12.0,48
1991-11-26,38.0,Good,NO2,60.0,45.0,0.02,17.0,70
1991-11-27,38.0,Good,NO2,67.0,55.0,0.02,16.0,86
1991-11-28,32.0,Good,Ozone,74.0,62.0,0.04,22.0,80
1991-11-29,38.0,Good,NO2,75.0,60.0,0.03,26.0,79
1991-11-30,28.0,Good,NO2,59.0,46.0,0.89,16.0,77
1991-12-01,10.0,Good,Ozone,46.0,40.0,0.28,14.0,89
1991-12-02,38.0,Good,NO2,45.0,37.0,0.3,14.0,78
1991-12-03,38.0,Good,NO2,51.0,34.0,0.0,13.0,74
1991-12-04,38.0,Good,NO2,58.0,33.0,0.0,11.0,66
1991-12-05,47.0,Good,NO2,61.0,42.0,0.0,17.0,63
1991-12-06,38.0,Good,NO2,65.0,50.0,0.0,17.0,80
1991-12-07,24.0,Good,Ozone,71.0,58.0,0.0,16.0,84
1991-12-08,28.0,Good,NO2,75.0,66.0,0.33,17.0,89
1991-12-09,47.0,Good,NO2,65.0,52.0,0.3,12.0,80
1991-12-10,38.0,Good,NO2,66.0,46.0,0.02,9.0,82
1991-12-11,28.0,Good,NO2,65.0,57.0,0.35,21.0,91
1991-12-12,28.0,Good,NO2,73.0,61.0,0.02,20.0,87
1991-12-13,38.0,Good,NO2,70.0,55.0,0.0,15.0,71
1991-12-14,38.0,Good,NO2,57.0,41.0,0.0,15.0,51
1991-12-15,38.0,Good,NO2,54.0,34.0,0.0,7.0,65
1991-12-16,38.0,Good,NO2,59.0,36.0,0.0,11.0,61
1991-12-17,57.0,Moderate,NO2,63.0,43.0,0.0,12.0,68
1991-12-18,38.0,Good,NO2,53.0,46.0,0.55,15.0,86
1991-12-19,38.0,Good,NO2,47.0,44.0,1.11,19.0,89
1991-12-20,38.0,Good,NO2,63.0,48.0,3.2,20.0,92
1991-12-21,19.0,Good,NO2,52.0,46.0,0.54,11.0,92
1991-12-22,19.0,Good,NO2,62.0,50.0,0.63,11.0,96
1991-12-23,28.0,Good,NO2,56.0,47.0,0.0,19.0,67
1991-12-24,47.0,Good,NO2,50.0,40.0,0.0,11.0,66
1991-12-25,38.0,Good,NO2,51.0,33.0,0.0,7.0,74
1991-12-26,38.0,Good,NO2,45.0,42.0,0.41,5.0,84
1991-12-27,38.0,Good,NO2,47.0,44.0,0.09,7.0,88
1991-12-28,47.0,Good,NO2,51.0,40.0,0.0,9.0,79
1991-12-29,47.0,Good,NO2,55.0,40.0,0.0,11.0,79
1991-12-30,47.0,Good,NO2,61.0,44.0,0.0,11.0,79
1991-12-31,38.0,Good,NO2,58.0,47.0,0.0,14.0,76
1992-01-01,28.0,Good,NO2,53.0,49.0,0.29,11.0,87
1992-01-02,47.0,Good,NO2,58.0,39.0,0.01,8.0,81
1992-01-03,62.0,Moderate,CO,61.0,35.0,0.0,7.0,79
1992-01-04,61.0,Moderate,CO,65.0,40.0,0.0,8.0,80
1992-01-05,38.0,Good,NO2,61.0,51.0,0.04,11.0,83
1992-01-06,38.0,Good,NO2,56.0,46.0,0.0,12.0,95
1992-01-07,38.0,Good,NO2,60.0,54.0,0.11,13.0,92
1992-01-08,28.0,Good,NO2,59.0,44.0,0.0,9.0,71
1992-01-09,38.0,Good,NO2,54.0,37.0,0.0,8.0,66
1992-01-10,47.0,Good,NO2,55.0,36.0,0.0,9.0,70
1992-01-11,38.0,Good,NO2,49.0,38.0,0.02,10.0,72
1992-01-12,28.0,Good,NO2,58.0,45.0,0.04,13.0,87
1992-01-13,28.0,Good,NO2,50.0,39.0,0.11,28.0,81
1992-01-14,38.0,Good,NO2,45.0,31.0,0.0,12.0,63
1992-01-15,38.0,Good,NO2,40.0,28.0,0.03,17.0,67
1992-01-16,38.0,Good,NO2,42.0,20.0,0.0,12.0,59
1992-01-17,41.0,Good,CO,41.0,33.0,0.52,11.0,81
1992-01-18,31.0,Good,CO,39.0,34.0,0.66,14.0,93
1992-01-19,38.0,Good,NO2,46.0,26.0,0.0,6.0,84
1992-01-20,47.0,Good,NO2,56.0,30.0,0.0,10.0,74
1992-01-21,38.0,Good,NO2,54.0,40.0,0.28,11.0,80
1992-01-22,38.0,Good,NO2,61.0,47.0,0.01,15.0,75
1992-01-23,47.0,Good,NO2,54.0,40.0,0.0,18.0,50
1992-01-24,47.0,Good,NO2,62.0,34.0,0.0,12.0,58
1992-01-25,57.0,Moderate,NO2,62.0,43.0,0.0,12.0,62
1992-01-26,47.0,Good,NO2,52.0,46.0,0.67,10.0,87
1992-01-27,31.0,Good,Ozone,49.0,47.0,0.89,10.0,92
1992-01-28,38.0,Good,NO2,51.0,47.0,0.03,9.0,86
1992-01-29,47.0,Good,NO2,53.0,44.0,0.0,6.0,85
1992-01-30,47.0,Good,NO2,65.0,46.0,0.0,7.0,79
1992-01-31,54.0,Moderate,PM10,68.0,41.0,0.0,7.0,73
1992-02-01,71.0,Moderate,CO,68.0,41.0,0.0,8.0,70
1992-02-02,57.0,Moderate,NO2,59.0,49.0,0.06,8.0,72
1992-02-03,38.0,Good,NO2,61.0,51.0,0.39,10.0,81
1992-02-04,38.0,Good,NO2,58.0,49.0,0.22,19.0,74
1992-02-05,28.0,Good,NO2,49.0,41.0,0.1,16.0,70
1992-02-06,38.0,Good,NO2,55.0,34.0,0.0,11.0,68
1992-02-07,38.0,Good,NO2,54.0,38.0,0.0,11.0,64
1992-02-08,47.0,Good,NO2,54.0,34.0,0.0,6.0,67
1992-02-09,43.0,Good,Ozone,58.0,40.0,0.0,12.0,67
1992-02-10,57.0,Moderate,NO2,62.0,44.0,0.0,15.0,71
1992-02-11,32.0,Good,Ozone,61.0,54.0,0.42,15.0,96
1992-02-12,28.0,Good,NO2,67.0,56.0,0.37,12.0,93
1992-02-13,28.0,Good,NO2,60.0,49.0,0.0,10.0,89
1992-02-14,28.0,Good,NO2,75.0,60.0,0.04,17.0,82
1992-02-15,38.0,Good,NO2,67.0,46.0,0.0,7.0,68
1992-02-16,45.0,Good,CO,66.0,47.0,0.0,15.0,73
1992-02-17,47.0,Good,NO2,68.0,56.0,0.02,18.0,63
1992-02-18,47.0,Good,NO2,65.0,44.0,0.0,12.0,49
1992-02-19,47.0,Good,NO2,63.0,39.0,0.0,6.0,61
1992-02-20,48.0,Good,Ozone,67.0,42.0,0.0,14.0,56
1992-02-21,46.0,Good,Ozone,69.0,47.0,0.0,14.0,69
1992-02-22,28.0,Good,NO2,62.0,56.0,0.87,11.0,93
1992-02-23,38.0,Good,NO2,66.0,52.0,0.0,7.0,84
1992-02-24,28.0,Good,NO2,65.0,51.0,0.51,19.0,85
1992-02-25,28.0,Good,NO2,50.0,41.0,1.01,21.0,76
1992-02-26,47.0,Good,NO2,58.0,35.0,0.0,10.0,56
1992-02-27,38.0,Good,NO2,65.0,43.0,0.0,15.0,65
1992-02-28,47.0,Good,NO2,74.0,43.0,0.0,10.0,69
1992-02-29,47.0,Good,NO2,72.0,48.0,0.0,8.0,68
1992-03-01,51.0,Moderate,Ozone,76.0,46.0,0.0,9.0,67
1992-03-02,38.0,Good,NO2,71.0,55.0,0.01,12.0,82
1992-03-03,29.0,Good,Ozone,69.0,62.0,1.09,14.0,92
1992-03-04,32.0,Good,Ozone,67.0,58.0,1.57,18.0,91
1992-03-05,37.0,Good,Ozone,75.0,55.0,0.0,18.0,70
1992-03-06,57.0,Moderate,NO2,76.0,52.0,0.0,11.0,57
1992-03-07,47.0,Good,CO,81.0,49.0,0.0,9.0,70
1992-03-08,32.0,Good,Ozone,70.0,59.0,0.76,15.0,79
1992-03-09,30.0,Good,Ozone,71.0,56.0,0.7,22.0,71
1992-03-10,31.0,Good,Ozone,52.0,37.0,0.0,21.0,43
1992-03-11,28.0,Good,NO2,53.0,33.0,0.0,10.0,62
1992-03-12,33.0,Good,Ozone,64.0,40.0,0.0,12.0,58
1992-03-13,47.0,Good,NO2,66.0,41.0,0.0,11.0,61
1992-03-14,51.0,Moderate,Ozone,74.0,49.0,0.0,11.0,62
1992-03-15,84.0,Moderate,Ozone,74.0,49.0,0.0,8.0,65
1992-03-16,42.0,Good,Ozone,73.0,54.0,0.0,17.0,72
1992-03-17,29.0,Good,Ozone,70.0,59.0,0.37,17.0,84
1992-03-18,35.0,Good,Ozone,77.0,60.0,0.03,18.0,70
1992-03-19,35.0,Good,Ozone,59.0,48.0,0.0,16.0,65
1992-03-20,47.0,Good,NO2,63.0,42.0,0.0,6.0,68
1992-03-21,43.0,Good,Ozone,64.0,50.0,0.06,19.0,75
1992-03-22,30.0,Good,Ozone,64.0,46.0,0.02,23.0,78
1992-03-23,47.0,Good,NO2,57.0,38.0,0.0,8.0,62
1992-03-24,47.0,Good,NO2,62.0,45.0,0.29,17.0,71
1992-03-25,49.0,Good,Ozone,70.0,50.0,0.0,14.0,77
1992-03-26,93.0,Moderate,Ozone,76.0,46.0,0.0,13.0,69
1992-03-27,61.0,Moderate,Ozone,74.0,54.0,0.02,13.0,72
1992-03-28,57.0,Moderate,NO2,67.0,57.0,0.21,16.0,85
1992-03-29,43.0,Good,Ozone,75.0,58.0,0.03,14.0,74
1992-03-30,47.0,Good,NO2,65.0,52.0,0.0,13.0,62
1992-03-31,47.0,Good,NO2,66.0,44.0,0.0,8.0,71
1992-04-01,38.0,Good,NO2,57.0,47.0,0.0,17.0,63
1992-04-02,47.0,Good,NO2,54.0,40.0,0.02,7.0,58
1992-04-03,57.0,Moderate,NO2,64.0,38.0,0.0,8.0,66
1992-04-04,77.0,Moderate,Ozone,78.0,48.0,0.0,9.0,58
1992-04-05,64.0,Moderate,Ozone,73.0,50.0,0.09,15.0,68
1992-04-06,38.0,Good,NO2,65.0,55.0,0.32,10.0,81
1992-04-07,67.0,Moderate,Ozone,77.0,50.0,0.0,10.0,80
1992-04-08,74.0,Moderate,Ozone,81.0,58.0,0.0,12.0,75
1992-04-09,61.0,Moderate,Ozone,79.0,62.0,0.0,11.0,72
1992-04-10,51.0,Moderate,Ozone,76.0,60.0,0.0,12.0,71
1992-04-11,43.0,Good,Ozone,83.0,63.0,0.0,16.0,70
1992-04-12,58.0,Moderate,Ozone,75.0,64.0,0.51,10.0,85
1992-04-13,108.0,Unhealthy for Sensitive Groups,Ozone,78.0,65.0,0.04,7.0,79
1992-04-14,51.0,Moderate,Ozone,82.0,62.0,0.01,11.0,75
1992-04-15,32.0,Good,Ozone,78.0,65.0,0.0,16.0,75
1992-04-16,19.0,Good,NO2,80.0,65.0,0.0,14.0,73
1992-04-17,28.0,Good,NO2,76.0,64.0,0.2,11.0,80
1992-04-18,40.0,Good,Ozone,74.0,65.0,0.43,16.0,88
1992-04-19,31.0,Good,Ozone,77.0,62.0,0.4,15.0,84
1992-04-20,28.0,Good,NO2,67.0,55.0,0.0,17.0,65
1992-04-21,61.0,Moderate,Ozone,72.0,51.0,0.02,10.0,68
1992-04-22,87.0,Moderate,Ozone,80.0,58.0,0.0,15.0,67
1992-04-23,67.0,Moderate,Ozone,83.0,60.0,0.0,15.0,69
1992-04-24,44.0,Good,Ozone,81.0,68.0,0.02,15.0,71
1992-04-25,51.0,Moderate,Ozone,73.0,57.0,0.0,15.0,46
1992-04-26,84.0,Moderate,Ozone,77.0,55.0,0.0,10.0,56
1992-04-27,64.0,Moderate,Ozone,72.0,56.0,0.0,8.0,52
1992-04-28,58.0,Moderate,Ozone,82.0,59.0,0.3,18.0,57
1992-04-29,48.0,Good,Ozone,75.0,61.0,0.1,17.0,76
1992-04-30,38.0,Good,NO2,77.0,57.0,0.0,9.0,78
1992-05-01,67.0,Moderate,Ozone,85.0,62.0,0.0,17.0,70
1992-05-02,48.0,Good,Ozone,86.0,65.0,0.0,17.0,67
1992-05-03,38.0,Good,Ozone,77.0,69.0,0.03,13.0,75
1992-05-04,100.0,Moderate,Ozone,83.0,64.0,0.0,7.0,64
1992-05-05,126.0,Unhealthy for Sensitive Groups,Ozone,86.0,60.0,0.0,9.0,63
1992-05-06,49.0,Good,Ozone,71.0,59.0,0.0,14.0,43
1992-05-07,101.0,Unhealthy for Sensitive Groups,Ozone,74.0,52.0,0.0,7.0,51
1992-05-08,115.0,Unhealthy for Sensitive Groups,Ozone,78.0,54.0,0.0,10.0,47
1992-05-09,87.0,Moderate,Ozone,80.0,58.0,0.0,15.0,52
1992-05-10,50.0,Good,Ozone,80.0,67.0,0.47,19.0,63
1992-05-11,50.0,Good,Ozone,86.0,67.0,0.24,21.0,75
1992-05-12,93.0,Moderate,Ozone,90.0,72.0,0.01,12.0,72
1992-05-13,119.0,Unhealthy for Sensitive Groups,Ozone,89.0,65.0,0.0,10.0,76
1992-05-14,38.0,Good,NO2,87.0,72.0,0.0,9.0,72
1992-05-15,58.0,Moderate,Ozone,85.0,69.0,0.25,10.0,74
1992-05-16,35.0,Good,Ozone,72.0,69.0,0.28,17.0,81
1992-05-17,26.0,Good,Ozone,70.0,67.0,1.23,11.0,96
1992-05-18,46.0,Good,Ozone,79.0,67.0,1.65,9.0,91
1992-05-19,37.0,Good,Ozone,81.0,67.0,0.28,10.0,88
1992-05-20,54.0,Moderate,Ozone,82.0,68.0,0.0,11.0,77
1992-05-21,38.0,Good,NO2,81.0,68.0,0.01,13.0,80
1992-05-22,47.0,Good,NO2,81.0,67.0,0.0,8.0,75
1992-05-23,67.0,Moderate,Ozone,83.0,65.0,0.0,5.0,77
1992-05-24,36.0,Good,Ozone,79.0,67.0,0.0,10.0,78
1992-05-25,44.0,Good,Ozone,80.0,65.0,0.15,8.0,77
1992-05-26,31.0,Good,Ozone,74.0,65.0,0.63,13.0,82
1992-05-27,35.0,Good,Ozone,73.0,59.0,0.08,9.0,78
1992-05-28,31.0,Good,Ozone,68.0,58.0,0.8,17.0,96
1992-05-29,38.0,Good,NO2,67.0,56.0,0.0,13.0,74
1992-05-30,50.0,Good,Ozone,72.0,55.0,0.0,5.0,73
1992-05-31,39.0,Good,Ozone,73.0,62.0,0.97,10.0,84
1992-06-01,41.0,Good,Ozone,78.0,64.0,0.74,9.0,88
1992-06-02,51.0,Moderate,Ozone,78.0,67.0,0.81,10.0,86
1992-06-03,51.0,Moderate,Ozone,77.0,61.0,0.0,15.0,73
1992-06-04,71.0,Moderate,Ozone,82.0,62.0,0.0,9.0,72
1992-06-05,161.0,Unhealthy,Ozone,86.0,65.0,0.0,11.0,74
1992-06-06,77.0,Moderate,Ozone,86.0,75.0,0.02,14.0,76
1992-06-07,77.0,Moderate,Ozone,83.0,71.0,0.67,10.0,81
1992-06-08,105.0,Unhealthy for Sensitive Groups,Ozone,87.0,69.0,0.05,7.0,81
1992-06-09,97.0,Moderate,Ozone,87.0,70.0,0.02,10.0,78
1992-06-10,54.0,Moderate,Ozone,88.0,71.0,0.46,10.0,82
1992-06-11,54.0,Moderate,Ozone,86.0,71.0,0.22,10.0,76
1992-06-12,67.0,Moderate,Ozone,85.0,69.0,0.0,10.0,74
1992-06-13,217.0,Very Unhealthy,Ozone,88.0,69.0,0.0,7.0,74
1992-06-14,38.0,Good,Ozone,89.0,74.0,0.0,15.0,77
1992-06-15,34.0,Good,Ozone,90.0,75.0,0.0,17.0,73
1992-06-16,38.0,Good,Ozone,91.0,76.0,0.0,18.0,69
1992-06-17,39.0,Good,Ozone,90.0,74.0,0.0,19.0,68
1992-06-18,49.0,Good,Ozone,91.0,75.0,0.0,12.0,69
1992-06-19,54.0,Moderate,Ozone,93.0,76.0,0.0,11.0,66
1992-06-20,51.0,Moderate,Ozone,91.0,76.0,0.09,11.0,70
1992-06-21,46.0,Good,Ozone,84.0,73.0,0.03,10.0,69
1992-06-22,97.0,Moderate,Ozone,83.0,71.0,0.0,9.0,71
1992-06-23,166.0,Unhealthy,Ozone,89.0,72.0,0.04,9.0,77
1992-06-24,97.0,Moderate,Ozone,94.0,72.0,0.05,11.0,75
1992-06-25,38.0,Good,NO2,94.0,75.0,0.7,12.0,68
1992-06-26,93.0,Moderate,Ozone,88.0,72.0,0.16,8.0,76
1992-06-27,54.0,Moderate,Ozone,87.0,72.0,0.02,7.0,80
1992-06-28,47.0,Good,Ozone,84.0,74.0,0.58,14.0,87
1992-06-29,74.0,Moderate,Ozone,85.0,72.0,0.65,14.0,78
1992-06-30,185.0,Unhealthy,Ozone,90.0,69.0,0.0,7.0,74
1992-07-01,43.0,Good,Ozone,93.0,78.0,0.0,17.0,74
1992-07-02,38.0,Good,Ozone,93.0,78.0,0.0,19.0,70
1992-07-03,54.0,Moderate,Ozone,90.0,79.0,0.02,12.0,73
1992-07-04,36.0,Good,Ozone,90.0,75.0,0.0,13.0,74
1992-07-05,69.0,Moderate,PM10,92.0,77.0,0.0,17.0,60
1992-07-06,42.0,Good,Ozone,94.0,76.0,0.0,15.0,57
1992-07-07,39.0,Good,Ozone,94.0,75.0,0.0,16.0,53
1992-07-08,38.0,Good,Ozone,92.0,76.0,0.0,15.0,62
1992-07-09,40.0,Good,Ozone,93.0,75.0,0.0,14.0,57
1992-07-10,34.0,Good,Ozone,94.0,77.0,0.0,18.0,58
1992-07-11,52.0,Moderate,PM10,93.0,74.0,0.0,19.0,57
1992-07-12,34.0,Good,Ozone,94.0,77.0,0.0,19.0,57
1992-07-13,33.0,Good,Ozone,93.0,75.0,0.0,17.0,57
1992-07-14,39.0,Good,Ozone,95.0,78.0,0.0,16.0,60
1992-07-15,43.0,Good,Ozone,94.0,79.0,0.03,14.0,63
1992-07-16,28.0,Good,NO2,92.0,78.0,0.05,16.0,61
1992-07-17,42.0,Good,Ozone,84.0,72.0,0.63,10.0,83
1992-07-18,28.0,Good,NO2,84.0,71.0,0.43,10.0,86
1992-07-19,49.0,Good,Ozone,87.0,72.0,0.27,9.0,80
1992-07-20,31.0,Good,Ozone,87.0,73.0,0.02,10.0,78
1992-07-21,33.0,Good,Ozone,86.0,74.0,0.06,6.0,77
1992-07-22,34.0,Good,Ozone,89.0,75.0,0.05,8.0,73
1992-07-23,42.0,Good,Ozone,91.0,76.0,0.04,9.0,74
1992-07-24,43.0,Good,Ozone,93.0,77.0,0.0,9.0,70
1992-07-25,46.0,Good,Ozone,93.0,78.0,0.0,9.0,64
1992-07-26,41.0,Good,Ozone,95.0,78.0,0.0,10.0,58
1992-07-27,39.0,Good,Ozone,96.0,81.0,0.14,11.0,63
1992-07-28,74.0,Moderate,Ozone,86.0,76.0,1.6,5.0,88
1992-07-29,39.0,Good,Ozone,90.0,75.0,0.17,9.0,77
1992-07-30,39.0,Good,Ozone,92.0,77.0,0.0,13.0,65
1992-07-31,64.0,Moderate,Ozone,88.0,74.0,0.4,10.0,74
1992-08-01,133.0,Unhealthy for Sensitive Groups,Ozone,89.0,71.0,0.04,8.0,75
1992-08-02,48.0,Good,Ozone,87.0,74.0,0.18,8.0,78
1992-08-03,140.0,Unhealthy for Sensitive Groups,Ozone,90.0,73.0,0.0,6.0,73
1992-08-04,54.0,Moderate,Ozone,93.0,74.0,0.0,8.0,65
1992-08-05,50.0,Good,Ozone,92.0,78.0,0.0,11.0,63
1992-08-06,41.0,Good,Ozone,94.0,77.0,0.0,9.0,62
1992-08-07,43.0,Good,Ozone,95.0,79.0,0.0,11.0,58
1992-08-08,40.0,Good,Ozone,95.0,79.0,0.0,11.0,59
1992-08-09,44.0,Good,Ozone,94.0,79.0,0.0,10.0,59
1992-08-10,90.0,Moderate,Ozone,94.0,79.0,0.0,8.0,59
1992-08-11,41.0,Good,Ozone,94.0,79.0,0.03,11.0,65
1992-08-12,38.0,Good,NO2,87.0,75.0,0.07,12.0,76
1992-08-13,67.0,Moderate,Ozone,88.0,73.0,0.0,10.0,66
1992-08-14,46.0,Good,Ozone,83.0,72.0,0.02,10.0,64
1992-08-15,49.0,Good,Ozone,82.0,67.0,0.0,9.0,57
1992-08-16,105.0,Unhealthy for Sensitive Groups,Ozone,82.0,64.0,0.0,8.0,57
1992-08-17,101.0,Unhealthy for Sensitive Groups,Ozone,84.0,65.0,0.0,9.0,53
1992-08-18,47.0,Good,NO2,82.0,67.0,0.22,10.0,66
1992-08-19,57.0,Moderate,NO2,77.0,67.0,0.17,6.0,77
1992-08-20,93.0,Moderate,Ozone,85.0,64.0,0.0,6.0,68
1992-08-21,161.0,Unhealthy,Ozone,86.0,67.0,0.0,5.0,67
1992-08-22,126.0,Unhealthy for Sensitive Groups,Ozone,89.0,69.0,0.0,6.0,60
1992-08-23,112.0,Unhealthy for Sensitive Groups,Ozone,90.0,72.0,0.0,10.0,56
1992-08-24,39.0,Good,Ozone,91.0,74.0,0.03,14.0,65
1992-08-25,46.0,Good,Ozone,91.0,74.0,0.0,9.0,68
1992-08-26,46.0,Good,Ozone,91.0,72.0,0.01,13.0,69
1992-08-27,38.0,Good,NO2,82.0,71.0,0.0,14.0,63
1992-08-28,177.0,Unhealthy,Ozone,85.0,63.0,0.0,6.0,55
1992-08-29,100.0,Moderate,Ozone,92.0,67.0,0.0,11.0,44
1992-08-30,126.0,Unhealthy for Sensitive Groups,Ozone,90.0,71.0,0.0,10.0,49
1992-08-31,87.0,Moderate,Ozone,89.0,72.0,0.0,9.0,53
1992-09-01,38.0,Good,NO2,87.0,75.0,0.56,12.0,71
1992-09-02,38.0,Good,NO2,93.0,74.0,0.85,17.0,66
1992-09-03,32.0,Good,Ozone,88.0,73.0,0.37,12.0,79
1992-09-04,36.0,Good,Ozone,86.0,71.0,0.04,8.0,82
1992-09-05,37.0,Good,Ozone,90.0,74.0,0.0,16.0,72
1992-09-06,38.0,Good,Ozone,89.0,75.0,0.0,13.0,70
1992-09-07,35.0,Good,Ozone,91.0,75.0,0.0,12.0,67
1992-09-08,36.0,Good,Ozone,92.0,76.0,0.0,11.0,65
1992-09-09,33.0,Good,PM10,92.0,76.0,0.0,13.0,62
1992-09-10,28.0,Good,NO2,85.0,76.0,0.33,12.0,77
1992-09-11,46.0,Good,Ozone,83.0,72.0,0.02,9.0,74
1992-09-12,77.0,Moderate,Ozone,87.0,69.0,0.0,9.0,63
1992-09-13,64.0,Moderate,Ozone,88.0,72.0,0.0,12.0,67
1992-09-14,44.0,Good,Ozone,87.0,73.0,0.0,11.0,73
1992-09-15,49.0,Good,Ozone,87.0,72.0,0.0,10.0,73
1992-09-16,54.0,Moderate,Ozone,86.0,69.0,0.0,7.0,64
1992-09-17,90.0,Moderate,Ozone,88.0,72.0,0.0,7.0,69
1992-09-18,54.0,Moderate,Ozone,90.0,75.0,0.0,9.0,64
1992-09-19,115.0,Unhealthy for Sensitive Groups,Ozone,92.0,76.0,0.0,7.0,63
1992-09-20,29.0,Good,Ozone,93.0,77.0,0.01,16.0,58
1992-09-21,47.0,Good,NO2,90.0,76.0,0.81,18.0,76
1992-09-22,32.0,Good,Ozone,81.0,71.0,0.01,17.0,72
1992-09-23,42.0,Good,Ozone,75.0,61.0,0.0,11.0,50
1992-09-24,47.0,Good,NO2,73.0,57.0,0.0,6.0,61
1992-09-25,100.0,Moderate,Ozone,83.0,59.0,0.0,11.0,66
1992-09-26,58.0,Moderate,Ozone,87.0,68.0,0.0,13.0,69
1992-09-27,46.0,Good,Ozone,80.0,62.0,0.0,12.0,64
1992-09-28,47.0,Good,NO2,81.0,59.0,0.0,13.0,61
1992-09-29,47.0,Good,NO2,79.0,61.0,0.0,11.0,56
1992-09-30,57.0,Moderate,NO2,77.0,54.0,0.0,9.0,46
1992-10-01,79.0,Moderate,NO2,78.0,53.0,0.0,8.0,53
1992-10-02,105.0,Unhealthy for Sensitive Groups,Ozone,78.0,53.0,0.0,6.0,57
1992-10-03,143.0,Unhealthy for Sensitive Groups,Ozone,80.0,56.0,0.0,6.0,61
1992-10-04,154.0,Unhealthy,Ozone,84.0,57.0,0.0,6.0,55
1992-10-05,136.0,Unhealthy for Sensitive Groups,Ozone,85.0,60.0,0.0,9.0,51
1992-10-06,126.0,Unhealthy for Sensitive Groups,Ozone,83.0,63.0,0.0,9.0,54
1992-10-07,50.0,Good,Ozone,84.0,59.0,0.02,24.0,50
1992-10-08,47.0,Good,NO2,71.0,51.0,0.0,18.0,38
1992-10-09,80.0,Moderate,Ozone,81.0,55.0,0.0,15.0,41
1992-10-10,49.0,Good,Ozone,83.0,65.0,0.0,15.0,59
1992-10-11,57.0,Moderate,NO2,78.0,57.0,0.0,8.0,44
1992-10-12,115.0,Unhealthy for Sensitive Groups,Ozone,88.0,61.0,0.0,12.0,43
1992-10-13,50.0,Good,Ozone,88.0,67.0,0.0,17.0,44
1992-10-14,43.0,Good,Ozone,87.0,66.0,0.0,22.0,57
1992-10-15,30.0,Good,Ozone,87.0,70.0,0.27,17.0,68
1992-10-16,19.0,Good,NO2,71.0,67.0,0.15,16.0,73
1992-10-17,28.0,Good,NO2,70.0,62.0,0.0,8.0,63
1992-10-18,57.0,Moderate,NO2,71.0,53.0,0.0,8.0,65
1992-10-19,49.0,Good,Ozone,74.0,55.0,0.0,12.0,60
1992-10-20,51.0,Moderate,Ozone,78.0,61.0,0.07,14.0,70
1992-10-21,44.0,Good,Ozone,80.0,65.0,0.0,11.0,67
1992-10-22,47.0,Good,NO2,80.0,64.0,0.0,9.0,70
1992-10-23,71.0,Moderate,Ozone,81.0,64.0,0.0,6.0,68
1992-10-24,89.0,Moderate,NO2,83.0,63.0,0.0,5.0,64
1992-10-25,79.0,Moderate,NO2,86.0,64.0,0.0,8.0,63
1992-10-26,38.0,Good,NO2,89.0,68.0,0.06,14.0,48
1992-10-27,57.0,Moderate,NO2,76.0,62.0,0.0,10.0,72
1992-10-28,47.0,Good,NO2,80.0,59.0,0.0,11.0,72
1992-10-29,38.0,Good,NO2,83.0,66.0,0.19,16.0,69
1992-10-30,68.0,Moderate,NO2,76.0,63.0,0.17,8.0,80
1992-10-31,31.0,Good,Ozone,84.0,67.0,0.01,18.0,81
1992-11-01,24.0,Good,Ozone,74.0,58.0,0.79,19.0,69
1992-11-02,47.0,Good,NO2,75.0,53.0,0.0,17.0,48
1992-11-03,31.0,Good,Ozone,74.0,51.0,0.01,22.0,60
1992-11-04,38.0,Good,NO2,52.0,43.0,0.0,17.0,49
1992-11-05,38.0,Good,NO2,53.0,39.0,0.0,5.0,61
1992-11-06,38.0,Good,NO2,56.0,41.0,0.0,8.0,61
1992-11-07,47.0,Good,NO2,63.0,42.0,0.0,13.0,58
1992-11-08,30.0,Good,Ozone,60.0,51.0,0.1,16.0,63
1992-11-09,38.0,Good,NO2,73.0,61.0,0.06,20.0,79
1992-11-10,38.0,Good,NO2,70.0,63.0,0.34,17.0,89
1992-11-11,28.0,Good,NO2,71.0,65.0,0.12,13.0,93
1992-11-12,38.0,Good,NO2,66.0,47.0,0.54,20.0,61
1992-11-13,47.0,Good,NO2,60.0,41.0,0.0,6.0,65
1992-11-14,57.0,Moderate,NO2,66.0,42.0,0.0,7.0,65
1992-11-15,57.0,Moderate,NO2,67.0,42.0,0.0,9.0,63
1992-11-16,47.0,Good,NO2,71.0,49.0,0.0,14.0,70
1992-11-17,57.0,Moderate,NO2,70.0,55.0,0.0,16.0,74
1992-11-18,28.0,Good,NO2,68.0,60.0,0.06,12.0,86
1992-11-19,28.0,Good,NO2,64.0,59.0,3.53,15.0,94
1992-11-20,28.0,Good,NO2,60.0,51.0,0.16,10.0,82
1992-11-21,28.0,Good,NO2,59.0,49.0,0.65,13.0,91
1992-11-22,28.0,Good,NO2,53.0,41.0,0.01,22.0,74
1992-11-23,47.0,Good,NO2,62.0,44.0,0.0,15.0,73
1992-11-24,28.0,Good,NO2,61.0,44.0,0.73,20.0,72
1992-11-25,26.0,Good,Ozone,48.0,39.0,0.0,21.0,54
1992-11-26,28.0,Good,Ozone,43.0,33.0,0.0,12.0,62
1992-11-27,41.0,Good,CO,45.0,30.0,0.0,9.0,63
1992-11-28,62.0,Moderate,CO,52.0,29.0,0.0,10.0,74
1992-11-29,57.0,Moderate,NO2,60.0,36.0,0.0,13.0,75
1992-11-30,38.0,Good,NO2,52.0,35.0,0.0,11.0,68
1992-12-01,47.0,Good,NO2,63.0,37.0,0.0,11.0,70
1992-12-02,47.0,Good,NO2,54.0,38.0,0.0,10.0,57
1992-12-03,42.0,Good,CO,63.0,39.0,0.0,16.0,64
1992-12-04,28.0,Good,NO2,59.0,42.0,0.0,17.0,73
1992-12-05,22.0,Good,Ozone,41.0,37.0,0.07,14.0,60
1992-12-06,28.0,Good,NO2,54.0,33.0,0.0,11.0,77
1992-12-07,28.0,Good,NO2,49.0,36.0,0.0,7.0,91
1992-12-08,32.0,Good,PM10,51.0,42.0,0.03,13.0,82
1992-12-09,131.0,Unhealthy for Sensitive Groups,NO2,60.0,46.0,0.52,18.0,81
1992-12-10,38.0,Good,NO2,61.0,39.0,0.0,11.0,70
1992-12-11,38.0,Good,NO2,60.0,40.0,0.0,11.0,63
1992-12-12,35.0,Good,Ozone,64.0,46.0,0.02,19.0,73
1992-12-13,28.0,Good,Ozone,64.0,59.0,1.56,19.0,88
1992-12-14,19.0,Good,NO2,62.0,43.0,1.76,21.0,87
1992-12-15,38.0,Good,NO2,53.0,36.0,0.66,12.0,74
1992-12-16,28.0,Good,NO2,54.0,40.0,0.02,11.0,78
1992-12-17,38.0,Good,NO2,48.0,36.0,0.0,10.0,80
1992-12-18,47.0,Good,NO2,59.0,38.0,0.0,15.0,79
1992-12-19,28.0,Good,NO2,64.0,56.0,0.2,14.0,95
1992-12-20,28.0,Good,NO2,52.0,39.0,0.02,14.0,74
1992-12-21,28.0,Good,NO2,63.0,45.0,0.0,9.0,73
1992-12-22,28.0,Good,NO2,65.0,51.0,0.04,15.0,92
1992-12-23,38.0,Good,NO2,61.0,49.0,0.0,14.0,75
1992-12-24,38.0,Good,NO2,52.0,38.0,0.0,13.0,60
1992-12-25,28.0,Good,NO2,53.0,46.0,0.02,11.0,69
1992-12-26,21.0,Good,Ozone,49.0,40.0,0.0,9.0,71
1992-12-27,28.0,Good,NO2,62.0,42.0,0.0,13.0,84
1992-12-28,19.0,Good,NO2,64.0,53.0,0.01,11.0,95
1992-12-29,19.0,Good,NO2,72.0,65.0,0.01,16.0,91
1992-12-30,28.0,Good,NO2,74.0,66.0,0.02,20.0,87
1992-12-31,19.0,Good,NO2,66.0,40.0,0.05,18.0,81
1993-01-01,22.0,Good,PM10,41.0,36.0,0.0,12.0,61
1993-01-02,19.0,Good,NO2,52.0,41.0,0.0,11.0,83
1993-01-03,28.0,Good,NO2,65.0,52.0,0.13,14.0,95
1993-01-04,38.0,Good,NO2,64.0,39.0,0.29,17.0,77
1993-01-05,47.0,Good,NO2,46.0,34.0,0.0,6.0,70
1993-01-06,32.0,Good,CO,47.0,38.0,0.08,8.0,82
1993-01-07,30.0,Good,CO,54.0,44.0,0.06,10.0,85
1993-01-08,27.0,Good,CO,51.0,48.0,0.0,12.0,90
1993-01-09,19.0,Good,NO2,58.0,43.0,0.45,17.0,94
1993-01-10,17.0,Good,CO,43.0,33.0,0.09,14.0,68
1993-01-11,35.0,Good,CO,46.0,38.0,0.06,10.0,85
1993-01-12,30.0,Good,CO,61.0,41.0,0.0,15.0,74
1993-01-13,28.0,Good,NO2,46.0,29.0,0.0,9.0,63
1993-01-14,28.0,Good,NO2,51.0,35.0,0.05,8.0,68
1993-01-15,28.0,Good,NO2,56.0,43.0,0.0,9.0,71
1993-01-16,18.0,Good,Ozone,59.0,42.0,0.0,8.0,79
1993-01-17,18.0,Good,Ozone,56.0,44.0,0.17,12.0,94
1993-01-18,19.0,Good,NO2,55.0,44.0,0.45,11.0,90
1993-01-19,14.0,Good,CO,44.0,41.0,0.49,10.0,90
1993-01-20,28.0,Good,NO2,51.0,39.0,0.26,7.0,88
1993-01-21,38.0,Good,NO2,66.0,40.0,0.0,9.0,77
1993-01-22,47.0,Good,NO2,64.0,40.0,0.0,11.0,78
1993-01-23,29.0,Good,Ozone,71.0,46.0,0.2,25.0,77
1993-01-24,38.0,Good,NO2,50.0,36.0,0.0,21.0,56
1993-01-25,38.0,Good,NO2,48.0,34.0,0.01,7.0,60
1993-01-26,57.0,Moderate,NO2,54.0,33.0,0.0,6.0,66
1993-01-27,68.0,Moderate,NO2,60.0,36.0,0.0,9.0,63
1993-01-28,38.0,Good,NO2,57.0,43.0,0.09,12.0,68
1993-01-29,38.0,Good,NO2,50.0,40.0,0.13,14.0,86
1993-01-30,38.0,Good,NO2,49.0,39.0,0.0,8.0,59
1993-01-31,38.0,Good,NO2,62.0,35.0,0.0,10.0,76
1993-02-01,68.0,Moderate,NO2,65.0,40.0,0.0,6.0,79
1993-02-02,49.0,Good,CO,63.0,43.0,0.0,11.0,77
1993-02-03,47.0,Good,NO2,58.0,52.0,0.49,9.0,80
1993-02-04,38.0,Good,NO2,54.0,49.0,0.2,9.0,86
1993-02-05,19.0,Good,NO2,53.0,45.0,0.06,13.0,88
1993-02-06,47.0,Good,NO2,56.0,42.0,0.0,11.0,73
1993-02-07,47.0,Good,NO2,63.0,36.0,0.0,6.0,75
1993-02-08,47.0,Good,NO2,66.0,40.0,0.0,9.0,74
1993-02-09,39.0,Good,Ozone,66.0,45.0,0.0,12.0,75
1993-02-10,37.0,Good,Ozone,69.0,53.0,0.56,14.0,79
1993-02-11,28.0,Good,NO2,57.0,43.0,0.0,18.0,61
1993-02-12,38.0,Good,NO2,53.0,40.0,0.0,16.0,63
1993-02-13,38.0,Good,NO2,59.0,35.0,0.0,7.0,75
1993-02-14,28.0,Good,NO2,51.0,46.0,0.03,12.0,63
1993-02-15,28.0,Good,NO2,62.0,46.0,1.05,16.0,87
1993-02-16,19.0,Good,NO2,45.0,34.0,0.0,14.0,67
1993-02-17,19.0,Good,NO2,41.0,31.0,0.0,12.0,63
1993-02-18,38.0,Good,NO2,40.0,26.0,0.0,11.0,61
1993-02-19,32.0,Good,Ozone,60.0,34.0,0.0,20.0,71
1993-02-20,32.0,Good,Ozone,73.0,47.0,0.01,16.0,81
1993-02-21,39.0,Good,Ozone,70.0,50.0,0.02,21.0,48
1993-02-22,47.0,Good,NO2,56.0,42.0,0.0,10.0,58
1993-02-23,47.0,Good,NO2,60.0,43.0,0.0,11.0,64
1993-02-24,32.0,Good,PM10,58.0,46.0,0.15,18.0,76
1993-02-25,28.0,Good,NO2,68.0,46.0,0.48,19.0,70
1993-02-26,38.0,Good,NO2,48.0,33.0,0.0,11.0,63
1993-02-27,23.0,Good,Ozone,51.0,36.0,0.0,7.0,69
1993-02-28,38.0,Good,NO2,52.0,44.0,0.04,7.0,73
1993-03-01,28.0,Good,NO2,53.0,47.0,0.56,12.0,91
1993-03-02,47.0,Good,NO2,60.0,46.0,0.0,17.0,71
1993-03-03,38.0,Good,NO2,57.0,40.0,0.0,16.0,68
1993-03-04,31.0,Good,Ozone,59.0,40.0,0.0,17.0,64
1993-03-05,47.0,Good,NO2,57.0,39.0,0.0,12.0,66
1993-03-06,38.0,Good,NO2,65.0,35.0,0.0,10.0,65
1993-03-07,47.0,Good,NO2,68.0,40.0,0.0,11.0,66
1993-03-08,44.0,Good,Ozone,78.0,46.0,0.0,13.0,58
1993-03-09,51.0,Moderate,Ozone,80.0,56.0,0.0,19.0,51
1993-03-10,32.0,Good,Ozone,65.0,53.0,0.0,17.0,50
1993-03-11,30.0,Good,Ozone,57.0,46.0,0.13,14.0,50
1993-03-12,25.0,Good,Ozone,47.0,36.0,0.52,23.0,69
1993-03-13,38.0,Good,NO2,43.0,30.0,0.0,17.0,48
1993-03-14,39.0,Good,Ozone,56.0,29.0,0.0,14.0,57
1993-03-15,29.0,Good,Ozone,58.0,44.0,0.19,21.0,76
1993-03-16,38.0,Good,NO2,71.0,55.0,0.19,19.0,83
1993-03-17,28.0,Good,NO2,55.0,46.0,0.0,13.0,77
1993-03-18,31.0,Good,Ozone,62.0,49.0,0.06,17.0,74
1993-03-19,38.0,Good,NO2,60.0,53.0,1.23,15.0,89
1993-03-20,20.0,Good,Ozone,58.0,53.0,0.26,13.0,86
1993-03-21,31.0,Good,Ozone,63.0,53.0,0.01,9.0,82
1993-03-22,38.0,Good,NO2,64.0,53.0,0.33,11.0,90
1993-03-23,57.0,Moderate,NO2,64.0,42.0,0.0,7.0,71
1993-03-24,39.0,Good,Ozone,77.0,49.0,0.01,12.0,74
1993-03-25,44.0,Good,Ozone,71.0,55.0,0.06,12.0,77
1993-03-26,57.0,Moderate,NO2,66.0,46.0,0.0,8.0,69
1993-03-27,71.0,Moderate,Ozone,72.0,45.0,0.0,10.0,68
1993-03-28,38.0,Good,NO2,73.0,56.0,0.04,14.0,77
1993-03-29,30.0,Good,CO,75.0,61.0,0.01,14.0,83
1993-03-30,44.0,Good,Ozone,77.0,62.0,0.02,18.0,65
1993-03-31,35.0,Good,Ozone,66.0,52.0,0.0,22.0,54
1993-04-01,38.0,Good,CO,62.0,50.0,0.0,19.0,51
1993-04-02,45.0,Good,NO2,63.0,40.0,0.0,9.0,65
1993-04-03,31.0,Good,Ozone,67.0,51.0,0.45,17.0,73
1993-04-04,26.0,Good,Ozone,59.0,50.0,0.61,17.0,86
1993-04-05,37.0,Good,NO2,57.0,46.0,0.0,13.0,71
1993-04-06,40.0,Good,Ozone,67.0,46.0,0.0,17.0,77
1993-04-07,36.0,Good,Ozone,69.0,57.0,1.11,18.0,88
1993-04-08,39.0,Good,Ozone,65.0,51.0,0.01,17.0,60
1993-04-09,60.0,Moderate,NO2,72.0,46.0,0.0,12.0,55
1993-04-10,84.0,Moderate,Ozone,80.0,53.0,0.0,19.0,54
1993-04-11,47.0,Good,Ozone,82.0,58.0,0.0,14.0,73
1993-04-12,47.0,Good,Ozone,80.0,63.0,0.0,17.0,77
1993-04-13,44.0,Good,PM10,76.0,64.0,0.57,17.0,83
1993-04-14,24.0,Good,Ozone,68.0,47.0,1.56,22.0,84
1993-04-15,41.0,Good,NO2,60.0,45.0,0.0,20.0,59
1993-04-16,48.0,Good,NO2,67.0,47.0,0.0,8.0,64
1993-04-17,47.0,Good,NO2,69.0,54.0,0.07,17.0,66
1993-04-18,45.0,Good,Ozone,80.0,54.0,0.0,22.0,77
1993-04-19,46.0,Good,Ozone,81.0,63.0,0.29,24.0,76
1993-04-20,45.0,Good,NO2,67.0,56.0,0.0,16.0,63
1993-04-21,44.0,Good,NO2,65.0,48.0,0.0,15.0,53
1993-04-22,49.0,Good,Ozone,72.0,45.0,0.0,13.0,61
1993-04-23,42.0,Good,Ozone,79.0,57.0,0.0,23.0,65
1993-04-24,42.0,Good,Ozone,81.0,63.0,0.0,23.0,71
1993-04-25,80.0,Moderate,Ozone,76.0,63.0,0.14,19.0,72
1993-04-26,74.0,Moderate,Ozone,76.0,54.0,0.0,7.0,60
1993-04-27,84.0,Moderate,Ozone,76.0,57.0,0.0,13.0,63
1993-04-28,47.0,Good,Ozone,76.0,60.0,0.0,12.0,74
1993-04-29,44.0,Good,Ozone,74.0,63.0,0.65,15.0,83
1993-04-30,87.0,Moderate,Ozone,77.0,56.0,0.0,7.0,76
1993-05-01,87.0,Moderate,Ozone,77.0,62.0,0.03,9.0,79
1993-05-02,32.0,Good,Ozone,68.0,58.0,0.19,19.0,80
1993-05-03,51.0,Moderate,Ozone,75.0,55.0,0.0,13.0,65
1993-05-04,54.0,Moderate,Ozone,82.0,56.0,0.0,17.0,68
1993-05-05,37.0,Good,NO2,78.0,64.0,0.11,17.0,78
1993-05-06,46.0,Good,Ozone,81.0,67.0,0.04,16.0,81
1993-05-07,39.0,Good,Ozone,81.0,70.0,0.03,19.0,79
1993-05-08,35.0,Good,Ozone,79.0,68.0,0.41,24.0,82
1993-05-09,30.0,Good,Ozone,79.0,64.0,1.21,23.0,86
1993-05-10,37.0,Good,Ozone,72.0,55.0,0.0,15.0,62
1993-05-11,35.0,Good,NO2,71.0,57.0,0.01,18.0,65
1993-05-12,39.0,Good,NO2,70.0,56.0,0.02,15.0,70
1993-05-13,58.0,Moderate,Ozone,80.0,59.0,0.0,15.0,64
1993-05-14,119.0,Unhealthy for Sensitive Groups,Ozone,78.0,54.0,0.0,7.0,65
1993-05-15,112.0,Unhealthy for Sensitive Groups,Ozone,87.0,60.0,0.0,13.0,64
1993-05-16,93.0,Moderate,Ozone,87.0,66.0,0.0,12.0,63
1993-05-17,54.0,Moderate,Ozone,85.0,65.0,0.0,13.0,67
1993-05-18,46.0,Good,Ozone,75.0,67.0,0.26,17.0,78
1993-05-19,100.0,Moderate,Ozone,76.0,60.0,0.0,11.0,59
1993-05-20,90.0,Moderate,Ozone,77.0,60.0,0.0,10.0,67
1993-05-21,87.0,Moderate,Ozone,80.0,63.0,0.01,12.0,67
1993-05-22,71.0,Moderate,Ozone,81.0,65.0,0.0,19.0,67
1993-05-23,41.0,Good,Ozone,73.0,68.0,1.15,17.0,88
1993-05-24,34.0,Good,Ozone,79.0,66.0,0.02,13.0,81
1993-05-25,44.0,Good,Ozone,82.0,64.0,0.0,13.0,75
1993-05-26,67.0,Moderate,Ozone,80.0,65.0,0.0,10.0,70
1993-05-27,77.0,Moderate,Ozone,81.0,59.0,0.0,11.0,68
1993-05-28,38.0,Good,NO2,82.0,68.0,0.03,9.0,79
1993-05-29,39.0,Good,Ozone,83.0,68.0,0.07,10.0,80
1993-05-30,41.0,Good,Ozone,83.0,69.0,0.06,7.0,80
1993-05-31,44.0,Good,Ozone,81.0,69.0,0.0,14.0,69
1993-06-01,84.0,Moderate,Ozone,82.0,62.0,0.0,10.0,61
1993-06-02,93.0,Moderate,Ozone,92.0,69.0,0.0,19.0,60
1993-06-03,61.0,Moderate,Ozone,94.0,74.0,0.0,18.0,65
1993-06-04,115.0,Unhealthy for Sensitive Groups,Ozone,90.0,73.0,0.0,19.0,67
1993-06-05,49.0,Good,Ozone,89.0,72.0,0.02,13.0,64
1993-06-06,35.0,Good,PM10,92.0,75.0,0.01,23.0,66
1993-06-07,25.0,Good,Ozone,89.0,77.0,0.0,22.0,68
1993-06-08,25.0,Good,NO2,90.0,78.0,0.0,26.0,65
1993-06-09,30.0,Good,Ozone,90.0,76.0,0.1,18.0,65
1993-06-10,33.0,Good,Ozone,87.0,72.0,0.04,12.0,73
1993-06-11,31.0,Good,Ozone,85.0,72.0,0.19,13.0,80
1993-06-12,31.0,Good,Ozone,86.0,72.0,0.01,12.0,78
1993-06-13,33.0,Good,Ozone,88.0,74.0,0.0,10.0,71
1993-06-14,166.0,Unhealthy,Ozone,92.0,72.0,0.02,8.0,71
1993-06-15,101.0,Unhealthy for Sensitive Groups,Ozone,93.0,74.0,0.03,7.0,67
1993-06-16,101.0,Unhealthy for Sensitive Groups,Ozone,92.0,75.0,0.19,12.0,71
1993-06-17,58.0,Moderate,Ozone,89.0,73.0,0.0,11.0,66
1993-06-18,31.0,Good,Ozone,89.0,74.0,0.04,13.0,75
1993-06-19,28.0,Good,Ozone,85.0,75.0,0.03,11.0,80
1993-06-20,35.0,Good,Ozone,75.0,72.0,1.06,11.0,95
1993-06-21,46.0,Good,PM10,83.0,72.0,0.12,7.0,88
1993-06-22,36.0,Good,Ozone,87.0,73.0,0.09,8.0,85
1993-06-23,29.0,Good,Ozone,90.0,75.0,0.01,13.0,76
1993-06-24,33.0,Good,PM10,89.0,75.0,0.0,16.0,71
1993-06-25,31.0,Good,Ozone,91.0,76.0,0.27,12.0,80
1993-06-26,87.0,Moderate,Ozone,88.0,72.0,0.02,9.0,79
1993-06-27,33.0,Good,Ozone,91.0,73.0,0.01,11.0,75
1993-06-28,31.0,Good,Ozone,91.0,76.0,0.0,16.0,68
1993-06-29,26.0,Good,Ozone,92.0,76.0,0.0,19.0,66
1993-06-30,60.0,Moderate,PM10,93.0,77.0,0.0,17.0,65
1993-07-01,31.0,Good,Ozone,93.0,76.0,0.0,17.0,63
1993-07-02,32.0,Good,Ozone,93.0,76.0,0.0,17.0,61
1993-07-03,56.0,Moderate,PM10,94.0,75.0,0.0,20.0,59
1993-07-04,29.0,Good,Ozone,92.0,74.0,0.0,21.0,60
1993-07-05,29.0,Good,Ozone,94.0,78.0,0.0,24.0,58
1993-07-06,47.0,Good,PM10,94.0,79.0,0.0,20.0,62
1993-07-07,28.0,Good,Ozone,94.0,78.0,0.0,20.0,60
1993-07-08,32.0,Good,Ozone,94.0,77.0,0.0,17.0,60
1993-07-09,43.0,Good,PM10,94.0,75.0,0.0,14.0,55
1993-07-10,30.0,Good,Ozone,94.0,75.0,0.0,11.0,54
1993-07-11,31.0,Good,Ozone,95.0,77.0,0.0,13.0,58
1993-07-12,37.0,Good,PM10,95.0,78.0,0.0,12.0,57
1993-07-13,28.0,Good,Ozone,95.0,78.0,0.0,15.0,55
1993-07-14,34.0,Good,Ozone,94.0,77.0,0.0,13.0,54
1993-07-15,35.0,Good,Ozone,94.0,77.0,0.0,11.0,53
1993-07-16,32.0,Good,Ozone,94.0,77.0,0.0,11.0,56
1993-07-17,31.0,Good,Ozone,95.0,78.0,0.0,13.0,60
1993-07-18,60.0,Moderate,PM10,96.0,78.0,0.0,11.0,54
1993-07-19,61.0,Moderate,Ozone,95.0,77.0,0.0,7.0,55
1993-07-20,48.0,Good,Ozone,95.0,80.0,0.0,8.0,57
1993-07-21,37.0,Good,Ozone,97.0,80.0,0.0,11.0,50
1993-07-22,31.0,Good,Ozone,97.0,80.0,0.0,11.0,53
1993-07-23,43.0,Good,Ozone,97.0,79.0,0.0,14.0,46
1993-07-24,45.0,Good,PM10,99.0,79.0,0.0,16.0,51
1993-07-25,43.0,Good,Ozone,98.0,77.0,0.0,16.0,52
1993-07-26,28.0,Good,Ozone,98.0,77.0,0.0,11.0,43
1993-07-27,28.0,Good,Ozone,97.0,79.0,0.0,11.0,49
1993-07-28,48.0,Good,Ozone,98.0,81.0,0.0,9.0,53
1993-07-29,122.0,Unhealthy for Sensitive Groups,Ozone,99.0,82.0,0.01,6.0,52
1993-07-30,161.0,Unhealthy,Ozone,100.0,82.0,0.01,7.0,54
1993-07-31,126.0,Unhealthy for Sensitive Groups,Ozone,100.0,82.0,0.0,9.0,50
1993-08-01,105.0,Unhealthy for Sensitive Groups,Ozone,100.0,82.0,0.0,10.0,45
1993-08-02,42.0,Good,NO2,99.0,82.0,0.07,9.0,52
1993-08-03,49.0,Good,NO2,94.0,79.0,0.17,7.0,63
1993-08-04,105.0,Unhealthy for Sensitive Groups,Ozone,91.0,76.0,0.43,9.0,74
1993-08-05,49.0,Good,PM10,97.0,78.0,0.0,13.0,58
1993-08-06,27.0,Good,Ozone,87.0,76.0,0.02,13.0,62
1993-08-07,31.0,Good,Ozone,85.0,73.0,0.5,9.0,83
1993-08-08,35.0,Good,NO2,94.0,76.0,0.0,10.0,65
1993-08-09,44.0,Good,Ozone,96.0,78.0,0.0,10.0,61
1993-08-10,64.0,Moderate,Ozone,98.0,78.0,0.0,8.0,58
1993-08-11,101.0,Unhealthy for Sensitive Groups,Ozone,99.0,81.0,0.0,11.0,51
1993-08-12,64.0,Moderate,Ozone,99.0,80.0,0.0,10.0,46
1993-08-13,90.0,Moderate,Ozone,98.0,80.0,0.0,9.0,48
1993-08-14,51.0,Moderate,Ozone,98.0,80.0,0.0,9.0,47
1993-08-15,48.0,Good,Ozone,99.0,80.0,0.0,8.0,46
1993-08-16,50.0,Good,Ozone,99.0,81.0,0.0,10.0,44
1993-08-17,48.0,Good,Ozone,99.0,81.0,0.0,9.0,44
1993-08-18,58.0,Moderate,Ozone,99.0,80.0,0.0,8.0,44
1993-08-19,108.0,Unhealthy for Sensitive Groups,Ozone,100.0,81.0,0.0,7.0,41
1993-08-20,174.0,Unhealthy,Ozone,99.0,81.0,0.0,7.0,41
1993-08-21,151.0,Unhealthy,Ozone,101.0,83.0,0.01,9.0,42
1993-08-22,39.0,Good,Ozone,99.0,82.0,0.0,14.0,44
1993-08-23,50.0,Good,PM10,98.0,81.0,0.01,14.0,52
1993-08-24,41.0,Good,NO2,98.0,80.0,0.0,14.0,52
1993-08-25,37.0,Good,Ozone,97.0,79.0,0.0,12.0,46
1993-08-26,143.0,Unhealthy for Sensitive Groups,Ozone,98.0,80.0,0.12,11.0,53
1993-08-27,126.0,Unhealthy for Sensitive Groups,Ozone,97.0,80.0,0.0,10.0,53
1993-08-28,51.0,Moderate,Ozone,93.0,77.0,0.0,10.0,63
1993-08-29,36.0,Good,Ozone,96.0,78.0,0.0,11.0,56
1993-08-30,34.0,Good,Ozone,97.0,78.0,0.0,11.0,53
1993-08-31,48.0,Good,Ozone,92.0,79.0,0.11,12.0,60
1993-09-01,140.0,Unhealthy for Sensitive Groups,Ozone,91.0,73.0,0.03,8.0,66
1993-09-02,41.0,Good,Ozone,97.0,80.0,0.0,12.0,51
1993-09-03,41.0,Good,Ozone,86.0,75.0,0.2,13.0,61
1993-09-04,87.0,Moderate,Ozone,87.0,66.0,0.0,6.0,53
1993-09-05,166.0,Unhealthy,Ozone,90.0,67.0,0.0,6.0,47
1993-09-06,182.0,Unhealthy,Ozone,93.0,72.0,0.0,6.0,48
1993-09-07,220.0,Very Unhealthy,Ozone,93.0,72.0,0.0,5.0,51
1993-09-08,49.0,Good,Ozone,84.0,74.0,0.03,11.0,61
1993-09-09,77.0,Moderate,Ozone,87.0,67.0,0.0,7.0,61
1993-09-10,87.0,Moderate,Ozone,91.0,66.0,0.0,9.0,55
1993-09-11,143.0,Unhealthy for Sensitive Groups,Ozone,96.0,70.0,0.0,13.0,41
1993-09-12,26.0,Good,Ozone,94.0,77.0,0.15,18.0,60
1993-09-13,27.0,Good,NO2,87.0,78.0,0.77,20.0,76
1993-09-14,21.0,Good,Ozone,81.0,61.0,1.91,21.0,71
1993-09-15,36.0,Good,NO2,71.0,56.0,0.0,11.0,62
1993-09-16,45.0,Good,Ozone,76.0,55.0,0.0,6.0,70
1993-09-17,101.0,Unhealthy for Sensitive Groups,Ozone,82.0,59.0,0.0,7.0,66
1993-09-18,67.0,Moderate,Ozone,86.0,63.0,0.0,10.0,62
1993-09-19,39.0,Good,Ozone,90.0,73.0,0.0,14.0,69
1993-09-20,50.0,Good,Ozone,91.0,75.0,0.02,11.0,72
1993-09-21,47.0,Good,Ozone,93.0,76.0,0.0,8.0,66
1993-09-22,35.0,Good,Ozone,93.0,77.0,0.0,12.0,62
1993-09-23,33.0,Good,Ozone,92.0,78.0,0.0,11.0,63
1993-09-24,33.0,Good,Ozone,92.0,78.0,0.0,12.0,58
1993-09-25,22.0,Good,NO2,85.0,72.0,0.15,17.0,71
1993-09-26,45.0,Good,Ozone,81.0,68.0,0.55,14.0,73
1993-09-27,60.0,Moderate,NO2,78.0,58.0,0.0,12.0,58
1993-09-28,67.0,Moderate,Ozone,86.0,62.0,0.0,9.0,52
1993-09-29,159.0,Unhealthy,Ozone,85.0,62.0,0.0,6.0,51
1993-09-30,119.0,Unhealthy for Sensitive Groups,Ozone,88.0,64.0,0.0,14.0,54
1993-10-01,71.0,Moderate,Ozone,88.0,72.0,0.0,20.0,51
1993-10-02,45.0,Good,Ozone,85.0,70.0,0.28,16.0,69
1993-10-03,31.0,Good,NO2,73.0,64.0,1.14,10.0,80
1993-10-04,47.0,Good,Ozone,79.0,59.0,0.0,6.0,79
1993-10-05,80.0,Moderate,Ozone,83.0,62.0,0.0,8.0,72
1993-10-06,93.0,Moderate,Ozone,84.0,65.0,0.0,8.0,69
1993-10-07,80.0,Moderate,Ozone,84.0,66.0,0.02,12.0,64
1993-10-08,44.0,Good,Ozone,83.0,71.0,0.06,17.0,67
1993-10-09,19.0,Good,Ozone,74.0,59.0,0.03,16.0,62
1993-10-10,23.0,Good,NO2,66.0,52.0,0.0,10.0,66
1993-10-11,38.0,Good,NO2,69.0,58.0,0.0,6.0,72
1993-10-12,30.0,Good,Ozone,75.0,60.0,0.18,12.0,82
1993-10-13,36.0,Good,NO2,71.0,62.0,1.59,12.0,87
1993-10-14,37.0,Good,Ozone,72.0,56.0,0.0,7.0,81
1993-10-15,35.0,Good,Ozone,77.0,60.0,0.0,13.0,83
1993-10-16,31.0,Good,Ozone,85.0,68.0,0.04,18.0,79
1993-10-17,30.0,Good,NO2,77.0,63.0,0.14,10.0,82
1993-10-18,28.0,Good,NO2,81.0,68.0,2.72,15.0,90
1993-10-19,19.0,Good,NO2,78.0,67.0,1.16,9.0,92
1993-10-20,30.0,Good,NO2,70.0,62.0,0.32,12.0,81
1993-10-21,36.0,Good,NO2,65.0,54.0,0.0,14.0,58
1993-10-22,45.0,Good,NO2,64.0,45.0,0.0,7.0,62
1993-10-23,55.0,Moderate,CO,65.0,44.0,0.0,6.0,68
1993-10-24,51.0,Moderate,NO2,66.0,47.0,0.0,6.0,71
1993-10-25,73.0,Moderate,NO2,69.0,51.0,0.0,6.0,71
1993-10-26,51.0,Moderate,NO2,69.0,49.0,0.0,13.0,71
1993-10-27,41.0,Good,NO2,61.0,48.0,0.0,13.0,60
1993-10-28,44.0,Good,Ozone,71.0,44.0,0.0,18.0,60
1993-10-29,39.0,Good,NO2,66.0,40.0,0.18,23.0,67
1993-10-30,31.0,Good,NO2,44.0,35.0,0.0,20.0,46
1993-10-31,45.0,Good,NO2,48.0,31.0,0.0,6.0,56
1993-11-01,32.0,Good,Ozone,57.0,38.0,0.0,14.0,57
1993-11-02,33.0,Good,NO2,61.0,51.0,0.06,13.0,78
1993-11-03,58.0,Moderate,NO2,63.0,47.0,0.0,11.0,80
1993-11-04,49.0,Good,NO2,79.0,54.0,0.0,17.0,73
1993-11-05,23.0,Good,CO,60.0,45.0,0.0,18.0,53
1993-11-06,36.0,Good,NO2,48.0,38.0,0.0,15.0,47
1993-11-07,40.0,Good,NO2,54.0,33.0,0.0,12.0,60
1993-11-08,35.0,Good,NO2,55.0,40.0,0.03,11.0,70
1993-11-09,34.0,Good,NO2,58.0,50.0,0.02,6.0,84
1993-11-10,34.0,Good,NO2,61.0,52.0,0.0,4.0,80
1993-11-11,41.0,Good,NO2,64.0,51.0,0.17,14.0,82
1993-11-12,26.0,Good,NO2,74.0,64.0,0.08,18.0,86
1993-11-13,17.0,Good,Ozone,78.0,69.0,0.88,18.0,90
1993-11-14,41.0,Good,NO2,72.0,55.0,0.52,16.0,71
1993-11-15,37.0,Good,NO2,58.0,47.0,0.0,14.0,71
1993-11-16,31.0,Good,CO,50.0,45.0,1.48,12.0,86
1993-11-17,41.0,Good,NO2,59.0,40.0,0.0,6.0,83
1993-11-18,39.0,Good,NO2,63.0,44.0,0.0,10.0,80
1993-11-19,30.0,Good,NO2,61.0,47.0,0.0,21.0,59
1993-11-20,42.0,Good,NO2,52.0,38.0,0.0,13.0,51
1993-11-21,40.0,Good,CO,57.0,34.0,0.0,8.0,69
1993-11-22,49.0,Good,NO2,61.0,37.0,0.0,13.0,70
1993-11-23,42.0,Good,NO2,70.0,49.0,0.0,17.0,75
1993-11-24,25.0,Good,CO,64.0,42.0,0.0,15.0,80
1993-11-25,18.0,Good,Ozone,42.0,29.0,0.19,16.0,61
1993-11-26,47.0,Good,NO2,41.0,26.0,0.06,12.0,57
1993-11-27,76.0,Moderate,PM10,53.0,26.0,0.0,11.0,64
1993-11-28,43.0,Good,NO2,65.0,37.0,0.0,10.0,53
1993-11-29,66.0,Moderate,NO2,62.0,38.0,0.0,7.0,66
1993-11-30,47.0,Good,NO2,65.0,39.0,0.0,12.0,78
1993-12-01,41.0,Good,NO2,69.0,55.0,0.0,15.0,78
1993-12-02,29.0,Good,NO2,65.0,61.0,0.74,14.0,91
1993-12-03,29.0,Good,NO2,69.0,58.0,0.68,15.0,93
1993-12-04,41.0,Good,NO2,59.0,46.0,0.0,17.0,58
1993-12-05,36.0,Good,NO2,67.0,45.0,0.0,12.0,53
1993-12-06,41.0,Good,NO2,55.0,41.0,0.0,11.0,56
1993-12-07,41.0,Good,NO2,61.0,40.0,0.0,11.0,77
1993-12-08,31.0,Good,NO2,64.0,50.0,0.02,10.0,92
1993-12-09,24.0,Good,PM10,71.0,63.0,0.0,19.0,90
1993-12-10,40.0,Good,NO2,67.0,51.0,0.0,14.0,69
1993-12-11,39.0,Good,NO2,58.0,43.0,0.0,8.0,64
1993-12-12,26.0,Good,Ozone,59.0,46.0,0.06,21.0,72
1993-12-13,23.0,Good,Ozone,61.0,47.0,0.75,24.0,56
1993-12-14,24.0,Good,NO2,53.0,42.0,0.0,19.0,53
1993-12-15,33.0,Good,CO,49.0,36.0,0.0,8.0,75
1993-12-16,35.0,Good,CO,50.0,36.0,0.08,9.0,86
1993-12-17,33.0,Good,NO2,58.0,45.0,0.0,9.0,87
1993-12-18,38.0,Good,NO2,53.0,36.0,0.0,9.0,70
1993-12-19,41.0,Good,CO,57.0,36.0,0.0,10.0,73
1993-12-20,31.0,Good,NO2,51.0,38.0,0.0,18.0,70
1993-12-21,30.0,Good,NO2,53.0,31.0,0.0,11.0,62
1993-12-22,31.0,Good,NO2,45.0,34.0,0.18,14.0,75
1993-12-23,38.0,Good,CO,47.0,27.0,0.0,9.0,67
1993-12-24,33.0,Good,NO2,44.0,30.0,0.0,13.0,65
1993-12-25,35.0,Good,NO2,55.0,38.0,0.0,13.0,52
1993-12-26,31.0,Good,Ozone,65.0,41.0,0.0,18.0,51
1993-12-27,39.0,Good,NO2,68.0,49.0,0.0,18.0,67
1993-12-28,16.0,Good,CO,56.0,38.0,0.0,14.0,61
1993-12-29,32.0,Good,NO2,48.0,31.0,0.0,11.0,59
1993-12-30,35.0,Good,NO2,48.0,29.0,0.0,8.0,68
1993-12-31,32.0,Good,NO2,57.0,36.0,0.0,18.0,66
1994-01-01,35.0,Good,NO2,60.0,44.0,0.0,16.0,70
1994-01-02,51.0,Moderate,CO,64.0,37.0,0.0,23.0,68
1994-01-03,40.0,Good,CO,50.0,37.0,0.0,20.0,54
1994-01-04,44.0,Good,CO,51.0,35.0,0.0,22.0,61
1994-01-05,37.0,Good,Ozone,61.0,35.0,0.0,23.0,65
1994-01-06,28.0,Good,NO2,67.0,46.0,0.0,22.0,68
1994-01-07,35.0,Good,Ozone,44.0,31.0,0.0,18.0,51
1994-01-08,34.0,Good,NO2,51.0,26.0,0.0,13.0,61
1994-01-09,34.0,Good,Ozone,55.0,35.0,0.0,18.0,69
1994-01-10,31.0,Good,NO2,61.0,52.0,0.28,18.0,82
1994-01-11,35.0,Good,NO2,59.0,49.0,0.83,10.0,89
1994-01-12,50.0,Good,CO,58.0,45.0,0.0,6.0,86
1994-01-13,41.0,Good,NO2,60.0,37.0,0.0,12.0,78
1994-01-14,42.0,Good,NO2,66.0,36.0,0.0,14.0,65
1994-01-15,22.0,Good,NO2,46.0,33.0,0.0,12.0,63
1994-01-16,37.0,Good,NO2,61.0,41.0,0.06,19.0,75
1994-01-17,33.0,Good,NO2,52.0,32.0,0.17,21.0,62
1994-01-18,31.0,Good,NO2,36.0,24.0,0.0,12.0,53
1994-01-19,33.0,Good,NO2,45.0,25.0,0.0,12.0,66
1994-01-20,29.0,Good,Ozone,44.0,38.0,0.09,11.0,89
1994-01-21,34.0,Good,NO2,40.0,37.0,0.0,9.0,77
1994-01-22,34.0,Good,Ozone,49.0,37.0,0.05,7.0,79
1994-01-23,49.0,Good,Ozone,56.0,47.0,0.02,9.0,87
1994-01-24,31.0,Good,NO2,64.0,52.0,0.13,15.0,93
1994-01-25,34.0,Good,NO2,68.0,61.0,0.3,12.0,95
1994-01-26,51.0,Moderate,PM10,67.0,59.0,1.1,20.0,91
1994-01-27,44.0,Good,CO,58.0,42.0,0.05,13.0,74
1994-01-28,43.0,Good,NO2,43.0,33.0,0.0,15.0,57
1994-01-29,36.0,Good,NO2,41.0,34.0,0.04,8.0,73
1994-01-30,34.0,Good,NO2,46.0,28.0,0.0,11.0,80
1994-01-31,23.0,Good,CO,38.0,29.0,0.01,13.0,59
1994-02-01,40.0,Good,NO2,42.0,23.0,0.0,9.0,60
1994-02-02,40.0,Good,NO2,51.0,26.0,0.0,11.0,58
1994-02-03,44.0,Good,Ozone,56.0,36.0,0.0,16.0,59
1994-02-04,36.0,Good,NO2,61.0,49.0,0.0,16.0,77
1994-02-05,55.0,Moderate,NO2,60.0,43.0,0.0,11.0,75
1994-02-06,61.0,Moderate,Ozone,68.0,36.0,0.0,11.0,77
1994-02-07,49.0,Good,NO2,72.0,51.0,0.0,15.0,83
1994-02-08,35.0,Good,NO2,77.0,64.0,0.0,17.0,82
1994-02-09,24.0,Good,CO,67.0,25.0,0.25,26.0,73
1994-02-10,28.0,Good,NO2,38.0,25.0,0.06,12.0,57
1994-02-11,37.0,Good,NO2,54.0,28.0,0.0,14.0,71
1994-02-12,33.0,Good,NO2,57.0,43.0,0.0,15.0,72
1994-02-13,49.0,Good,NO2,51.0,33.0,0.0,12.0,53
1994-02-14,52.0,Moderate,NO2,56.0,29.0,0.0,11.0,60
1994-02-15,56.0,Moderate,NO2,63.0,42.0,0.0,9.0,69
1994-02-16,60.0,Moderate,NO2,63.0,41.0,0.0,7.0,77
1994-02-17,84.0,Moderate,Ozone,67.0,44.0,0.0,11.0,72
1994-02-18,49.0,Good,Ozone,67.0,50.0,0.0,20.0,71
1994-02-19,29.0,Good,Ozone,69.0,60.0,0.08,22.0,83
1994-02-20,25.0,Good,NO2,69.0,59.0,0.04,12.0,89
1994-02-21,23.0,Good,NO2,63.0,56.0,0.11,12.0,93
1994-02-22,23.0,Good,CO,66.0,52.0,2.6,14.0,86
1994-02-23,25.0,Good,NO2,50.0,35.0,0.0,17.0,60
1994-02-24,34.0,Good,Ozone,59.0,30.0,0.0,17.0,58
1994-02-25,33.0,Good,Ozone,59.0,40.0,0.0,18.0,51
1994-02-26,41.0,Good,NO2,45.0,29.0,0.0,15.0,48
1994-02-27,40.0,Good,NO2,52.0,33.0,0.0,10.0,68
1994-02-28,42.0,Good,NO2,59.0,46.0,0.41,12.0,77
1994-03-01,42.0,Good,NO2,54.0,41.0,0.29,18.0,91
1994-03-02,56.0,Moderate,NO2,59.0,36.0,0.0,15.0,71
1994-03-03,53.0,Moderate,NO2,67.0,36.0,0.0,9.0,68
1994-03-04,76.0,Moderate,NO2,71.0,52.0,0.0,10.0,66
1994-03-05,62.0,Moderate,NO2,73.0,53.0,0.0,8.0,83
1994-03-06,36.0,Good,NO2,75.0,59.0,0.01,16.0,83
1994-03-07,26.0,Good,Ozone,74.0,60.0,0.0,14.0,83
1994-03-08,27.0,Good,Ozone,63.0,42.0,1.61,21.0,97
1994-03-09,26.0,Good,NO2,48.0,37.0,0.02,17.0,65
1994-03-10,58.0,Moderate,NO2,58.0,32.0,0.0,8.0,62
1994-03-11,60.0,Moderate,NO2,61.0,39.0,0.0,14.0,62
1994-03-12,47.0,Good,NO2,60.0,45.0,0.03,12.0,76
1994-03-13,49.0,Good,NO2,66.0,51.0,0.04,9.0,79
1994-03-14,50.0,Good,NO2,72.0,41.0,0.0,9.0,70
1994-03-15,36.0,Good,Ozone,75.0,54.0,0.0,12.0,73
1994-03-16,49.0,Good,NO2,70.0,50.0,0.0,10.0,50
1994-03-17,67.0,Moderate,Ozone,78.0,55.0,0.0,19.0,70
1994-03-18,52.0,Moderate,NO2,80.0,60.0,0.0,19.0,68
1994-03-19,48.0,Good,NO2,83.0,60.0,0.0,18.0,77
1994-03-20,39.0,Good,Ozone,84.0,64.0,0.0,18.0,73
1994-03-21,61.0,Moderate,NO2,73.0,54.0,0.0,17.0,50
1994-03-22,61.0,Moderate,NO2,75.0,44.0,0.0,13.0,61
1994-03-23,36.0,Good,Ozone,83.0,64.0,0.01,18.0,77
1994-03-24,28.0,Good,NO2,75.0,55.0,0.04,14.0,75
1994-03-25,46.0,Good,NO2,67.0,51.0,0.0,11.0,65
1994-03-26,30.0,Good,NO2,74.0,60.0,0.15,17.0,85
1994-03-27,36.0,Good,Ozone,60.0,51.0,0.25,18.0,67
1994-03-28,43.0,Good,NO2,56.0,44.0,0.0,15.0,40
1994-03-29,44.0,Good,Ozone,72.0,43.0,0.0,15.0,45
1994-03-30,47.0,Good,NO2,57.0,46.0,0.0,15.0,49
1994-03-31,51.0,Moderate,NO2,65.0,38.0,0.0,9.0,56
1994-04-01,101.0,Unhealthy for Sensitive Groups,Ozone,74.0,49.0,0.0,14.0,52
1994-04-02,51.0,Moderate,Ozone,78.0,54.0,0.05,21.0,60
1994-04-03,42.0,Good,NO2,65.0,50.0,0.02,19.0,55
1994-04-04,74.0,Moderate,Ozone,78.0,48.0,0.0,20.0,61
1994-04-05,27.0,Good,Ozone,72.0,47.0,0.3,20.0,76
1994-04-06,55.0,Moderate,NO2,56.0,38.0,0.0,18.0,54
1994-04-07,44.0,Good,NO2,65.0,41.0,0.0,13.0,62
1994-04-08,67.0,Moderate,Ozone,73.0,49.0,0.0,17.0,68
1994-04-09,29.0,Good,Ozone,79.0,62.0,0.07,20.0,80
1994-04-10,36.0,Good,Ozone,82.0,70.0,0.02,18.0,73
1994-04-11,31.0,Good,Ozone,73.0,61.0,0.51,19.0,81
1994-04-12,51.0,Moderate,NO2,72.0,47.0,0.0,11.0,51
1994-04-13,64.0,Moderate,Ozone,82.0,55.0,0.0,16.0,57
1994-04-14,35.0,Good,Ozone,82.0,65.0,0.01,21.0,73
1994-04-15,42.0,Good,Ozone,76.0,61.0,0.01,20.0,60
1994-04-16,58.0,Moderate,Ozone,74.0,51.0,0.0,10.0,49
1994-04-17,71.0,Moderate,Ozone,76.0,52.0,0.0,6.0,54
1994-04-18,101.0,Unhealthy for Sensitive Groups,Ozone,80.0,52.0,0.0,10.0,61
1994-04-19,44.0,Good,NO2,79.0,60.0,0.0,9.0,73
1994-04-20,50.0,Good,NO2,80.0,62.0,0.03,5.0,78
1994-04-21,54.0,Moderate,NO2,81.0,64.0,0.0,4.0,74
1994-04-22,73.0,Moderate,NO2,83.0,64.0,0.21,8.0,78
1994-04-23,105.0,Unhealthy for Sensitive Groups,Ozone,82.0,63.0,0.0,10.0,74
1994-04-24,44.0,Good,Ozone,80.0,65.0,0.0,15.0,69
1994-04-25,29.0,Good,NO2,81.0,67.0,0.2,20.0,78
1994-04-26,37.0,Good,Ozone,87.0,70.0,0.02,16.0,76
1994-04-27,44.0,Good,Ozone,86.0,68.0,0.74,23.0,78
1994-04-28,27.0,Good,Ozone,72.0,53.0,0.56,17.0,81
1994-04-29,32.0,Good,CO,76.0,60.0,1.16,13.0,84
1994-04-30,37.0,Good,Ozone,67.0,49.0,0.36,17.0,75
1994-05-01,40.0,Good,Ozone,65.0,47.0,0.0,11.0,69
1994-05-02,26.0,Good,CO,65.0,55.0,1.51,14.0,82
1994-05-03,41.0,Good,NO2,66.0,52.0,0.06,11.0,82
1994-05-04,51.0,Moderate,NO2,72.0,58.0,0.0,6.0,73
1994-05-05,133.0,Unhealthy for Sensitive Groups,Ozone,78.0,55.0,0.0,7.0,75
1994-05-06,48.0,Good,Ozone,80.0,64.0,0.0,14.0,77
1994-05-07,31.0,Good,Ozone,79.0,68.0,0.21,15.0,83
1994-05-08,28.0,Good,Ozone,76.0,62.0,0.0,8.0,77
1994-05-09,27.0,Good,NO2,74.0,66.0,0.98,10.0,93
1994-05-10,29.0,Good,NO2,76.0,66.0,0.42,9.0,91
1994-05-11,39.0,Good,Ozone,80.0,68.0,0.03,10.0,84
1994-05-12,67.0,Moderate,Ozone,83.0,69.0,0.16,14.0,81
1994-05-13,39.0,Good,Ozone,79.0,67.0,0.18,13.0,85
1994-05-14,42.0,Good,NO2,84.0,67.0,0.84,16.0,84
1994-05-15,45.0,Good,Ozone,81.0,67.0,0.03,10.0,80
1994-05-16,44.0,Good,Ozone,83.0,67.0,0.07,9.0,86
1994-05-17,46.0,Good,Ozone,80.0,68.0,0.04,11.0,86
1994-05-18,108.0,Unhealthy for Sensitive Groups,Ozone,80.0,66.0,0.0,10.0,69
1994-05-19,119.0,Unhealthy for Sensitive Groups,Ozone,79.0,59.0,0.0,8.0,67
1994-05-20,105.0,Unhealthy for Sensitive Groups,Ozone,78.0,59.0,0.0,8.0,64
1994-05-21,147.0,Unhealthy for Sensitive Groups,Ozone,80.0,57.0,0.0,7.0,68
1994-05-22,129.0,Unhealthy for Sensitive Groups,Ozone,81.0,61.0,0.0,6.0,66
1994-05-23,115.0,Unhealthy for Sensitive Groups,Ozone,83.0,65.0,0.0,10.0,65
1994-05-24,64.0,Moderate,Ozone,85.0,67.0,0.0,16.0,65
1994-05-25,48.0,Good,Ozone,85.0,71.0,0.44,15.0,74
1994-05-26,42.0,Good,NO2,81.0,72.0,0.08,16.0,78
1994-05-27,40.0,Good,Ozone,80.0,68.0,0.24,9.0,86
1994-05-28,90.0,Moderate,Ozone,80.0,67.0,0.0,9.0,86
1994-05-29,40.0,Good,Ozone,85.0,69.0,0.95,18.0,86
1994-05-30,58.0,Moderate,Ozone,86.0,69.0,0.17,7.0,82
1994-05-31,46.0,Good,Ozone,87.0,69.0,0.0,10.0,79
1994-06-01,77.0,Moderate,Ozone,83.0,68.0,0.0,9.0,77
1994-06-02,29.0,Good,Ozone,84.0,69.0,0.01,9.0,79
1994-06-03,100.0,Moderate,Ozone,84.0,71.0,0.05,7.0,83
1994-06-04,64.0,Moderate,Ozone,87.0,70.0,0.0,8.0,77
1994-06-05,50.0,Good,Ozone,87.0,73.0,0.0,10.0,77
1994-06-06,101.0,Unhealthy for Sensitive Groups,Ozone,90.0,74.0,0.0,9.0,73
1994-06-07,54.0,Moderate,Ozone,93.0,75.0,0.0,14.0,74
1994-06-08,51.0,Moderate,Ozone,95.0,77.0,0.0,16.0,68
1994-06-09,48.0,Good,Ozone,91.0,79.0,0.15,15.0,74
1994-06-10,31.0,Good,Ozone,85.0,72.0,0.15,11.0,82
1994-06-11,32.0,Good,NO2,86.0,76.0,0.02,9.0,80
1994-06-12,46.0,Good,Ozone,89.0,72.0,0.04,12.0,78
1994-06-13,37.0,Good,PM10,90.0,74.0,0.0,18.0,72
1994-06-14,26.0,Good,Ozone,89.0,75.0,0.01,18.0,69
1994-06-15,25.0,Good,Ozone,84.0,76.0,0.13,15.0,81
1994-06-16,20.0,Good,PM10,89.0,75.0,0.01,15.0,74
1994-06-17,35.0,Good,Ozone,90.0,74.0,0.0,10.0,72
1994-06-18,61.0,Moderate,Ozone,91.0,75.0,0.01,6.0,70
1994-06-19,74.0,Moderate,Ozone,90.0,75.0,0.01,7.0,74
1994-06-20,90.0,Moderate,Ozone,91.0,74.0,0.01,8.0,71
1994-06-21,100.0,Moderate,Ozone,90.0,74.0,0.0,5.0,69
1994-06-22,179.0,Unhealthy,Ozone,90.0,73.0,0.0,7.0,64
1994-06-23,74.0,Moderate,Ozone,94.0,77.0,0.07,10.0,70
1994-06-24,97.0,Moderate,Ozone,93.0,76.0,0.0,9.0,63
1994-06-25,100.0,Moderate,Ozone,100.0,77.0,0.0,18.0,56
1994-06-26,46.0,Good,Ozone,100.0,80.0,0.0,18.0,52
1994-06-27,50.0,Good,Ozone,101.0,80.0,0.0,20.0,51
1994-06-28,60.0,Moderate,PM10,99.0,80.0,0.0,16.0,52
1994-06-29,93.0,Moderate,Ozone,96.0,81.0,0.0,14.0,55
1994-06-30,44.0,Good,Ozone,96.0,81.0,0.0,12.0,61
1994-07-01,43.0,Good,PM10,96.0,77.0,0.0,14.0,61
1994-07-02,37.0,Good,Ozone,94.0,78.0,0.0,14.0,58
1994-07-03,49.0,Good,Ozone,96.0,78.0,0.0,13.0,53
1994-07-04,37.0,Good,Ozone,93.0,78.0,0.0,13.0,56
1994-07-05,37.0,Good,Ozone,94.0,77.0,0.02,14.0,62
1994-07-06,39.0,Good,Ozone,90.0,78.0,0.02,15.0,66
1994-07-07,44.0,Good,PM10,98.0,78.0,0.0,20.0,56
1994-07-08,64.0,Moderate,Ozone,92.0,77.0,0.37,20.0,68
1994-07-09,45.0,Good,Ozone,85.0,76.0,0.05,11.0,79
1994-07-10,50.0,Good,Ozone,86.0,74.0,0.93,8.0,83
1994-07-11,46.0,Good,Ozone,87.0,73.0,0.89,11.0,86
1994-07-12,35.0,Good,CO,91.0,74.0,0.04,12.0,77
1994-07-13,48.0,Good,PM10,92.0,79.0,0.0,14.0,66
1994-07-14,34.0,Good,NO2,89.0,78.0,0.19,12.0,73
1994-07-15,50.0,Good,Ozone,91.0,77.0,0.24,11.0,71
1994-07-16,67.0,Moderate,Ozone,93.0,78.0,0.0,11.0,63
1994-07-17,61.0,Moderate,Ozone,94.0,79.0,0.0,11.0,58
1994-07-18,77.0,Moderate,Ozone,96.0,79.0,0.0,11.0,54
1994-07-19,50.0,Good,PM10,96.0,78.0,0.0,11.0,50
1994-07-20,41.0,Good,Ozone,95.0,79.0,0.0,12.0,55
1994-07-21,50.0,Good,Ozone,95.0,79.0,0.0,12.0,57
1994-07-22,61.0,Moderate,Ozone,94.0,75.0,0.09,6.0,64
1994-07-23,101.0,Unhealthy for Sensitive Groups,Ozone,97.0,75.0,0.0,9.0,56
1994-07-24,87.0,Moderate,Ozone,98.0,79.0,0.0,8.0,47
1994-07-25,49.0,Good,PM10,94.0,81.0,0.0,11.0,49
1994-07-26,84.0,Moderate,Ozone,97.0,80.0,0.0,14.0,52
1994-07-27,40.0,Good,Ozone,85.0,71.0,0.0,13.0,53
1994-07-28,50.0,Good,Ozone,88.0,66.0,0.0,6.0,55
1994-07-29,126.0,Unhealthy for Sensitive Groups,Ozone,92.0,69.0,0.0,9.0,47
1994-07-30,43.0,Good,Ozone,81.0,75.0,0.12,10.0,58
1994-07-31,122.0,Unhealthy for Sensitive Groups,Ozone,90.0,71.0,0.0,9.0,60
1994-08-01,115.0,Unhealthy for Sensitive Groups,Ozone,92.0,72.0,0.0,8.0,52
1994-08-02,100.0,Moderate,Ozone,89.0,73.0,0.0,9.0,54
1994-08-03,61.0,Moderate,Ozone,90.0,74.0,0.01,9.0,57
1994-08-04,101.0,Unhealthy for Sensitive Groups,Ozone,94.0,76.0,0.01,12.0,59
1994-08-05,44.0,Good,Ozone,89.0,76.0,0.22,8.0,70
1994-08-06,51.0,Moderate,Ozone,93.0,74.0,0.0,10.0,67
1994-08-07,34.0,Good,NO2,93.0,80.0,0.0,13.0,58
1994-08-08,61.0,Moderate,Ozone,90.0,77.0,0.0,12.0,65
1994-08-09,28.0,Good,CO,90.0,72.0,0.0,10.0,67
1994-08-10,100.0,Moderate,Ozone,92.0,73.0,0.0,7.0,63
1994-08-11,156.0,Unhealthy,Ozone,92.0,74.0,0.0,6.0,57
1994-08-12,61.0,Moderate,Ozone,92.0,75.0,0.0,7.0,55
1994-08-13,156.0,Unhealthy,Ozone,93.0,76.0,0.0,8.0,57
1994-08-14,129.0,Unhealthy for Sensitive Groups,Ozone,95.0,76.0,0.0,11.0,56
1994-08-15,42.0,Good,Ozone,89.0,77.0,0.0,12.0,53
1994-08-16,143.0,Unhealthy for Sensitive Groups,Ozone,89.0,72.0,0.0,7.0,52
1994-08-17,122.0,Unhealthy for Sensitive Groups,Ozone,94.0,75.0,0.0,11.0,59
1994-08-18,93.0,Moderate,Ozone,98.0,78.0,0.0,11.0,59
1994-08-19,49.0,Good,Ozone,100.0,81.0,0.0,15.0,50
1994-08-20,24.0,Good,Ozone,95.0,76.0,0.99,16.0,66
1994-08-21,46.0,Good,Ozone,86.0,73.0,0.12,9.0,70
1994-08-22,151.0,Unhealthy,Ozone,88.0,69.0,0.0,6.0,62
1994-08-23,28.0,Good,CO,89.0,74.0,0.01,8.0,74
1994-08-24,26.0,Good,PM10,90.0,75.0,0.0,9.0,75
1994-08-25,23.0,Good,NO2,92.0,76.0,0.0,9.0,65
1994-08-26,100.0,Moderate,Ozone,93.0,77.0,0.0,10.0,61
1994-08-27,115.0,Unhealthy for Sensitive Groups,Ozone,93.0,76.0,0.0,11.0,58
1994-08-28,71.0,Moderate,Ozone,94.0,76.0,0.0,10.0,57
1994-08-29,27.0,Good,CO,93.0,77.0,0.0,11.0,56
1994-08-30,29.0,Good,PM10,94.0,78.0,0.0,12.0,57
1994-08-31,22.0,Good,CO,89.0,78.0,0.3,15.0,72
1994-09-01,36.0,Good,CO,86.0,74.0,0.6,7.0,84
1994-09-02,36.0,Good,CO,83.0,72.0,0.72,7.0,89
1994-09-03,40.0,Good,Ozone,87.0,73.0,0.01,9.0,81
1994-09-04,38.0,Good,Ozone,92.0,75.0,0.0,10.0,65
1994-09-05,40.0,Good,Ozone,92.0,75.0,0.0,12.0,55
1994-09-06,39.0,Good,Ozone,87.0,75.0,0.0,10.0,70
1994-09-07,58.0,Moderate,NO2,85.0,72.0,0.0,4.0,76
1994-09-08,42.0,Good,NO2,84.0,73.0,0.35,7.0,79
1994-09-09,55.0,Moderate,NO2,84.0,72.0,0.05,9.0,74
1994-09-10,97.0,Moderate,Ozone,86.0,67.0,0.0,7.0,70
1994-09-11,45.0,Good,Ozone,86.0,70.0,0.0,9.0,71
1994-09-12,42.0,Good,Ozone,87.0,72.0,0.0,8.0,70
1994-09-13,58.0,Moderate,Ozone,90.0,73.0,0.0,9.0,66
1994-09-14,36.0,Good,NO2,90.0,74.0,0.02,10.0,67
1994-09-15,43.0,Good,NO2,89.0,75.0,0.03,10.0,73
1994-09-16,35.0,Good,Ozone,84.0,73.0,0.09,13.0,77
1994-09-17,48.0,Good,NO2,84.0,67.0,0.0,14.0,49
1994-09-18,42.0,Good,Ozone,83.0,62.0,0.0,11.0,56
1994-09-19,74.0,Moderate,Ozone,85.0,64.0,0.0,6.0,58
1994-09-20,119.0,Unhealthy for Sensitive Groups,Ozone,85.0,66.0,0.0,7.0,51
1994-09-21,150.0,Unhealthy for Sensitive Groups,Ozone,87.0,66.0,0.0,8.0,46
1994-09-22,30.0,Good,NO2,76.0,58.0,0.03,20.0,58
1994-09-23,62.0,Moderate,CO,80.0,53.0,0.0,15.0,47
1994-09-24,38.0,Good,NO2,70.0,54.0,0.0,14.0,52
1994-09-25,43.0,Good,Ozone,79.0,54.0,0.0,16.0,58
1994-09-26,64.0,Moderate,NO2,88.0,62.0,0.0,11.0,49
1994-09-27,115.0,Unhealthy for Sensitive Groups,Ozone,94.0,68.0,0.0,10.0,41
1994-09-28,147.0,Unhealthy for Sensitive Groups,Ozone,93.0,71.0,0.0,11.0,48
1994-09-29,67.0,Moderate,Ozone,95.0,72.0,0.0,10.0,40
1994-09-30,112.0,Unhealthy for Sensitive Groups,Ozone,90.0,70.0,0.0,12.0,39
1994-10-01,156.0,Unhealthy,Ozone,89.0,70.0,0.0,7.0,51
1994-10-02,179.0,Unhealthy,Ozone,89.0,66.0,0.0,7.0,53
1994-10-03,74.0,Moderate,Ozone,92.0,72.0,0.0,14.0,57
1994-10-04,71.0,Moderate,Ozone,89.0,72.0,0.0,8.0,55
1994-10-05,100.0,Moderate,Ozone,90.0,69.0,0.0,11.0,54
1994-10-06,74.0,Moderate,Ozone,88.0,71.0,0.0,19.0,52
1994-10-07,27.0,Good,Ozone,79.0,72.0,0.86,17.0,76
1994-10-08,31.0,Good,Ozone,73.0,62.0,0.85,18.0,71
1994-10-09,39.0,Good,Ozone,70.0,56.0,0.0,16.0,49
1994-10-10,40.0,Good,NO2,69.0,52.0,0.0,10.0,56
1994-10-11,56.0,Moderate,PM10,70.0,50.0,0.0,9.0,61
1994-10-12,38.0,Good,NO2,71.0,51.0,0.0,9.0,74
1994-10-13,32.0,Good,CO,70.0,62.0,0.0,7.0,75
1994-10-14,33.0,Good,CO,67.0,60.0,0.0,7.0,76
1994-10-15,22.0,Good,CO,68.0,60.0,0.23,13.0,88
1994-10-16,17.0,Good,Ozone,73.0,66.0,0.14,15.0,98
1994-10-17,22.0,Good,CO,74.0,69.0,1.17,15.0,97
1994-10-18,25.0,Good,NO2,76.0,69.0,0.33,12.0,93
1994-10-19,24.0,Good,CO,79.0,68.0,0.0,7.0,84
1994-10-20,25.0,Good,CO,76.0,69.0,0.08,9.0,92
1994-10-21,29.0,Good,NO2,82.0,68.0,1.15,16.0,89
1994-10-22,53.0,Moderate,NO2,80.0,59.0,0.0,6.0,75
1994-10-23,58.0,Moderate,Ozone,78.0,58.0,0.0,7.0,74
1994-10-24,41.0,Good,NO2,77.0,61.0,0.05,8.0,83
1994-10-25,26.0,Good,NO2,68.0,52.0,0.98,17.0,81
1994-10-26,44.0,Good,NO2,60.0,44.0,0.0,8.0,57
1994-10-27,47.0,Good,NO2,63.0,46.0,0.0,7.0,69
1994-10-28,44.0,Good,Ozone,68.0,49.0,0.0,9.0,73
1994-10-29,122.0,Unhealthy for Sensitive Groups,Ozone,73.0,53.0,0.0,9.0,72
1994-10-30,105.0,Unhealthy for Sensitive Groups,Ozone,74.0,53.0,0.0,7.0,79
1994-10-31,36.0,Good,NO2,68.0,53.0,0.01,18.0,76
1994-11-01,38.0,Good,Ozone,67.0,44.0,0.0,15.0,69
1994-11-02,32.0,Good,Ozone,77.0,55.0,0.0,21.0,76
1994-11-03,28.0,Good,NO2,79.0,68.0,1.04,19.0,89
1994-11-04,20.0,Good,NO2,78.0,68.0,0.26,20.0,90
1994-11-05,29.0,Good,NO2,73.0,55.0,1.87,21.0,76
1994-11-06,47.0,Good,NO2,68.0,49.0,0.0,5.0,76
1994-11-07,43.0,Good,NO2,71.0,51.0,0.0,10.0,81
1994-11-08,28.0,Good,Ozone,78.0,60.0,0.0,16.0,83
1994-11-09,24.0,Good,Ozone,72.0,53.0,0.5,18.0,82
1994-11-10,26.0,Good,CO,59.0,47.0,0.0,11.0,72
1994-11-11,29.0,Good,NO2,58.0,50.0,0.0,6.0,76
1994-11-12,32.0,Good,NO2,62.0,47.0,0.0,11.0,80
1994-11-13,32.0,Good,Ozone,73.0,59.0,0.0,15.0,78
1994-11-14,26.0,Good,NO2,69.0,65.0,0.98,12.0,91
1994-11-15,20.0,Good,NO2,65.0,54.0,0.68,14.0,84
1994-11-16,33.0,Good,NO2,60.0,49.0,0.0,9.0,75
1994-11-17,22.0,Good,CO,67.0,53.0,0.0,16.0,84
1994-11-18,53.0,Moderate,NO2,68.0,44.0,0.07,12.0,72
1994-11-19,34.0,Good,Ozone,66.0,62.0,0.17,16.0,87
1994-11-20,41.0,Good,Ozone,66.0,58.0,0.38,20.0,58
1994-11-21,48.0,Good,NO2,66.0,46.0,0.0,11.0,57
1994-11-22,37.0,Good,NO2,63.0,47.0,0.0,11.0,79
1994-11-23,32.0,Good,NO2,56.0,49.0,0.0,11.0,54
1994-11-24,30.0,Good,NO2,53.0,46.0,0.1,11.0,70
1994-11-25,30.0,Good,CO,64.0,48.0,0.0,9.0,81
1994-11-26,33.0,Good,NO2,72.0,55.0,0.01,15.0,87
1994-11-27,43.0,Good,Ozone,71.0,52.0,0.0,20.0,60
1994-11-28,49.0,Good,NO2,61.0,40.0,0.0,13.0,55
1994-11-29,41.0,Good,NO2,58.0,41.0,0.0,14.0,60
1994-11-30,50.0,Good,NO2,58.0,38.0,0.0,6.0,60
1994-12-01,44.0,Good,NO2,60.0,37.0,0.0,11.0,61
1994-12-02,36.0,Good,NO2,63.0,48.0,0.07,13.0,73
1994-12-03,31.0,Good,CO,68.0,59.0,0.02,12.0,92
1994-12-04,32.0,Good,NO2,69.0,58.0,0.0,11.0,88
1994-12-05,34.0,Good,CO,65.0,53.0,0.0,11.0,78
1994-12-06,32.0,Good,CO,71.0,57.0,0.02,18.0,89
1994-12-07,31.0,Good,CO,69.0,51.0,0.0,13.0,80
1994-12-08,36.0,Good,CO,57.0,50.0,0.65,12.0,90
1994-12-09,25.0,Good,CO,49.0,40.0,1.26,15.0,88
1994-12-10,35.0,Good,NO2,50.0,38.0,0.04,17.0,61
1994-12-11,30.0,Good,NO2,45.0,33.0,0.0,9.0,63
1994-12-12,27.0,Good,NO2,53.0,34.0,0.0,10.0,69
1994-12-13,31.0,Good,CO,50.0,40.0,0.0,6.0,77
1994-12-14,36.0,Good,CO,53.0,48.0,0.4,9.0,95
1994-12-15,32.0,Good,CO,52.0,49.0,0.29,10.0,96
1994-12-16,27.0,Good,NO2,59.0,46.0,1.22,11.0,87
1994-12-17,56.0,Moderate,CO,59.0,38.0,0.0,5.0,85
1994-12-18,59.0,Moderate,CO,60.0,40.0,0.0,6.0,78
1994-12-19,41.0,Good,NO2,62.0,41.0,0.01,14.0,76
1994-12-20,47.0,Good,NO2,61.0,46.0,0.01,13.0,83
1994-12-21,40.0,Good,NO2,61.0,40.0,0.0,10.0,76
1994-12-22,31.0,Good,NO2,54.0,39.0,0.0,15.0,75
1994-12-23,37.0,Good,NO2,56.0,38.0,0.0,9.0,81
1994-12-24,28.0,Good,CO,50.0,38.0,0.0,8.0,77
1994-12-25,49.0,Good,CO,55.0,32.0,0.0,6.0,78
1994-12-26,58.0,Moderate,CO,57.0,36.0,0.0,6.0,83
1994-12-27,43.0,Good,NO2,60.0,35.0,0.0,6.0,80
1994-12-28,33.0,Good,NO2,51.0,46.0,0.58,10.0,88
1994-12-29,29.0,Good,NO2,54.0,45.0,0.06,11.0,84
1994-12-30,35.0,Good,NO2,56.0,41.0,0.0,5.0,83
1994-12-31,28.0,Good,CO,60.0,47.0,0.02,9.0,83
1995-01-01,30.0,Good,NO2,49.0,34.0,0.0,15.0,68
1995-01-02,29.0,Good,NO2,45.0,28.0,0.0,6.0,66
1995-01-03,29.0,Good,NO2,41.0,34.0,0.1,10.0,79
1995-01-04,30.0,Good,NO2,38.0,28.0,0.0,11.0,56
1995-01-05,27.0,Good,NO2,43.0,26.0,0.02,14.0,61
1995-01-06,19.0,Good,Ozone,62.0,40.0,0.15,21.0,73
1995-01-07,43.0,Good,NO2,46.0,29.0,0.0,11.0,61
1995-01-08,29.0,Good,NO2,67.0,38.0,0.0,14.0,67
1995-01-09,42.0,Good,NO2,65.0,36.0,0.0,10.0,80
1995-01-10,37.0,Good,NO2,73.0,56.0,0.0,19.0,83
1995-01-11,29.0,Good,Ozone,74.0,55.0,0.0,16.0,76
1995-01-12,29.0,Good,NO2,70.0,59.0,0.26,19.0,90
1995-01-13,31.0,Good,NO2,59.0,49.0,0.09,18.0,65
1995-01-14,32.0,Good,NO2,57.0,43.0,0.0,18.0,53
1995-01-15,34.0,Good,Ozone,61.0,37.0,0.0,10.0,67
1995-01-16,37.0,Good,Ozone,68.0,47.0,0.0,22.0,66
1995-01-17,37.0,Good,NO2,63.0,48.0,0.07,18.0,78
1995-01-18,26.0,Good,CO,48.0,39.0,0.62,21.0,90
1995-01-19,35.0,Good,NO2,54.0,36.0,0.0,17.0,61
1995-01-20,42.0,Good,NO2,58.0,35.0,0.0,6.0,62
1995-01-21,40.0,Good,NO2,55.0,38.0,0.0,7.0,76
1995-01-22,23.0,Good,CO,46.0,38.0,0.18,15.0,82
1995-01-23,42.0,Good,NO2,51.0,30.0,0.0,11.0,69
1995-01-24,42.0,Good,NO2,57.0,30.0,0.0,8.0,68
1995-01-25,38.0,Good,NO2,58.0,42.0,0.0,10.0,72
1995-01-26,31.0,Good,NO2,60.0,52.0,0.5,13.0,96
1995-01-27,44.0,Good,NO2,68.0,54.0,0.01,15.0,65
1995-01-28,17.0,Good,Ozone,57.0,47.0,0.0,18.0,62
1995-01-29,24.0,Good,Ozone,46.0,40.0,0.0,14.0,68
1995-01-30,45.0,Good,NO2,49.0,36.0,0.0,11.0,64
1995-01-31,44.0,Good,NO2,63.0,35.0,0.0,11.0,67
1995-02-01,54.0,Moderate,NO2,68.0,38.0,0.0,10.0,65
1995-02-02,51.0,Moderate,PM10,74.0,44.0,0.0,15.0,60
1995-02-03,32.0,Good,CO,61.0,51.0,0.0,23.0,53
1995-02-04,42.0,Good,NO2,62.0,40.0,0.0,11.0,54
1995-02-05,36.0,Good,NO2,55.0,42.0,0.0,14.0,54
1995-02-06,48.0,Good,NO2,61.0,35.0,0.0,9.0,65
1995-02-07,49.0,Good,NO2,53.0,40.0,0.0,16.0,61
1995-02-08,39.0,Good,NO2,49.0,31.0,0.0,9.0,53
1995-02-09,30.0,Good,NO2,57.0,41.0,0.0,18.0,61
1995-02-10,31.0,Good,Ozone,70.0,49.0,0.0,12.0,65
1995-02-11,21.0,Good,Ozone,50.0,37.0,0.29,17.0,72
1995-02-12,27.0,Good,Ozone,46.0,30.0,0.0,10.0,58
1995-02-13,23.0,Good,CO,43.0,38.0,0.06,10.0,73
1995-02-14,18.0,Good,NO2,56.0,36.0,0.09,13.0,95
1995-02-15,17.0,Good,NO2,71.0,48.0,0.04,16.0,87
1995-02-16,18.0,Good,CO,47.0,40.0,0.01,14.0,71
1995-02-17,45.0,Good,CO,56.0,41.0,0.0,12.0,53
1995-02-18,69.0,Moderate,CO,62.0,38.0,0.0,8.0,65
1995-02-19,49.0,Good,NO2,64.0,43.0,0.0,12.0,73
1995-02-20,45.0,Good,NO2,72.0,39.0,0.0,9.0,66
1995-02-21,53.0,Moderate,NO2,68.0,44.0,0.0,8.0,57
1995-02-22,61.0,Moderate,Ozone,71.0,49.0,0.0,15.0,57
1995-02-23,58.0,Moderate,Ozone,75.0,55.0,0.0,11.0,74
1995-02-24,45.0,Good,NO2,66.0,51.0,0.0,13.0,54
1995-02-25,26.0,Good,NO2,65.0,47.0,0.1,11.0,67
1995-02-26,31.0,Good,Ozone,68.0,54.0,0.48,16.0,89
1995-02-27,29.0,Good,NO2,76.0,60.0,0.02,14.0,79
1995-02-28,16.0,Good,CO,60.0,45.0,0.06,16.0,77
1995-03-01,19.0,Good,NO2,45.0,37.0,0.04,13.0,67
1995-03-02,20.0,Good,NO2,36.0,33.0,0.17,10.0,86
1995-03-03,29.0,Good,NO2,44.0,33.0,0.01,7.0,82
1995-03-04,19.0,Good,PM10,50.0,41.0,0.0,10.0,86
1995-03-05,22.0,Good,NO2,62.0,46.0,0.0,11.0,83
1995-03-06,25.0,Good,NO2,72.0,46.0,0.99,18.0,90
1995-03-07,33.0,Good,Ozone,61.0,35.0,0.57,25.0,64
1995-03-08,43.0,Good,NO2,50.0,28.0,0.0,14.0,55
1995-03-09,45.0,Good,NO2,57.0,30.0,0.0,11.0,63
1995-03-10,67.0,Moderate,Ozone,61.0,37.0,0.0,14.0,65
1995-03-11,50.0,Good,Ozone,68.0,47.0,0.0,19.0,75
1995-03-12,39.0,Good,Ozone,69.0,57.0,0.31,17.0,85
1995-03-13,38.0,Good,NO2,64.0,58.0,2.48,17.0,91
1995-03-14,33.0,Good,NO2,59.0,54.0,0.12,11.0,82
1995-03-15,32.0,Good,Ozone,62.0,53.0,0.13,12.0,91
1995-03-16,48.0,Good,NO2,69.0,53.0,0.0,15.0,80
1995-03-17,77.0,Moderate,Ozone,72.0,50.0,0.0,8.0,74
1995-03-18,156.0,Unhealthy,Ozone,77.0,49.0,0.0,7.0,70
1995-03-19,112.0,Unhealthy for Sensitive Groups,Ozone,79.0,57.0,0.0,19.0,65
1995-03-20,49.0,Good,NO2,77.0,61.0,0.0,20.0,59
1995-03-21,50.0,Good,Ozone,81.0,52.0,0.0,15.0,76
1995-03-22,46.0,Good,Ozone,86.0,64.0,0.0,17.0,75
1995-03-23,51.0,Moderate,Ozone,82.0,61.0,0.0,11.0,65
1995-03-24,44.0,Good,Ozone,78.0,62.0,0.06,14.0,69
1995-03-25,31.0,Good,Ozone,76.0,64.0,0.07,20.0,78
1995-03-26,43.0,Good,Ozone,70.0,54.0,0.56,14.0,80
1995-03-27,46.0,Good,NO2,67.0,48.0,0.0,13.0,59
1995-03-28,31.0,Good,Ozone,59.0,51.0,0.11,13.0,62
1995-03-29,41.0,Good,Ozone,55.0,50.0,0.0,10.0,67
1995-03-30,41.0,Good,Ozone,63.0,50.0,0.0,11.0,60
1995-03-31,52.0,Moderate,NO2,59.0,50.0,0.0,12.0,60
1995-04-01,61.0,Moderate,Ozone,69.0,42.0,0.0,8.0,69
1995-04-02,90.0,Moderate,Ozone,72.0,49.0,0.0,13.0,58
1995-04-03,47.0,Good,Ozone,69.0,54.0,0.34,13.0,75
1995-04-04,34.0,Good,Ozone,68.0,59.0,1.52,13.0,87
1995-04-05,31.0,Good,NO2,61.0,57.0,0.16,10.0,87
1995-04-06,44.0,Good,Ozone,72.0,52.0,0.0,7.0,81
1995-04-07,74.0,Moderate,Ozone,78.0,55.0,0.0,17.0,76
1995-04-08,50.0,Good,Ozone,81.0,60.0,0.0,19.0,71
1995-04-09,44.0,Good,Ozone,82.0,64.0,0.0,21.0,70
1995-04-10,24.0,Good,Ozone,71.0,57.0,1.15,19.0,84
1995-04-11,51.0,Moderate,NO2,59.0,43.0,0.01,20.0,48
1995-04-12,64.0,Moderate,NO2,73.0,48.0,0.0,10.0,62
1995-04-13,84.0,Moderate,Ozone,74.0,47.0,0.0,7.0,67
1995-04-14,164.0,Unhealthy,Ozone,77.0,54.0,0.0,17.0,66
1995-04-15,48.0,Good,Ozone,80.0,61.0,0.0,18.0,75
1995-04-16,28.0,Good,Ozone,77.0,69.0,0.04,16.0,84
1995-04-17,36.0,Good,Ozone,78.0,68.0,0.06,23.0,82
1995-04-18,69.0,Moderate,NO2,75.0,59.0,0.29,17.0,50
1995-04-19,34.0,Good,NO2,71.0,56.0,1.3,15.0,81
1995-04-20,56.0,Moderate,NO2,78.0,58.0,0.24,14.0,64
1995-04-21,115.0,Unhealthy for Sensitive Groups,Ozone,80.0,54.0,0.0,14.0,64
1995-04-22,31.0,Good,Ozone,67.0,56.0,0.33,16.0,81
1995-04-23,42.0,Good,NO2,58.0,49.0,0.01,17.0,68
1995-04-24,67.0,Moderate,Ozone,66.0,44.0,0.0,6.0,64
1995-04-25,77.0,Moderate,Ozone,71.0,48.0,0.0,12.0,64
1995-04-26,71.0,Moderate,Ozone,77.0,56.0,0.0,24.0,68
1995-04-27,46.0,Good,NO2,68.0,52.0,0.0,15.0,66
1995-04-28,77.0,Moderate,Ozone,75.0,57.0,0.01,13.0,75
1995-04-29,45.0,Good,Ozone,83.0,66.0,0.06,19.0,75
1995-04-30,42.0,Good,Ozone,82.0,63.0,0.02,16.0,83
1995-05-01,39.0,Good,Ozone,73.0,58.0,0.06,17.0,73
1995-05-02,44.0,Good,Ozone,63.0,50.0,0.03,9.0,72
1995-05-03,33.0,Good,Ozone,71.0,56.0,0.2,17.0,83
1995-05-04,47.0,Good,NO2,73.0,64.0,0.15,12.0,87
1995-05-05,45.0,Good,Ozone,79.0,61.0,0.28,15.0,78
1995-05-06,31.0,Good,Ozone,81.0,67.0,0.3,16.0,87
1995-05-07,34.0,Good,Ozone,79.0,68.0,0.37,24.0,87
1995-05-08,50.0,Good,Ozone,78.0,58.0,3.59,21.0,67
1995-05-09,71.0,Moderate,Ozone,83.0,63.0,0.0,18.0,54
1995-05-10,44.0,Good,Ozone,75.0,64.0,0.0,14.0,67
1995-05-11,40.0,Good,Ozone,73.0,56.0,0.0,9.0,70
1995-05-12,32.0,Good,NO2,79.0,62.0,0.02,17.0,83
1995-05-13,64.0,Moderate,Ozone,89.0,73.0,0.0,19.0,80
1995-05-14,90.0,Moderate,Ozone,91.0,75.0,0.0,15.0,80
1995-05-15,80.0,Moderate,Ozone,88.0,72.0,0.06,12.0,82
1995-05-16,30.0,Good,Ozone,87.0,73.0,0.0,20.0,73
1995-05-17,33.0,Good,Ozone,85.0,73.0,0.08,22.0,75
1995-05-18,41.0,Good,NO2,75.0,63.0,0.0,20.0,63
1995-05-19,51.0,Moderate,NO2,76.0,54.0,0.0,10.0,61
1995-05-20,97.0,Moderate,Ozone,79.0,58.0,0.0,9.0,67
1995-05-21,112.0,Unhealthy for Sensitive Groups,Ozone,83.0,62.0,0.0,12.0,68
1995-05-22,97.0,Moderate,Ozone,84.0,65.0,0.0,14.0,69
1995-05-23,51.0,Moderate,Ozone,85.0,69.0,0.0,19.0,67
1995-05-24,39.0,Good,NO2,83.0,69.0,0.71,20.0,79
1995-05-25,33.0,Good,NO2,80.0,67.0,0.92,9.0,85
1995-05-26,48.0,Good,Ozone,84.0,69.0,0.0,13.0,75
1995-05-27,38.0,Good,Ozone,86.0,71.0,0.27,21.0,77
1995-05-28,93.0,Moderate,Ozone,86.0,70.0,0.01,11.0,79
1995-05-29,45.0,Good,Ozone,77.0,67.0,0.52,12.0,83
1995-05-30,49.0,Good,Ozone,80.0,69.0,0.71,7.0,87
1995-05-31,44.0,Good,Ozone,84.0,66.0,0.18,12.0,81
1995-06-01,129.0,Unhealthy for Sensitive Groups,Ozone,84.0,66.0,0.09,9.0,78
1995-06-02,58.0,Moderate,Ozone,87.0,70.0,0.02,11.0,78
1995-06-03,43.0,Good,Ozone,86.0,72.0,0.0,15.0,75
1995-06-04,84.0,Moderate,Ozone,86.0,71.0,0.0,15.0,71
1995-06-05,67.0,Moderate,Ozone,87.0,72.0,0.0,13.0,68
1995-06-06,44.0,Good,Ozone,89.0,73.0,0.0,19.0,69
1995-06-07,51.0,Moderate,Ozone,90.0,74.0,0.0,19.0,71
1995-06-08,51.0,Moderate,Ozone,90.0,74.0,0.01,20.0,72
1995-06-09,35.0,Good,Ozone,90.0,78.0,0.05,20.0,73
1995-06-10,29.0,Good,Ozone,82.0,74.0,1.35,16.0,84
1995-06-11,45.0,Good,Ozone,78.0,66.0,1.14,21.0,70
1995-06-12,67.0,Moderate,Ozone,79.0,60.0,0.0,10.0,62
1995-06-13,195.0,Unhealthy,Ozone,82.0,60.0,0.0,6.0,66
1995-06-14,159.0,Unhealthy,Ozone,85.0,65.0,0.0,13.0,65
1995-06-15,100.0,Moderate,Ozone,85.0,68.0,0.0,13.0,64
1995-06-16,140.0,Unhealthy for Sensitive Groups,Ozone,85.0,67.0,0.0,11.0,65
1995-06-17,133.0,Unhealthy for Sensitive Groups,Ozone,84.0,69.0,0.0,10.0,64
1995-06-18,84.0,Moderate,Ozone,84.0,68.0,0.0,9.0,63
1995-06-19,126.0,Unhealthy for Sensitive Groups,Ozone,85.0,67.0,0.0,8.0,65
1995-06-20,179.0,Unhealthy,Ozone,87.0,69.0,0.0,6.0,64
1995-06-21,221.0,Very Unhealthy,Ozone,89.0,68.0,0.0,5.0,63
1995-06-22,215.0,Very Unhealthy,Ozone,90.0,71.0,0.0,5.0,62
1995-06-23,205.0,Very Unhealthy,Ozone,91.0,72.0,0.0,8.0,60
1995-06-24,182.0,Unhealthy,Ozone,91.0,72.0,0.0,6.0,65
1995-06-25,47.0,Good,Ozone,87.0,71.0,0.0,14.0,58
1995-06-26,84.0,Moderate,Ozone,91.0,68.0,0.0,6.0,54
1995-06-27,51.0,Moderate,NO2,89.0,71.0,0.24,13.0,61
1995-06-28,51.0,Moderate,Ozone,90.0,71.0,0.14,13.0,71
1995-06-29,42.0,Good,Ozone,83.0,74.0,0.19,11.0,84
1995-06-30,44.0,Good,Ozone,82.0,72.0,0.28,10.0,84
1995-07-01,64.0,Moderate,Ozone,83.0,70.0,0.03,9.0,70
1995-07-02,77.0,Moderate,Ozone,87.0,71.0,0.01,11.0,74
1995-07-03,46.0,Good,Ozone,92.0,73.0,0.09,20.0,69
1995-07-04,44.0,Good,Ozone,93.0,78.0,0.03,26.0,63
1995-07-05,112.0,Unhealthy for Sensitive Groups,Ozone,89.0,74.0,0.74,11.0,79
1995-07-06,105.0,Unhealthy for Sensitive Groups,Ozone,89.0,76.0,0.03,10.0,79
1995-07-07,87.0,Moderate,Ozone,93.0,72.0,0.0,6.0,73
1995-07-08,129.0,Unhealthy for Sensitive Groups,Ozone,94.0,74.0,0.0,7.0,62
1995-07-09,105.0,Unhealthy for Sensitive Groups,Ozone,96.0,75.0,0.0,11.0,56
1995-07-10,200.0,Unhealthy,Ozone,98.0,76.0,0.0,8.0,54
1995-07-11,206.0,Very Unhealthy,Ozone,98.0,78.0,0.0,8.0,52
1995-07-12,213.0,Very Unhealthy,Ozone,98.0,78.0,0.0,8.0,58
1995-07-13,151.0,Unhealthy,Ozone,96.0,78.0,0.0,14.0,61
1995-07-14,133.0,Unhealthy for Sensitive Groups,Ozone,91.0,78.0,0.05,11.0,71
1995-07-15,97.0,Moderate,Ozone,88.0,76.0,0.15,10.0,71
1995-07-16,97.0,Moderate,Ozone,88.0,75.0,0.08,5.0,75
1995-07-17,151.0,Unhealthy,Ozone,88.0,75.0,0.15,6.0,74
1995-07-18,93.0,Moderate,Ozone,90.0,77.0,0.13,6.0,76
1995-07-19,164.0,Unhealthy,Ozone,90.0,76.0,0.05,8.0,77
1995-07-20,48.0,Good,Ozone,96.0,80.0,0.0,10.0,59
1995-07-21,48.0,Good,Ozone,96.0,81.0,0.0,14.0,54
1995-07-22,37.0,Good,Ozone,98.0,80.0,0.0,14.0,53
1995-07-23,35.0,Good,Ozone,98.0,80.0,0.0,15.0,54
1995-07-24,33.0,Good,Ozone,98.0,79.0,0.0,16.0,51
1995-07-25,39.0,Good,Ozone,96.0,79.0,0.02,13.0,57
1995-07-26,40.0,Good,Ozone,98.0,80.0,0.0,13.0,56
1995-07-27,44.0,Good,Ozone,101.0,81.0,0.0,13.0,50
1995-07-28,192.0,Unhealthy,Ozone,103.0,82.0,0.0,10.0,47
1995-07-29,105.0,Unhealthy for Sensitive Groups,Ozone,97.0,82.0,0.06,13.0,60
1995-07-30,43.0,Good,Ozone,94.0,78.0,0.0,15.0,63
1995-07-31,27.0,Good,Ozone,83.0,74.0,1.35,20.0,89
1995-08-01,23.0,Good,NO2,83.0,74.0,0.77,15.0,92
1995-08-02,30.0,Good,Ozone,84.0,74.0,0.33,14.0,88
1995-08-03,44.0,Good,NO2,89.0,75.0,0.0,8.0,75
1995-08-04,58.0,Moderate,Ozone,91.0,76.0,0.0,6.0,74
1995-08-05,169.0,Unhealthy,Ozone,91.0,77.0,0.04,6.0,80
1995-08-06,77.0,Moderate,Ozone,91.0,78.0,0.01,10.0,79
1995-08-07,39.0,Good,Ozone,90.0,76.0,0.02,11.0,75
1995-08-08,31.0,Good,Ozone,91.0,77.0,0.02,12.0,74
1995-08-09,42.0,Good,NO2,91.0,74.0,0.0,10.0,62
1995-08-10,87.0,Moderate,Ozone,92.0,73.0,0.0,6.0,65
1995-08-11,112.0,Unhealthy for Sensitive Groups,Ozone,93.0,77.0,0.0,8.0,69
1995-08-12,38.0,Good,Ozone,92.0,76.0,0.0,10.0,69
1995-08-13,29.0,Good,Ozone,94.0,77.0,0.02,9.0,68
1995-08-14,23.0,Good,Ozone,92.0,78.0,0.07,14.0,71
1995-08-15,32.0,Good,Ozone,92.0,76.0,0.02,12.0,71
1995-08-16,30.0,Good,Ozone,94.0,76.0,0.0,11.0,59
1995-08-17,41.0,Good,Ozone,95.0,78.0,0.0,10.0,55
1995-08-18,133.0,Unhealthy for Sensitive Groups,Ozone,96.0,77.0,0.0,7.0,57
1995-08-19,87.0,Moderate,Ozone,99.0,79.0,0.04,8.0,58
1995-08-20,136.0,Unhealthy for Sensitive Groups,Ozone,97.0,79.0,0.01,8.0,67
1995-08-21,100.0,Moderate,Ozone,100.0,80.0,0.0,9.0,59
1995-08-22,87.0,Moderate,Ozone,95.0,79.0,0.01,11.0,53
1995-08-23,84.0,Moderate,Ozone,96.0,80.0,0.0,10.0,50
1995-08-24,156.0,Unhealthy,Ozone,92.0,74.0,0.0,6.0,52
1995-08-25,154.0,Unhealthy,Ozone,95.0,78.0,0.0,5.0,60
1995-08-26,208.0,Very Unhealthy,Ozone,95.0,79.0,0.0,8.0,58
1995-08-27,187.0,Unhealthy,Ozone,98.0,79.0,0.0,5.0,56
1995-08-28,192.0,Unhealthy,Ozone,98.0,80.0,0.0,5.0,51
1995-08-29,129.0,Unhealthy for Sensitive Groups,Ozone,98.0,80.0,0.06,6.0,55
1995-08-30,77.0,Moderate,Ozone,94.0,79.0,0.01,10.0,62
1995-08-31,97.0,Moderate,Ozone,93.0,77.0,0.0,6.0,64
1995-09-01,174.0,Unhealthy,Ozone,96.0,77.0,0.0,6.0,58
1995-09-02,174.0,Unhealthy,Ozone,97.0,77.0,0.0,6.0,56
1995-09-03,172.0,Unhealthy,Ozone,99.0,78.0,0.0,8.0,48
1995-09-04,100.0,Moderate,Ozone,100.0,80.0,0.0,13.0,44
1995-09-05,84.0,Moderate,Ozone,97.0,78.0,0.01,14.0,50
1995-09-06,90.0,Moderate,Ozone,94.0,78.0,0.0,12.0,58
1995-09-07,44.0,Good,Ozone,91.0,76.0,0.18,12.0,69
1995-09-08,39.0,Good,Ozone,85.0,71.0,0.01,11.0,58
1995-09-09,49.0,Good,Ozone,84.0,68.0,0.0,9.0,54
1995-09-10,80.0,Moderate,Ozone,82.0,70.0,0.0,9.0,55
1995-09-11,136.0,Unhealthy for Sensitive Groups,Ozone,87.0,70.0,0.0,8.0,60
1995-09-12,45.0,Good,PM10,86.0,76.0,0.06,10.0,72
1995-09-13,71.0,Moderate,Ozone,83.0,71.0,1.41,6.0,87
1995-09-14,54.0,Moderate,Ozone,84.0,72.0,0.01,6.0,83
1995-09-15,54.0,Moderate,Ozone,87.0,74.0,0.01,9.0,79
1995-09-16,33.0,Good,NO2,89.0,76.0,0.0,11.0,71
1995-09-17,26.0,Good,NO2,82.0,75.0,0.24,13.0,86
1995-09-18,43.0,Good,NO2,81.0,73.0,0.04,10.0,83
1995-09-19,24.0,Good,NO2,82.0,74.0,0.2,9.0,87
1995-09-20,32.0,Good,NO2,76.0,69.0,0.03,12.0,79
1995-09-21,24.0,Good,CO,76.0,54.0,0.05,21.0,78
1995-09-22,37.0,Good,NO2,63.0,53.0,0.0,20.0,51
1995-09-23,50.0,Good,NO2,69.0,50.0,0.0,5.0,56
1995-09-24,61.0,Moderate,Ozone,75.0,55.0,0.0,7.0,62
1995-09-25,43.0,Good,Ozone,72.0,62.0,0.03,10.0,72
1995-09-26,61.0,Moderate,NO2,72.0,56.0,0.0,7.0,77
1995-09-27,129.0,Unhealthy for Sensitive Groups,Ozone,86.0,63.0,0.0,11.0,72
1995-09-28,49.0,Good,Ozone,88.0,71.0,0.0,13.0,71
1995-09-29,119.0,Unhealthy for Sensitive Groups,Ozone,88.0,70.0,0.0,14.0,67
1995-09-30,53.0,Moderate,PM10,87.0,70.0,0.0,16.0,67
1995-10-01,48.0,Good,Ozone,79.0,64.0,0.13,14.0,69
1995-10-02,30.0,Good,NO2,73.0,68.0,0.8,11.0,93
1995-10-03,42.0,Good,NO2,76.0,59.0,0.0,12.0,70
1995-10-04,49.0,Good,Ozone,80.0,56.0,0.0,8.0,68
1995-10-05,39.0,Good,NO2,74.0,62.0,0.0,18.0,56
1995-10-06,40.0,Good,NO2,69.0,56.0,0.0,15.0,52
1995-10-07,53.0,Moderate,NO2,72.0,51.0,0.0,5.0,65
1995-10-08,100.0,Moderate,Ozone,79.0,54.0,0.0,11.0,60
1995-10-09,58.0,Moderate,Ozone,83.0,63.0,0.0,9.0,61
1995-10-10,81.0,Moderate,NO2,85.0,64.0,0.0,8.0,62
1995-10-11,129.0,Unhealthy for Sensitive Groups,Ozone,86.0,61.0,0.0,6.0,67
1995-10-12,143.0,Unhealthy for Sensitive Groups,Ozone,85.0,61.0,0.0,7.0,62
1995-10-13,67.0,Moderate,Ozone,87.0,61.0,0.0,19.0,59
1995-10-14,48.0,Good,NO2,73.0,57.0,0.0,17.0,37
1995-10-15,66.0,Moderate,NO2,83.0,52.0,0.0,8.0,53
1995-10-16,76.0,Moderate,NO2,86.0,55.0,0.0,10.0,45
1995-10-17,61.0,Moderate,Ozone,82.0,60.0,0.0,12.0,44
1995-10-18,112.0,Unhealthy for Sensitive Groups,Ozone,83.0,59.0,0.0,9.0,53
1995-10-19,37.0,Good,Ozone,86.0,64.0,0.0,23.0,61
1995-10-20,42.0,Good,NO2,70.0,55.0,0.0,19.0,29
1995-10-21,45.0,Good,Ozone,79.0,53.0,0.0,17.0,31
1995-10-22,42.0,Good,Ozone,83.0,62.0,0.0,24.0,53
1995-10-23,33.0,Good,NO2,71.0,58.0,0.11,20.0,51
1995-10-24,55.0,Moderate,PM10,69.0,50.0,0.0,10.0,38
1995-10-25,45.0,Good,Ozone,72.0,56.0,0.19,13.0,53
1995-10-26,27.0,Good,NO2,85.0,64.0,0.0,20.0,67
1995-10-27,41.0,Good,Ozone,79.0,63.0,0.0,20.0,57
1995-10-28,41.0,Good,NO2,73.0,56.0,0.0,11.0,37
1995-10-29,39.0,Good,Ozone,75.0,55.0,0.0,15.0,40
1995-10-30,22.0,Good,NO2,66.0,58.0,0.24,13.0,71
1995-10-31,39.0,Good,NO2,74.0,59.0,0.11,11.0,76
1995-11-01,41.0,Good,NO2,82.0,64.0,0.36,18.0,84
1995-11-02,18.0,Good,NO2,69.0,50.0,0.01,17.0,72
1995-11-03,42.0,Good,NO2,52.0,42.0,0.0,16.0,40
1995-11-04,37.0,Good,NO2,50.0,42.0,0.0,8.0,41
1995-11-05,21.0,Good,NO2,55.0,47.0,0.0,10.0,60
1995-11-06,34.0,Good,NO2,75.0,53.0,0.01,19.0,77
1995-11-07,42.0,Good,NO2,70.0,55.0,0.11,19.0,56
1995-11-08,44.0,Good,NO2,64.0,47.0,0.0,9.0,51
1995-11-09,36.0,Good,Ozone,71.0,52.0,0.0,25.0,64
1995-11-10,28.0,Good,Ozone,82.0,67.0,0.0,24.0,72
1995-11-11,38.0,Good,NO2,54.0,39.0,0.0,25.0,48
1995-11-12,35.0,Good,NO2,66.0,42.0,0.0,18.0,43
1995-11-13,37.0,Good,NO2,69.0,48.0,0.0,14.0,51
1995-11-14,46.0,Good,NO2,62.0,46.0,0.0,11.0,53
1995-11-15,38.0,Good,NO2,70.0,50.0,0.0,11.0,57
1995-11-16,60.0,Moderate,NO2,64.0,43.0,0.0,7.0,66
1995-11-17,66.0,Moderate,PM10,63.0,47.0,0.0,8.0,72
1995-11-18,73.0,Moderate,NO2,69.0,48.0,0.0,6.0,78
1995-11-19,72.0,Moderate,NO2,74.0,49.0,0.0,8.0,75
1995-11-20,57.0,Moderate,NO2,73.0,54.0,0.01,8.0,83
1995-11-21,52.0,Moderate,NO2,67.0,54.0,0.0,10.0,42
1995-11-22,46.0,Good,NO2,75.0,52.0,0.0,22.0,62
1995-11-23,25.0,Good,NO2,64.0,53.0,0.0,15.0,49
1995-11-24,43.0,Good,NO2,65.0,42.0,0.0,9.0,49
1995-11-25,45.0,Good,NO2,73.0,50.0,0.0,13.0,53
1995-11-26,39.0,Good,Ozone,75.0,53.0,0.0,22.0,63
1995-11-27,29.0,Good,NO2,65.0,50.0,0.0,21.0,51
1995-11-28,38.0,Good,NO2,49.0,40.0,0.01,16.0,50
1995-11-29,50.0,Good,PM10,58.0,34.0,0.0,7.0,60
1995-11-30,57.0,Moderate,NO2,66.0,41.0,0.0,13.0,60
1995-12-01,52.0,Moderate,NO2,72.0,49.0,0.0,12.0,76
1995-12-02,33.0,Good,NO2,77.0,61.0,0.02,21.0,81
1995-12-03,32.0,Good,NO2,72.0,54.0,0.0,14.0,64
1995-12-04,54.0,Moderate,NO2,68.0,57.0,0.0,10.0,66
1995-12-05,56.0,Moderate,NO2,71.0,54.0,0.0,15.0,67
1995-12-06,73.0,Moderate,NO2,64.0,52.0,0.0,12.0,56
1995-12-07,35.0,Good,NO2,54.0,43.0,0.01,12.0,61
1995-12-08,34.0,Good,NO2,55.0,46.0,0.73,19.0,78
1995-12-09,27.0,Good,NO2,46.0,27.0,0.0,18.0,34
1995-12-10,34.0,Good,NO2,41.0,24.0,0.0,10.0,40
1995-12-11,41.0,Good,NO2,57.0,34.0,0.0,18.0,63
1995-12-12,47.0,Good,NO2,70.0,54.0,0.0,19.0,79
1995-12-13,32.0,Good,NO2,76.0,60.0,0.0,20.0,76
1995-12-14,47.0,Good,NO2,75.0,60.0,0.0,17.0,78
1995-12-15,38.0,Good,NO2,74.0,54.0,0.15,13.0,87
1995-12-16,19.0,Good,NO2,57.0,53.0,0.1,11.0,92
1995-12-17,20.0,Good,NO2,61.0,55.0,0.97,12.0,99
1995-12-18,15.0,Good,NO2,60.0,39.0,0.57,20.0,92
1995-12-19,21.0,Good,NO2,45.0,37.0,0.0,21.0,67
1995-12-20,25.0,Good,NO2,41.0,33.0,0.0,9.0,74
1995-12-21,31.0,Good,NO2,42.0,34.0,0.02,6.0,70
1995-12-22,25.0,Good,NO2,44.0,34.0,0.0,11.0,72
1995-12-23,44.0,Good,PM10,42.0,33.0,0.0,10.0,59
1995-12-24,48.0,Good,CO,51.0,28.0,0.0,9.0,69
1995-12-25,37.0,Good,NO2,46.0,33.0,0.0,13.0,68
1995-12-26,46.0,Good,NO2,53.0,32.0,0.0,6.0,74
1995-12-27,37.0,Good,NO2,53.0,33.0,0.0,10.0,73
1995-12-28,40.0,Good,NO2,45.0,30.0,0.0,8.0,75
1995-12-29,53.0,Moderate,PM10,48.0,31.0,0.0,10.0,67
1995-12-30,31.0,Good,NO2,60.0,43.0,0.31,11.0,80
1995-12-31,48.0,Good,NO2,62.0,45.0,0.02,11.0,75
1996-01-01,18.0,Good,Ozone,52.0,35.0,0.75,17.0,94
1996-01-02,21.0,Good,Ozone,42.0,34.0,0.11,20.0,71
1996-01-03,33.0,Good,NO2,44.0,28.0,0.0,16.0,63
1996-01-04,44.0,Good,NO2,58.0,38.0,0.0,18.0,57
1996-01-05,18.0,Good,CO,45.0,34.0,0.0,14.0,74
1996-01-06,26.0,Good,Ozone,36.0,27.0,0.02,18.0,64
1996-01-07,42.0,Good,NO2,32.0,22.0,0.0,13.0,55
1996-01-08,50.0,Good,NO2,45.0,21.0,0.0,13.0,62
1996-01-09,78.0,Moderate,NO2,56.0,34.0,0.0,13.0,60
1996-01-10,104.0,Unhealthy for Sensitive Groups,NO2,63.0,32.0,0.0,15.0,77
1996-01-11,44.0,Good,NO2,58.0,45.0,0.0,20.0,57
1996-01-12,53.0,Moderate,NO2,63.0,39.0,0.0,10.0,52
1996-01-13,43.0,Good,CO,71.0,39.0,0.0,12.0,59
1996-01-14,43.0,Good,Ozone,69.0,48.0,0.0,16.0,52
1996-01-15,38.0,Good,NO2,57.0,47.0,0.02,7.0,94
1996-01-16,32.0,Good,PM10,70.0,45.0,0.0,20.0,83
1996-01-17,30.0,Good,Ozone,72.0,60.0,0.07,30.0,79
1996-01-18,30.0,Good,Ozone,63.0,25.0,0.72,26.0,47
1996-01-19,36.0,Good,CO,37.0,22.0,0.0,14.0,38
1996-01-20,36.0,Good,NO2,59.0,32.0,0.0,16.0,58
1996-01-21,46.0,Good,NO2,52.0,32.0,0.0,11.0,87
1996-01-22,26.0,Good,NO2,62.0,41.0,0.07,15.0,95
1996-01-23,29.0,Good,NO2,66.0,42.0,0.11,16.0,81
1996-01-24,44.0,Good,NO2,52.0,31.0,0.0,11.0,56
1996-01-25,36.0,Good,Ozone,60.0,39.0,0.0,20.0,60
1996-01-26,37.0,Good,NO2,59.0,36.0,0.02,20.0,59
1996-01-27,46.0,Good,NO2,45.0,27.0,0.0,10.0,50
1996-01-28,40.0,Good,NO2,55.0,35.0,0.01,21.0,63
1996-01-29,36.0,Good,NO2,56.0,41.0,0.0,16.0,85
1996-01-30,25.0,Good,CO,48.0,30.0,0.04,17.0,80
1996-01-31,34.0,Good,CO,29.0,23.0,0.0,15.0,47
1996-02-01,33.0,Good,CO,30.0,23.0,0.04,10.0,58
1996-02-02,28.0,Good,Ozone,31.0,24.0,0.22,14.0,68
1996-02-03,33.0,Good,NO2,28.0,18.0,0.0,12.0,50
1996-02-04,41.0,Good,NO2,28.0,14.0,0.0,7.0,50
1996-02-05,39.0,Good,NO2,49.0,22.0,0.0,18.0,62
1996-02-06,39.0,Good,NO2,52.0,34.0,0.02,11.0,94
1996-02-07,36.0,Good,Ozone,70.0,53.0,0.0,20.0,78
1996-02-08,46.0,Good,NO2,74.0,55.0,0.01,17.0,78
1996-02-09,87.0,Moderate,NO2,71.0,52.0,0.0,10.0,82
1996-02-10,42.0,Good,NO2,75.0,58.0,0.16,19.0,81
1996-02-11,36.0,Good,Ozone,57.0,44.0,0.0,20.0,30
1996-02-12,57.0,Moderate,NO2,60.0,37.0,0.0,7.0,46
1996-02-13,52.0,Moderate,NO2,69.0,39.0,0.0,14.0,44
1996-02-14,58.0,Moderate,NO2,80.0,51.0,0.0,12.0,49
1996-02-15,46.0,Good,PM10,59.0,47.0,0.0,19.0,48
1996-02-16,45.0,Good,NO2,47.0,33.0,0.0,20.0,34
1996-02-17,61.0,Moderate,NO2,63.0,35.0,0.0,13.0,42
1996-02-18,61.0,Moderate,CO,73.0,36.0,0.0,20.0,64
1996-02-19,63.0,Moderate,NO2,73.0,54.0,0.0,22.0,55
1996-02-20,73.0,Moderate,NO2,82.0,55.0,0.0,12.0,41
1996-02-21,77.0,Moderate,NO2,90.0,53.0,0.0,7.0,45
1996-02-22,49.0,Good,NO2,89.0,58.0,0.0,19.0,32
1996-02-23,42.0,Good,Ozone,83.0,58.0,0.0,18.0,45
1996-02-24,67.0,Moderate,Ozone,72.0,47.0,0.0,10.0,31
1996-02-25,30.0,Good,NO2,77.0,60.0,0.0,19.0,68
1996-02-26,26.0,Good,NO2,78.0,63.0,0.08,18.0,72
1996-02-27,37.0,Good,NO2,71.0,56.0,0.29,16.0,68
1996-02-28,25.0,Good,NO2,54.0,39.0,0.0,19.0,39
1996-02-29,58.0,Moderate,NO2,43.0,34.0,0.0,15.0,38
1996-03-01,56.0,Moderate,NO2,52.0,36.0,0.0,5.0,50
1996-03-02,48.0,Good,NO2,67.0,39.0,0.0,12.0,43
1996-03-03,54.0,Moderate,Ozone,71.0,44.0,0.0,16.0,44
1996-03-04,38.0,Good,Ozone,70.0,52.0,0.02,22.0,71
1996-03-05,53.0,Moderate,NO2,84.0,64.0,0.03,22.0,71
1996-03-06,37.0,Good,NO2,70.0,40.0,0.0,24.0,58
1996-03-07,57.0,Moderate,NO2,43.0,29.0,0.0,22.0,34
1996-03-08,34.0,Good,NO2,40.0,27.0,0.0,15.0,29
1996-03-09,52.0,Moderate,NO2,44.0,24.0,0.0,6.0,37
1996-03-10,44.0,Good,NO2,59.0,31.0,0.0,12.0,36
1996-03-11,71.0,Moderate,Ozone,63.0,39.0,0.0,15.0,42
1996-03-12,49.0,Good,Ozone,71.0,44.0,0.0,21.0,54
1996-03-13,42.0,Good,Ozone,80.0,53.0,0.0,19.0,61
1996-03-14,41.0,Good,Ozone,82.0,58.0,0.03,21.0,65
1996-03-15,54.0,Moderate,NO2,71.0,51.0,0.0,13.0,54
1996-03-16,77.0,Moderate,Ozone,79.0,46.0,0.0,7.0,52
1996-03-17,80.0,Moderate,Ozone,74.0,51.0,0.01,9.0,63
1996-03-18,40.0,Good,NO2,61.0,42.0,0.48,26.0,64
1996-03-19,40.0,Good,Ozone,58.0,44.0,0.0,22.0,37
1996-03-20,55.0,Moderate,NO2,52.0,37.0,0.0,19.0,37
1996-03-21,71.0,Moderate,NO2,66.0,33.0,0.0,9.0,48
1996-03-22,54.0,Moderate,Ozone,76.0,47.0,0.0,17.0,50
1996-03-23,51.0,Moderate,Ozone,75.0,57.0,0.01,22.0,57
1996-03-24,39.0,Good,Ozone,77.0,60.0,0.21,21.0,71
1996-03-25,37.0,Good,Ozone,58.0,36.0,0.0,19.0,37
1996-03-26,36.0,Good,NO2,50.0,34.0,0.15,14.0,50
1996-03-27,38.0,Good,NO2,49.0,40.0,1.11,12.0,77
1996-03-28,41.0,Good,NO2,58.0,42.0,0.01,9.0,79
1996-03-29,84.0,Moderate,Ozone,69.0,44.0,0.01,14.0,74
1996-03-30,64.0,Moderate,Ozone,76.0,56.0,0.02,20.0,65
1996-03-31,46.0,Good,Ozone,64.0,45.0,0.0,20.0,59
1996-04-01,57.0,Moderate,NO2,66.0,43.0,0.0,8.0,52
1996-04-02,101.0,Unhealthy for Sensitive Groups,Ozone,74.0,47.0,0.0,15.0,40
1996-04-03,48.0,Good,Ozone,79.0,54.0,0.0,21.0,57
1996-04-04,32.0,Good,Ozone,65.0,56.0,0.07,17.0,69
1996-04-05,33.0,Good,CO,56.0,45.0,0.76,15.0,75
1996-04-06,52.0,Moderate,NO2,58.0,42.0,0.0,14.0,52
1996-04-07,67.0,Moderate,Ozone,69.0,39.0,0.0,13.0,56
1996-04-08,64.0,Moderate,Ozone,72.0,46.0,0.0,9.0,57
1996-04-09,112.0,Unhealthy for Sensitive Groups,Ozone,78.0,52.0,0.0,10.0,58
1996-04-10,115.0,Unhealthy for Sensitive Groups,Ozone,79.0,54.0,0.0,13.0,54
1996-04-11,50.0,Good,Ozone,82.0,62.0,0.0,23.0,60
1996-04-12,31.0,Good,Ozone,73.0,61.0,0.59,19.0,80
1996-04-13,58.0,Moderate,Ozone,77.0,54.0,0.0,19.0,74
1996-04-14,45.0,Good,Ozone,76.0,60.0,0.01,20.0,47
1996-04-15,44.0,Good,NO2,67.0,49.0,0.0,18.0,42
1996-04-16,64.0,Moderate,Ozone,75.0,48.0,0.0,14.0,42
1996-04-17,71.0,Moderate,Ozone,81.0,56.0,0.0,20.0,49
1996-04-18,71.0,Moderate,Ozone,90.0,64.0,0.0,20.0,53
1996-04-19,51.0,Moderate,Ozone,94.0,67.0,0.03,19.0,61
1996-04-20,46.0,Good,NO2,80.0,62.0,0.0,17.0,35
1996-04-21,43.0,Good,Ozone,88.0,64.0,0.16,27.0,65
1996-04-22,31.0,Good,NO2,73.0,57.0,1.34,21.0,82
1996-04-23,53.0,Moderate,NO2,71.0,51.0,0.0,11.0,61
1996-04-24,129.0,Unhealthy for Sensitive Groups,Ozone,83.0,53.0,0.0,20.0,48
1996-04-25,67.0,Moderate,Ozone,90.0,62.0,0.0,21.0,45
1996-04-26,54.0,Moderate,Ozone,81.0,58.0,0.0,11.0,36
1996-04-27,52.0,Moderate,PM10,83.0,59.0,0.0,21.0,51
1996-04-28,36.0,Good,Ozone,89.0,64.0,0.47,25.0,64
1996-04-29,43.0,Good,NO2,66.0,50.0,0.27,19.0,54
1996-04-30,64.0,Moderate,Ozone,75.0,48.0,0.0,18.0,46
1996-05-01,84.0,Moderate,Ozone,80.0,56.0,0.0,18.0,52
1996-05-02,43.0,Good,Ozone,80.0,63.0,0.0,16.0,71
1996-05-03,44.0,Good,Ozone,87.0,68.0,0.01,20.0,68
1996-05-04,58.0,Moderate,Ozone,88.0,67.0,0.0,20.0,63
1996-05-05,44.0,Good,Ozone,89.0,69.0,0.02,20.0,66
1996-05-06,30.0,Good,Ozone,79.0,73.0,0.37,18.0,80
1996-05-07,33.0,Good,Ozone,84.0,71.0,0.06,19.0,73
1996-05-08,46.0,Good,Ozone,85.0,69.0,0.07,19.0,71
1996-05-09,51.0,Moderate,PM10,86.0,70.0,0.04,19.0,70
1996-05-10,37.0,Good,Ozone,86.0,71.0,0.52,18.0,74
1996-05-11,37.0,Good,NO2,78.0,64.0,0.12,14.0,79
1996-05-12,40.0,Good,Ozone,77.0,61.0,0.01,6.0,77
1996-05-13,26.0,Good,NO2,83.0,69.0,0.41,10.0,81
1996-05-14,46.0,Good,Ozone,87.0,67.0,0.0,20.0,67
1996-05-15,39.0,Good,Ozone,90.0,71.0,0.0,21.0,62
1996-05-16,44.0,Good,Ozone,91.0,71.0,0.0,20.0,60
1996-05-17,39.0,Good,Ozone,92.0,70.0,0.0,20.0,57
1996-05-18,40.0,Good,Ozone,92.0,72.0,0.0,20.0,55
1996-05-19,39.0,Good,Ozone,92.0,71.0,0.0,22.0,55
1996-05-20,41.0,Good,Ozone,93.0,72.0,0.0,22.0,55
1996-05-21,51.0,Moderate,Ozone,94.0,74.0,0.0,16.0,58
1996-05-22,47.0,Good,Ozone,94.0,76.0,0.0,18.0,48
1996-05-23,48.0,Good,Ozone,96.0,72.0,0.0,20.0,51
1996-05-24,80.0,Moderate,Ozone,94.0,73.0,0.0,18.0,50
1996-05-25,61.0,Moderate,Ozone,93.0,74.0,0.01,16.0,55
1996-05-26,39.0,Good,Ozone,93.0,77.0,0.02,22.0,57
1996-05-27,93.0,Moderate,Ozone,96.0,73.0,0.26,16.0,57
1996-05-28,93.0,Moderate,Ozone,93.0,77.0,0.03,13.0,65
1996-05-29,115.0,Unhealthy for Sensitive Groups,Ozone,89.0,72.0,0.07,13.0,66
1996-05-30,84.0,Moderate,Ozone,88.0,72.0,0.02,14.0,75
1996-05-31,44.0,Good,Ozone,87.0,73.0,0.26,14.0,74
1996-06-01,50.0,Good,Ozone,89.0,76.0,0.03,14.0,67
1996-06-02,119.0,Unhealthy for Sensitive Groups,Ozone,85.0,70.0,0.19,7.0,77
1996-06-03,212.0,Very Unhealthy,Ozone,87.0,70.0,0.0,7.0,68
1996-06-04,97.0,Moderate,Ozone,85.0,71.0,0.03,12.0,68
1996-06-05,67.0,Moderate,Ozone,92.0,72.0,0.02,17.0,66
1996-06-06,49.0,Good,Ozone,92.0,74.0,0.0,19.0,58
1996-06-07,64.0,Moderate,Ozone,87.0,71.0,0.02,17.0,60
1996-06-08,80.0,Moderate,Ozone,82.0,65.0,0.0,17.0,48
1996-06-09,140.0,Unhealthy for Sensitive Groups,Ozone,85.0,62.0,0.0,6.0,52
1996-06-10,80.0,Moderate,Ozone,88.0,68.0,0.27,15.0,64
1996-06-11,97.0,Moderate,Ozone,91.0,71.0,0.0,13.0,62
1996-06-12,46.0,Good,NO2,90.0,74.0,0.12,13.0,63
1996-06-13,71.0,Moderate,Ozone,92.0,74.0,0.03,9.0,66
1996-06-14,93.0,Moderate,Ozone,92.0,76.0,0.02,7.0,63
1996-06-15,80.0,Moderate,Ozone,92.0,77.0,0.02,8.0,64
1996-06-16,49.0,Good,Ozone,96.0,78.0,0.0,9.0,56
1996-06-17,54.0,Moderate,Ozone,97.0,78.0,0.04,9.0,53
1996-06-18,129.0,Unhealthy for Sensitive Groups,Ozone,98.0,78.0,0.0,14.0,57
1996-06-19,77.0,Moderate,Ozone,99.0,79.0,0.02,14.0,54
1996-06-20,126.0,Unhealthy for Sensitive Groups,Ozone,100.0,79.0,0.0,12.0,52
1996-06-21,93.0,Moderate,Ozone,94.0,75.0,0.0,10.0,61
1996-06-22,44.0,Good,Ozone,93.0,77.0,0.0,14.0,59
1996-06-23,45.0,Good,Ozone,92.0,76.0,0.02,13.0,64
1996-06-24,43.0,Good,Ozone,91.0,77.0,0.02,13.0,68
1996-06-25,38.0,Good,Ozone,90.0,76.0,0.07,11.0,72
1996-06-26,41.0,Good,PM10,90.0,77.0,0.18,13.0,75
1996-06-27,42.0,Good,Ozone,93.0,77.0,0.0,10.0,64
1996-06-28,58.0,Moderate,Ozone,93.0,77.0,0.0,10.0,63
1996-06-29,97.0,Moderate,Ozone,92.0,77.0,0.02,9.0,67
1996-06-30,129.0,Unhealthy for Sensitive Groups,Ozone,94.0,77.0,0.0,8.0,55
1996-07-01,147.0,Unhealthy for Sensitive Groups,Ozone,97.0,78.0,0.0,10.0,49
1996-07-02,166.0,Unhealthy,Ozone,100.0,80.0,0.02,11.0,47
1996-07-03,212.0,Very Unhealthy,Ozone,99.0,80.0,0.0,5.0,45
1996-07-04,205.0,Very Unhealthy,Ozone,101.0,82.0,0.0,11.0,43
1996-07-05,156.0,Unhealthy,Ozone,101.0,82.0,0.0,13.0,43
1996-07-06,100.0,Moderate,Ozone,103.0,83.0,0.0,14.0,39
1996-07-07,156.0,Unhealthy,Ozone,103.0,84.0,0.01,13.0,42
1996-07-08,172.0,Unhealthy,Ozone,99.0,83.0,0.01,13.0,47
1996-07-09,58.0,Moderate,Ozone,94.0,78.0,0.62,10.0,66
1996-07-10,67.0,Moderate,Ozone,86.0,74.0,0.58,13.0,82
1996-07-11,43.0,Good,NO2,89.0,77.0,0.04,12.0,72
1996-07-12,33.0,Good,NO2,84.0,78.0,0.2,9.0,72
1996-07-13,97.0,Moderate,Ozone,89.0,75.0,0.02,7.0,73
1996-07-14,42.0,Good,Ozone,88.0,79.0,0.16,9.0,72
1996-07-15,80.0,Moderate,Ozone,88.0,74.0,0.03,5.0,78
1996-07-16,34.0,Good,Ozone,92.0,76.0,0.34,14.0,68
1996-07-17,35.0,Good,Ozone,93.0,79.0,0.0,13.0,63
1996-07-18,36.0,Good,Ozone,94.0,79.0,0.0,13.0,62
1996-07-19,37.0,Good,Ozone,96.0,79.0,0.0,13.0,61
1996-07-20,44.0,Good,Ozone,98.0,81.0,0.0,13.0,50
1996-07-21,44.0,Good,Ozone,100.0,80.0,0.0,14.0,46
1996-07-22,50.0,Good,Ozone,99.0,80.0,0.0,12.0,46
1996-07-23,35.0,Good,NO2,96.0,82.0,0.02,10.0,51
1996-07-24,143.0,Unhealthy for Sensitive Groups,Ozone,92.0,79.0,0.04,12.0,67
1996-07-25,100.0,Moderate,Ozone,91.0,74.0,0.18,8.0,72
1996-07-26,58.0,Moderate,Ozone,92.0,75.0,0.01,11.0,71
1996-07-27,84.0,Moderate,Ozone,90.0,77.0,0.15,10.0,72
1996-07-28,48.0,Good,Ozone,94.0,75.0,0.0,9.0,65
1996-07-29,43.0,Good,Ozone,96.0,78.0,0.0,12.0,54
1996-07-30,40.0,Good,Ozone,94.0,79.0,0.01,13.0,55
1996-07-31,27.0,Good,NO2,90.0,78.0,0.15,10.0,70
1996-08-01,156.0,Unhealthy,Ozone,94.0,77.0,0.02,10.0,63
1996-08-02,53.0,Moderate,NO2,98.0,79.0,0.04,10.0,56
1996-08-03,40.0,Good,Ozone,99.0,82.0,0.04,13.0,53
1996-08-04,39.0,Good,Ozone,99.0,78.0,0.0,16.0,50
1996-08-05,35.0,Good,Ozone,99.0,80.0,0.0,17.0,52
1996-08-06,37.0,Good,Ozone,97.0,80.0,0.0,14.0,54
1996-08-07,43.0,Good,Ozone,96.0,78.0,0.0,12.0,58
1996-08-08,42.0,Good,NO2,91.0,80.0,0.39,7.0,68
1996-08-09,50.0,Good,NO2,88.0,75.0,0.85,9.0,83
1996-08-10,47.0,Good,Ozone,86.0,76.0,0.83,8.0,85
1996-08-11,133.0,Unhealthy for Sensitive Groups,Ozone,87.0,73.0,0.64,10.0,84
1996-08-12,64.0,Moderate,Ozone,85.0,70.0,0.64,10.0,76
1996-08-13,84.0,Moderate,Ozone,86.0,70.0,0.02,7.0,75
1996-08-14,119.0,Unhealthy for Sensitive Groups,Ozone,87.0,72.0,0.0,8.0,70
1996-08-15,87.0,Moderate,Ozone,88.0,73.0,0.03,7.0,70
1996-08-16,49.0,Good,NO2,86.0,75.0,0.06,8.0,71
1996-08-17,31.0,Good,Ozone,85.0,75.0,0.24,11.0,73
1996-08-18,37.0,Good,Ozone,88.0,75.0,0.07,11.0,69
1996-08-19,37.0,Good,Ozone,89.0,74.0,0.0,10.0,67
1996-08-20,51.0,Moderate,Ozone,90.0,73.0,0.0,9.0,68
1996-08-21,100.0,Moderate,Ozone,89.0,74.0,0.02,9.0,71
1996-08-22,39.0,Good,NO2,86.0,74.0,0.01,11.0,74
1996-08-23,67.0,Moderate,Ozone,83.0,74.0,0.01,8.0,76
1996-08-24,54.0,Moderate,Ozone,84.0,73.0,0.17,4.0,75
1996-08-25,44.0,Good,NO2,84.0,74.0,0.38,5.0,85
1996-08-26,43.0,Good,NO2,83.0,73.0,0.55,8.0,87
1996-08-27,30.0,Good,NO2,80.0,73.0,0.84,11.0,90
1996-08-28,28.0,Good,NO2,76.0,73.0,1.69,6.0,95
1996-08-29,25.0,Good,NO2,76.0,71.0,1.96,7.0,95
1996-08-30,50.0,Good,NO2,83.0,70.0,0.09,11.0,83
1996-08-31,46.0,Good,Ozone,80.0,71.0,0.57,8.0,86
1996-09-01,58.0,Moderate,Ozone,82.0,69.0,0.02,8.0,76
1996-09-02,105.0,Unhealthy for Sensitive Groups,Ozone,83.0,66.0,0.0,5.0,76
1996-09-03,53.0,Moderate,NO2,83.0,67.0,0.0,5.0,79
1996-09-04,112.0,Unhealthy for Sensitive Groups,Ozone,85.0,71.0,0.01,5.0,80
1996-09-05,122.0,Unhealthy for Sensitive Groups,Ozone,85.0,71.0,0.01,6.0,77
1996-09-06,179.0,Unhealthy,Ozone,86.0,73.0,0.02,5.0,76
1996-09-07,159.0,Unhealthy,Ozone,87.0,71.0,0.01,5.0,76
1996-09-08,67.0,Moderate,Ozone,87.0,75.0,0.26,6.0,81
1996-09-09,100.0,Moderate,Ozone,87.0,72.0,0.0,7.0,73
1996-09-10,115.0,Unhealthy for Sensitive Groups,Ozone,88.0,67.0,0.0,7.0,70
1996-09-11,122.0,Unhealthy for Sensitive Groups,Ozone,87.0,69.0,0.0,5.0,69
1996-09-12,115.0,Unhealthy for Sensitive Groups,Ozone,85.0,70.0,0.0,6.0,67
1996-09-13,67.0,Moderate,Ozone,84.0,71.0,0.04,6.0,74
1996-09-14,100.0,Moderate,Ozone,83.0,70.0,0.04,9.0,81
1996-09-15,37.0,Good,Ozone,86.0,71.0,0.65,19.0,78
1996-09-16,41.0,Good,Ozone,82.0,70.0,0.0,14.0,67
1996-09-17,71.0,Moderate,Ozone,83.0,65.0,0.0,9.0,76
1996-09-18,32.0,Good,NO2,82.0,70.0,0.22,11.0,81
1996-09-19,35.0,Good,NO2,81.0,72.0,0.29,11.0,87
1996-09-20,43.0,Good,NO2,82.0,67.0,0.45,12.0,85
1996-09-21,61.0,Moderate,Ozone,80.0,62.0,0.01,9.0,73
1996-09-22,80.0,Moderate,Ozone,84.0,62.0,0.0,12.0,71
1996-09-23,44.0,Good,Ozone,86.0,71.0,0.0,17.0,71
1996-09-24,27.0,Good,Ozone,81.0,73.0,0.06,12.0,81
1996-09-25,43.0,Good,Ozone,81.0,68.0,0.03,13.0,84
1996-09-26,20.0,Good,Ozone,83.0,63.0,0.38,19.0,80
1996-09-27,34.0,Good,NO2,62.0,56.0,0.03,16.0,68
1996-09-28,45.0,Good,NO2,71.0,51.0,0.0,8.0,64
1996-09-29,90.0,Moderate,Ozone,76.0,52.0,0.0,7.0,63
1996-09-30,67.0,Moderate,Ozone,75.0,54.0,0.0,6.0,67
1996-10-01,84.0,Moderate,Ozone,77.0,55.0,0.0,7.0,71
1996-10-02,119.0,Unhealthy for Sensitive Groups,Ozone,81.0,57.0,0.0,6.0,70
1996-10-03,42.0,Good,NO2,78.0,63.0,0.01,12.0,76
1996-10-04,42.0,Good,Ozone,74.0,62.0,0.0,9.0,78
1996-10-05,37.0,Good,Ozone,76.0,62.0,0.04,9.0,79
1996-10-06,44.0,Good,Ozone,78.0,61.0,0.0,9.0,75
1996-10-07,47.0,Good,NO2,78.0,59.0,0.0,9.0,75
1996-10-08,41.0,Good,NO2,72.0,60.0,0.07,13.0,74
1996-10-09,56.0,Moderate,NO2,80.0,54.0,0.0,6.0,68
1996-10-10,42.0,Good,NO2,76.0,59.0,0.0,9.0,55
1996-10-11,47.0,Good,Ozone,77.0,56.0,0.0,12.0,54
1996-10-12,119.0,Unhealthy for Sensitive Groups,Ozone,80.0,60.0,0.0,14.0,59
1996-10-13,115.0,Unhealthy for Sensitive Groups,Ozone,80.0,61.0,0.0,10.0,66
1996-10-14,58.0,Moderate,Ozone,79.0,60.0,0.0,11.0,70
1996-10-15,44.0,Good,Ozone,79.0,65.0,0.04,12.0,76
1996-10-16,42.0,Good,Ozone,80.0,65.0,0.0,15.0,73
1996-10-17,41.0,Good,Ozone,85.0,65.0,0.0,19.0,66
1996-10-18,46.0,Good,NO2,66.0,53.0,0.0,17.0,39
1996-10-19,54.0,Moderate,Ozone,73.0,52.0,0.0,16.0,43
1996-10-20,36.0,Good,Ozone,79.0,63.0,0.01,19.0,76
1996-10-21,30.0,Good,NO2,72.0,61.0,1.28,20.0,91
1996-10-22,37.0,Good,NO2,60.0,45.0,0.07,22.0,59
1996-10-23,49.0,Good,NO2,69.0,46.0,0.0,10.0,49
1996-10-24,40.0,Good,NO2,67.0,51.0,0.02,11.0,64
1996-10-25,24.0,Good,NO2,75.0,57.0,0.02,16.0,83
1996-10-26,27.0,Good,Ozone,78.0,64.0,0.07,12.0,86
1996-10-27,23.0,Good,NO2,80.0,70.0,0.99,17.0,92
1996-10-28,29.0,Good,NO2,76.0,70.0,0.3,11.0,85
1996-10-29,52.0,Moderate,NO2,75.0,60.0,0.03,19.0,71
1996-10-30,49.0,Good,NO2,71.0,53.0,0.0,8.0,60
1996-10-31,40.0,Good,NO2,73.0,55.0,0.04,12.0,82
1996-11-01,27.0,Good,NO2,71.0,49.0,0.9,15.0,81
1996-11-02,42.0,Good,NO2,63.0,42.0,0.0,10.0,65
1996-11-03,36.0,Good,NO2,59.0,42.0,0.0,9.0,61
1996-11-04,40.0,Good,NO2,69.0,50.0,0.0,17.0,73
1996-11-05,40.0,Good,NO2,75.0,58.0,0.01,15.0,85
1996-11-06,27.0,Good,NO2,71.0,67.0,2.15,15.0,93
1996-11-07,42.0,Good,NO2,67.0,49.0,1.69,19.0,65
1996-11-08,39.0,Good,NO2,58.0,47.0,0.0,18.0,49
1996-11-09,50.0,Good,NO2,66.0,39.0,0.0,13.0,64
1996-11-10,50.0,Good,NO2,63.0,45.0,0.0,11.0,75
1996-11-11,46.0,Good,NO2,71.0,46.0,0.0,8.0,83
1996-11-12,33.0,Good,NO2,70.0,55.0,0.07,10.0,85
1996-11-13,43.0,Good,NO2,70.0,58.0,0.0,14.0,79
1996-11-14,37.0,Good,Ozone,71.0,58.0,0.0,14.0,76
1996-11-15,36.0,Good,Ozone,69.0,59.0,0.02,20.0,79
1996-11-16,34.0,Good,Ozone,73.0,63.0,0.13,25.0,84
1996-11-17,24.0,Good,NO2,69.0,48.0,0.83,18.0,65
1996-11-18,43.0,Good,NO2,63.0,43.0,0.0,6.0,69
1996-11-19,39.0,Good,NO2,75.0,53.0,0.0,13.0,86
1996-11-20,33.0,Good,NO2,77.0,60.0,0.0,12.0,85
1996-11-21,27.0,Good,NO2,66.0,52.0,0.0,16.0,83
1996-11-22,33.0,Good,NO2,60.0,48.0,0.0,10.0,76
1996-11-23,31.0,Good,PM10,70.0,57.0,0.15,14.0,86
1996-11-24,19.0,Good,Ozone,64.0,34.0,3.38,26.0,92
1996-11-25,28.0,Good,NO2,42.0,32.0,0.17,21.0,72
1996-11-26,32.0,Good,NO2,47.0,32.0,0.0,9.0,71
1996-11-27,39.0,Good,NO2,48.0,33.0,0.0,6.0,72
1996-11-28,33.0,Good,CO,48.0,35.0,0.0,7.0,73
1996-11-29,32.0,Good,NO2,59.0,44.0,0.96,12.0,85
1996-11-30,31.0,Good,Ozone,62.0,43.0,0.02,22.0,76
1996-12-01,41.0,Good,NO2,52.0,38.0,0.0,18.0,61
1996-12-02,42.0,Good,NO2,62.0,41.0,0.0,18.0,63
1996-12-03,44.0,Good,NO2,56.0,41.0,0.0,9.0,61
1996-12-04,42.0,Good,NO2,60.0,38.0,0.05,13.0,80
1996-12-05,35.0,Good,NO2,61.0,42.0,0.07,17.0,66
1996-12-06,39.0,Good,NO2,69.0,51.0,0.0,17.0,54
1996-12-07,39.0,Good,NO2,61.0,45.0,0.0,10.0,63
1996-12-08,40.0,Good,NO2,64.0,36.0,0.0,11.0,63
1996-12-09,42.0,Good,Ozone,68.0,47.0,0.0,15.0,58
1996-12-10,36.0,Good,Ozone,73.0,57.0,0.0,21.0,78
1996-12-11,44.0,Good,NO2,76.0,57.0,0.0,17.0,67
1996-12-12,46.0,Good,NO2,67.0,51.0,0.0,9.0,74
1996-12-13,53.0,Moderate,NO2,70.0,45.0,0.0,7.0,86
1996-12-14,54.0,Moderate,NO2,67.0,52.0,0.03,17.0,89
1996-12-15,26.0,Good,Ozone,62.0,39.0,0.77,20.0,66
1996-12-16,40.0,Good,NO2,47.0,37.0,0.09,11.0,61
1996-12-17,33.0,Good,NO2,38.0,29.0,0.01,19.0,67
1996-12-18,42.0,Good,NO2,31.0,24.0,0.0,17.0,43
1996-12-19,43.0,Good,NO2,32.0,22.0,0.0,12.0,44
1996-12-20,40.0,Good,NO2,45.0,24.0,0.0,15.0,56
1996-12-21,36.0,Good,NO2,62.0,35.0,0.0,23.0,73
1996-12-22,29.0,Good,Ozone,70.0,57.0,0.0,20.0,81
1996-12-23,24.0,Good,Ozone,72.0,43.0,0.03,19.0,73
1996-12-24,34.0,Good,NO2,42.0,31.0,0.0,16.0,51
1996-12-25,35.0,Good,NO2,49.0,27.0,0.0,12.0,62
1996-12-26,30.0,Good,NO2,59.0,43.0,0.1,13.0,77
1996-12-27,31.0,Good,NO2,61.0,34.0,0.0,13.0,81
1996-12-28,41.0,Good,NO2,70.0,50.0,0.0,12.0,81
1996-12-29,47.0,Good,NO2,62.0,43.0,0.0,7.0,86
1996-12-30,34.0,Good,NO2,67.0,44.0,0.0,10.0,91
1996-12-31,30.0,Good,NO2,68.0,52.0,0.01,9.0,90
1997-01-01,31.0,Good,NO2,67.0,56.0,0.0,8.0,91
1997-01-02,27.0,Good,NO2,71.0,58.0,0.0,15.0,88
1997-01-03,19.0,Good,Ozone,74.0,62.0,0.0,23.0,83
1997-01-04,27.0,Good,Ozone,74.0,57.0,0.0,19.0,63
1997-01-05,26.0,Good,Ozone,56.0,45.0,0.0,12.0,51
1997-01-06,21.0,Good,NO2,44.0,37.0,0.1,14.0,65
1997-01-07,23.0,Good,NO2,39.0,35.0,0.0,11.0,52
1997-01-08,31.0,Good,NO2,39.0,33.0,0.56,9.0,84
1997-01-09,40.0,Good,NO2,49.0,30.0,0.0,13.0,75
1997-01-10,31.0,Good,NO2,38.0,26.0,0.0,17.0,58
1997-01-11,23.0,Good,Ozone,28.0,23.0,0.0,10.0,48
1997-01-12,20.0,Good,NO2,26.0,19.0,0.02,13.0,59
1997-01-13,25.0,Good,NO2,26.0,21.0,0.0,13.0,60
1997-01-14,27.0,Good,NO2,30.0,26.0,0.0,9.0,65
1997-01-15,38.0,Good,NO2,52.0,30.0,0.02,16.0,70
1997-01-16,29.0,Good,NO2,37.0,26.0,0.0,17.0,54
1997-01-17,47.0,Good,NO2,38.0,22.0,0.0,6.0,49
1997-01-18,44.0,Good,NO2,49.0,24.0,0.0,9.0,70
1997-01-19,48.0,Good,NO2,59.0,33.0,0.0,9.0,76
1997-01-20,42.0,Good,NO2,60.0,40.0,0.0,14.0,91
1997-01-21,28.0,Good,NO2,67.0,57.0,0.0,18.0,87
1997-01-22,59.0,Moderate,PM10,65.0,51.0,0.0,16.0,63
1997-01-23,48.0,Good,NO2,59.0,45.0,0.12,10.0,81
1997-01-24,38.0,Good,NO2,61.0,47.0,0.0,16.0,67
1997-01-25,42.0,Good,NO2,55.0,37.0,0.0,11.0,69
1997-01-26,41.0,Good,Ozone,65.0,45.0,0.0,20.0,72
1997-01-27,29.0,Good,Ozone,70.0,32.0,0.06,22.0,77
1997-01-28,36.0,Good,NO2,40.0,24.0,0.0,19.0,42
1997-01-29,54.0,Moderate,NO2,45.0,23.0,0.0,7.0,60
1997-01-30,55.0,Moderate,NO2,57.0,27.0,0.0,10.0,65
1997-01-31,48.0,Good,NO2,69.0,42.0,0.0,16.0,51
1997-02-01,48.0,Good,NO2,73.0,42.0,0.0,10.0,58
1997-02-02,56.0,Moderate,NO2,69.0,43.0,0.0,8.0,84
1997-02-03,42.0,Good,NO2,70.0,51.0,0.26,14.0,91
1997-02-04,31.0,Good,NO2,60.0,47.0,0.0,15.0,65
1997-02-05,31.0,Good,NO2,51.0,41.0,0.04,10.0,60
1997-02-06,30.0,Good,NO2,46.0,42.0,0.51,11.0,88
1997-02-07,23.0,Good,NO2,47.0,41.0,0.61,15.0,83
1997-02-08,23.0,Good,Ozone,43.0,37.0,0.0,15.0,67
1997-02-09,31.0,Good,NO2,43.0,36.0,0.04,5.0,72
1997-02-10,40.0,Good,NO2,51.0,35.0,0.0,5.0,76
1997-02-11,35.0,Good,NO2,55.0,34.0,0.0,12.0,75
1997-02-12,38.0,Good,NO2,50.0,41.0,1.76,14.0,90
1997-02-13,24.0,Good,NO2,45.0,38.0,0.26,15.0,85
1997-02-14,45.0,Good,NO2,53.0,39.0,0.0,12.0,71
1997-02-15,54.0,Moderate,NO2,60.0,34.0,0.0,10.0,71
1997-02-16,56.0,Moderate,NO2,63.0,39.0,0.0,8.0,73
1997-02-17,61.0,Moderate,Ozone,66.0,43.0,0.0,15.0,72
1997-02-18,42.0,Good,Ozone,66.0,49.0,0.0,19.0,75
1997-02-19,33.0,Good,NO2,65.0,58.0,0.97,14.0,90
1997-02-20,35.0,Good,NO2,67.0,62.0,0.54,20.0,93
1997-02-21,35.0,Good,NO2,61.0,47.0,0.0,19.0,68
1997-02-22,44.0,Good,NO2,58.0,38.0,0.0,8.0,65
1997-02-23,42.0,Good,NO2,58.0,43.0,0.0,11.0,60
1997-02-24,38.0,Good,NO2,52.0,47.0,0.16,13.0,67
1997-02-25,28.0,Good,NO2,48.0,44.0,0.32,13.0,86
1997-02-26,33.0,Good,NO2,53.0,44.0,0.91,14.0,88
1997-02-27,37.0,Good,NO2,58.0,36.0,0.0,9.0,72
1997-02-28,42.0,Good,NO2,69.0,45.0,0.0,14.0,84
1997-03-01,27.0,Good,NO2,67.0,57.0,0.42,13.0,93
1997-03-02,33.0,Good,NO2,55.0,44.0,1.27,18.0,81
1997-03-03,40.0,Good,NO2,72.0,36.0,0.0,16.0,73
1997-03-04,36.0,Good,Ozone,75.0,51.0,0.0,13.0,74
1997-03-05,40.0,Good,NO2,66.0,46.0,0.31,21.0,68
1997-03-06,55.0,Moderate,NO2,60.0,38.0,0.0,8.0,59
1997-03-07,39.0,Good,NO2,59.0,47.0,0.01,12.0,68
1997-03-08,31.0,Good,Ozone,73.0,56.0,0.03,13.0,82
1997-03-09,31.0,Good,Ozone,72.0,59.0,0.53,16.0,86
1997-03-10,53.0,Moderate,NO2,64.0,54.0,0.15,9.0,65
1997-03-11,51.0,Moderate,NO2,71.0,50.0,0.05,5.0,80
1997-03-12,37.0,Good,NO2,63.0,57.0,0.84,8.0,96
1997-03-13,31.0,Good,NO2,70.0,59.0,0.07,9.0,85
1997-03-14,36.0,Good,Ozone,58.0,43.0,0.0,20.0,59
1997-03-15,38.0,Good,Ozone,55.0,35.0,0.0,10.0,54
1997-03-16,31.0,Good,Ozone,52.0,47.0,0.06,10.0,67
1997-03-17,27.0,Good,NO2,70.0,52.0,0.06,15.0,93
1997-03-18,26.0,Good,Ozone,74.0,56.0,0.03,21.0,82
1997-03-19,35.0,Good,NO2,58.0,49.0,0.0,16.0,68
1997-03-20,69.0,Moderate,NO2,71.0,41.0,0.0,5.0,76
1997-03-21,64.0,Moderate,Ozone,80.0,51.0,0.0,10.0,71
1997-03-22,50.0,Good,Ozone,71.0,57.0,0.0,15.0,63
1997-03-23,51.0,Moderate,NO2,72.0,53.0,0.0,10.0,62
1997-03-24,39.0,Good,Ozone,76.0,60.0,0.0,22.0,72
1997-03-25,36.0,Good,NO2,68.0,54.0,0.35,20.0,72
1997-03-26,55.0,Moderate,NO2,65.0,46.0,0.0,9.0,58
1997-03-27,51.0,Moderate,NO2,73.0,47.0,0.0,19.0,75
1997-03-28,47.0,Good,Ozone,75.0,61.0,0.0,20.0,61
1997-03-29,80.0,Moderate,Ozone,79.0,51.0,0.0,14.0,68
1997-03-30,44.0,Good,Ozone,71.0,55.0,0.0,23.0,54
1997-03-31,47.0,Good,Ozone,66.0,48.0,0.0,12.0,55
1997-04-01,47.0,Good,Ozone,70.0,55.0,0.02,12.0,68
1997-04-02,36.0,Good,Ozone,71.0,57.0,0.01,13.0,79
1997-04-03,35.0,Good,Ozone,70.0,60.0,0.74,17.0,87
1997-04-04,34.0,Good,Ozone,69.0,63.0,3.46,18.0,98
1997-04-05,49.0,Good,Ozone,74.0,54.0,0.07,19.0,56
1997-04-06,43.0,Good,NO2,63.0,53.0,0.0,16.0,49
1997-04-07,51.0,Moderate,Ozone,68.0,46.0,0.0,12.0,57
1997-04-08,42.0,Good,Ozone,66.0,57.0,0.07,14.0,70
1997-04-09,45.0,Good,Ozone,63.0,51.0,0.0,12.0,74
1997-04-10,54.0,Moderate,Ozone,73.0,54.0,0.0,18.0,69
1997-04-11,38.0,Good,Ozone,65.0,46.0,1.06,19.0,77
1997-04-12,45.0,Good,Ozone,51.0,36.0,0.0,20.0,53
1997-04-13,50.0,Good,NO2,54.0,36.0,0.0,10.0,55
1997-04-14,55.0,Moderate,NO2,62.0,42.0,0.0,6.0,62
1997-04-15,74.0,Moderate,Ozone,68.0,42.0,0.0,9.0,66
1997-04-16,108.0,Unhealthy for Sensitive Groups,Ozone,73.0,48.0,0.0,8.0,71
1997-04-17,84.0,Moderate,Ozone,71.0,54.0,0.03,10.0,65
1997-04-18,93.0,Moderate,Ozone,72.0,51.0,0.02,14.0,72
1997-04-19,77.0,Moderate,Ozone,74.0,58.0,0.05,9.0,76
1997-04-20,54.0,Moderate,Ozone,80.0,56.0,0.19,16.0,78
1997-04-21,71.0,Moderate,Ozone,84.0,61.0,0.39,14.0,80
1997-04-22,49.0,Good,Ozone,71.0,60.0,0.43,20.0,70
1997-04-23,43.0,Good,Ozone,70.0,54.0,0.0,13.0,60
1997-04-24,38.0,Good,Ozone,66.0,55.0,0.29,16.0,72
1997-04-25,39.0,Good,Ozone,61.0,54.0,1.19,18.0,82
1997-04-26,38.0,Good,Ozone,55.0,54.0,0.5,14.0,91
1997-04-27,37.0,Good,Ozone,60.0,53.0,0.08,15.0,80
1997-04-28,80.0,Moderate,Ozone,72.0,56.0,0.0,14.0,61
1997-04-29,74.0,Moderate,Ozone,80.0,55.0,0.0,19.0,68
1997-04-30,46.0,Good,Ozone,80.0,64.0,0.0,20.0,62
1997-05-01,47.0,Good,Ozone,78.0,53.0,0.0,18.0,66
1997-05-02,49.0,Good,Ozone,85.0,66.0,0.07,21.0,64
1997-05-03,47.0,Good,NO2,71.0,54.0,0.0,14.0,51
1997-05-04,58.0,Moderate,Ozone,76.0,52.0,0.0,11.0,63
1997-05-05,64.0,Moderate,Ozone,80.0,62.0,0.0,17.0,64
1997-05-06,51.0,Moderate,Ozone,79.0,64.0,0.0,11.0,75
1997-05-07,35.0,Good,Ozone,80.0,65.0,0.01,17.0,73
1997-05-08,31.0,Good,Ozone,83.0,66.0,0.0,15.0,71
1997-05-09,39.0,Good,NO2,71.0,59.0,0.71,17.0,75
1997-05-10,84.0,Moderate,Ozone,73.0,53.0,0.0,9.0,56
1997-05-11,108.0,Unhealthy for Sensitive Groups,Ozone,77.0,56.0,0.0,6.0,65
1997-05-12,51.0,Moderate,NO2,69.0,57.0,0.0,15.0,69
1997-05-13,46.0,Good,Ozone,78.0,50.0,0.0,10.0,66
1997-05-14,67.0,Moderate,Ozone,83.0,64.0,0.02,12.0,71
1997-05-15,41.0,Good,Ozone,78.0,64.0,0.73,10.0,84
1997-05-16,84.0,Moderate,Ozone,80.0,62.0,0.0,8.0,68
1997-05-17,64.0,Moderate,Ozone,83.0,64.0,0.0,9.0,78
1997-05-18,43.0,Good,Ozone,83.0,67.0,0.0,15.0,75
1997-05-19,29.0,Good,Ozone,82.0,69.0,0.33,13.0,81
1997-05-20,22.0,Good,NO2,70.0,65.0,0.54,12.0,93
1997-05-21,33.0,Good,Ozone,69.0,65.0,0.03,12.0,81
1997-05-22,61.0,Moderate,Ozone,74.0,64.0,0.0,9.0,75
1997-05-23,29.0,Good,NO2,77.0,66.0,0.71,9.0,91
1997-05-24,33.0,Good,Ozone,80.0,68.0,0.07,11.0,85
1997-05-25,34.0,Good,Ozone,85.0,68.0,0.0,16.0,80
1997-05-26,41.0,Good,Ozone,89.0,74.0,0.0,16.0,78
1997-05-27,33.0,Good,Ozone,83.0,71.0,0.17,10.0,85
1997-05-28,48.0,Good,Ozone,78.0,65.0,0.0,11.0,73
1997-05-29,64.0,Moderate,Ozone,82.0,62.0,0.0,11.0,73
1997-05-30,44.0,Good,NO2,82.0,70.0,0.4,15.0,86
1997-05-31,61.0,Moderate,Ozone,79.0,64.0,0.0,14.0,69
1997-06-01,112.0,Unhealthy for Sensitive Groups,Ozone,82.0,59.0,0.0,9.0,66
1997-06-02,177.0,Unhealthy,Ozone,83.0,62.0,0.0,6.0,67
1997-06-03,100.0,Moderate,Ozone,83.0,65.0,0.0,7.0,66
1997-06-04,122.0,Unhealthy for Sensitive Groups,Ozone,83.0,67.0,0.0,8.0,71
1997-06-05,87.0,Moderate,Ozone,81.0,68.0,0.0,9.0,67
1997-06-06,97.0,Moderate,Ozone,82.0,65.0,0.0,10.0,68
1997-06-07,126.0,Unhealthy for Sensitive Groups,Ozone,83.0,69.0,0.0,8.0,70
1997-06-08,87.0,Moderate,Ozone,83.0,67.0,0.05,6.0,84
1997-06-09,74.0,Moderate,Ozone,83.0,71.0,0.82,6.0,85
1997-06-10,105.0,Unhealthy for Sensitive Groups,Ozone,82.0,69.0,0.04,7.0,84
1997-06-11,133.0,Unhealthy for Sensitive Groups,Ozone,86.0,68.0,0.0,8.0,79
1997-06-12,47.0,Good,Ozone,90.0,74.0,0.0,14.0,73
1997-06-13,35.0,Good,Ozone,89.0,74.0,0.81,15.0,78
1997-06-14,101.0,Unhealthy for Sensitive Groups,Ozone,89.0,72.0,0.0,8.0,82
1997-06-15,45.0,Good,Ozone,88.0,76.0,0.09,12.0,82
1997-06-16,36.0,Good,Ozone,87.0,76.0,0.26,18.0,78
1997-06-17,77.0,Moderate,Ozone,84.0,72.0,0.81,10.0,76
1997-06-18,140.0,Unhealthy for Sensitive Groups,Ozone,88.0,69.0,0.0,7.0,67
1997-06-19,44.0,Good,Ozone,88.0,71.0,0.07,14.0,77
1997-06-20,32.0,Good,Ozone,89.0,75.0,0.02,17.0,75
1997-06-21,55.0,Moderate,PM10,86.0,76.0,0.02,18.0,76
1997-06-22,23.0,Good,NO2,85.0,74.0,0.26,16.0,79
1997-06-23,26.0,Good,NO2,87.0,74.0,0.07,15.0,79
1997-06-24,29.0,Good,Ozone,89.0,73.0,0.0,12.0,73
1997-06-25,67.0,Moderate,Ozone,89.0,71.0,0.01,6.0,73
1997-06-26,43.0,Good,NO2,89.0,73.0,0.0,6.0,73
1997-06-27,50.0,Good,Ozone,90.0,76.0,0.11,7.0,75
1997-06-28,32.0,Good,Ozone,89.0,76.0,0.07,11.0,71
1997-06-29,31.0,Good,Ozone,90.0,76.0,0.0,14.0,69
1997-06-30,33.0,Good,Ozone,93.0,76.0,0.0,14.0,66
1997-07-01,35.0,Good,Ozone,94.0,77.0,0.0,15.0,65
1997-07-02,38.0,Good,Ozone,95.0,76.0,0.0,12.0,64
1997-07-03,62.0,Moderate,PM10,95.0,78.0,0.0,11.0,63
1997-07-04,44.0,Good,Ozone,90.0,76.0,0.19,12.0,67
1997-07-05,41.0,Good,NO2,83.0,70.0,0.14,11.0,67
1997-07-06,45.0,Good,NO2,83.0,72.0,0.29,8.0,81
1997-07-07,45.0,Good,Ozone,89.0,70.0,0.05,9.0,78
1997-07-08,39.0,Good,Ozone,92.0,75.0,0.01,12.0,67
1997-07-09,34.0,Good,PM10,92.0,76.0,0.0,11.0,64
1997-07-10,32.0,Good,Ozone,91.0,78.0,0.0,13.0,64
1997-07-11,31.0,Good,Ozone,93.0,78.0,0.0,13.0,60
1997-07-12,34.0,Good,Ozone,94.0,76.0,0.0,12.0,61
1997-07-13,40.0,Good,Ozone,95.0,78.0,0.0,11.0,56
1997-07-14,150.0,Unhealthy for Sensitive Groups,Ozone,95.0,77.0,0.0,8.0,56
1997-07-15,67.0,Moderate,Ozone,96.0,77.0,0.0,9.0,57
1997-07-16,140.0,Unhealthy for Sensitive Groups,Ozone,95.0,76.0,0.0,6.0,65
1997-07-17,174.0,Unhealthy,Ozone,96.0,78.0,0.0,8.0,58
1997-07-18,112.0,Unhealthy for Sensitive Groups,Ozone,94.0,79.0,0.0,8.0,58
1997-07-19,84.0,Moderate,Ozone,95.0,78.0,0.01,9.0,58
1997-07-20,71.0,Moderate,Ozone,94.0,78.0,0.0,7.0,59
1997-07-21,46.0,Good,Ozone,96.0,79.0,0.01,7.0,58
1997-07-22,64.0,Moderate,Ozone,96.0,80.0,0.01,9.0,55
1997-07-23,108.0,Unhealthy for Sensitive Groups,Ozone,97.0,80.0,0.02,6.0,53
1997-07-24,93.0,Moderate,Ozone,98.0,80.0,0.01,8.0,53
1997-07-25,84.0,Moderate,Ozone,94.0,81.0,0.0,8.0,57
1997-07-26,90.0,Moderate,Ozone,96.0,80.0,0.0,9.0,56
1997-07-27,58.0,Moderate,Ozone,95.0,81.0,0.0,7.0,57
1997-07-28,122.0,Unhealthy for Sensitive Groups,Ozone,96.0,81.0,0.0,5.0,57
1997-07-29,179.0,Unhealthy,Ozone,99.0,81.0,0.0,13.0,58
1997-07-30,84.0,Moderate,Ozone,91.0,79.0,0.03,12.0,67
1997-07-31,140.0,Unhealthy for Sensitive Groups,Ozone,92.0,78.0,0.0,11.0,58
1997-08-01,169.0,Unhealthy,Ozone,93.0,76.0,0.0,10.0,54
1997-08-02,112.0,Unhealthy for Sensitive Groups,Ozone,90.0,74.0,0.0,8.0,61
1997-08-03,140.0,Unhealthy for Sensitive Groups,Ozone,93.0,75.0,0.0,5.0,56
1997-08-04,208.0,Very Unhealthy,Ozone,95.0,80.0,0.0,5.0,57
1997-08-05,105.0,Unhealthy for Sensitive Groups,Ozone,98.0,80.0,0.0,8.0,47
1997-08-06,119.0,Unhealthy for Sensitive Groups,Ozone,96.0,78.0,0.02,12.0,48
1997-08-07,33.0,Good,Ozone,83.0,65.0,1.69,14.0,88
1997-08-08,43.0,Good,Ozone,78.0,66.0,0.0,7.0,76
1997-08-09,32.0,Good,Ozone,86.0,70.0,0.01,10.0,81
1997-08-10,21.0,Good,Ozone,88.0,76.0,0.0,9.0,80
1997-08-11,29.0,Good,Ozone,90.0,78.0,0.0,13.0,71
1997-08-12,32.0,Good,Ozone,93.0,78.0,0.0,11.0,65
1997-08-13,41.0,Good,Ozone,93.0,78.0,0.0,9.0,66
1997-08-14,36.0,Good,Ozone,94.0,79.0,0.0,13.0,61
1997-08-15,38.0,Good,Ozone,96.0,79.0,0.0,18.0,57
1997-08-16,34.0,Good,Ozone,94.0,79.0,0.0,20.0,60
1997-08-17,31.0,Good,Ozone,96.0,80.0,0.0,19.0,60
1997-08-18,34.0,Good,Ozone,96.0,80.0,0.0,13.0,56
1997-08-19,30.0,Good,Ozone,93.0,80.0,0.0,13.0,57
1997-08-20,47.0,Good,Ozone,96.0,80.0,0.01,10.0,55
1997-08-21,151.0,Unhealthy,Ozone,95.0,77.0,0.02,7.0,70
1997-08-22,80.0,Moderate,Ozone,90.0,78.0,0.11,11.0,73
1997-08-23,74.0,Moderate,Ozone,85.0,72.0,0.0,9.0,69
1997-08-24,87.0,Moderate,Ozone,86.0,69.0,0.0,6.0,64
1997-08-25,112.0,Unhealthy for Sensitive Groups,Ozone,89.0,68.0,0.0,7.0,60
1997-08-26,147.0,Unhealthy for Sensitive Groups,Ozone,90.0,70.0,0.0,7.0,60
1997-08-27,185.0,Unhealthy,Ozone,92.0,72.0,0.0,7.0,57
1997-08-28,97.0,Moderate,Ozone,94.0,74.0,0.0,8.0,56
1997-08-29,71.0,Moderate,Ozone,94.0,76.0,0.0,9.0,55
1997-08-30,105.0,Unhealthy for Sensitive Groups,Ozone,95.0,77.0,0.0,8.0,49
1997-08-31,151.0,Unhealthy,Ozone,94.0,75.0,0.0,7.0,53
1997-09-01,147.0,Unhealthy for Sensitive Groups,Ozone,95.0,77.0,0.0,6.0,52
1997-09-02,185.0,Unhealthy,Ozone,96.0,79.0,0.05,5.0,61
1997-09-03,122.0,Unhealthy for Sensitive Groups,Ozone,97.0,78.0,0.05,11.0,64
1997-09-04,74.0,Moderate,Ozone,87.0,75.0,0.0,11.0,65
1997-09-05,119.0,Unhealthy for Sensitive Groups,Ozone,87.0,68.0,0.0,7.0,54
1997-09-06,161.0,Unhealthy,Ozone,89.0,66.0,0.0,6.0,48
1997-09-07,136.0,Unhealthy for Sensitive Groups,Ozone,93.0,67.0,0.0,6.0,48
1997-09-08,115.0,Unhealthy for Sensitive Groups,Ozone,96.0,75.0,0.0,9.0,54
1997-09-09,136.0,Unhealthy for Sensitive Groups,Ozone,97.0,78.0,0.03,17.0,48
1997-09-10,52.0,Moderate,NO2,88.0,73.0,0.0,12.0,45
1997-09-11,100.0,Moderate,Ozone,88.0,66.0,0.0,8.0,40
1997-09-12,136.0,Unhealthy for Sensitive Groups,Ozone,91.0,69.0,0.0,12.0,49
1997-09-13,49.0,Good,Ozone,93.0,76.0,0.0,12.0,58
1997-09-14,44.0,Good,Ozone,94.0,77.0,0.01,9.0,58
1997-09-15,49.0,Good,Ozone,95.0,78.0,0.06,11.0,58
1997-09-16,49.0,Good,Ozone,95.0,78.0,0.0,12.0,54
1997-09-17,48.0,Good,Ozone,96.0,79.0,0.0,12.0,54
1997-09-18,37.0,Good,Ozone,95.0,78.0,0.0,13.0,54
1997-09-19,46.0,Good,Ozone,95.0,78.0,0.0,13.0,54
1997-09-20,129.0,Unhealthy for Sensitive Groups,Ozone,92.0,77.0,0.0,14.0,55
1997-09-21,97.0,Moderate,Ozone,89.0,70.0,0.0,14.0,59
1997-09-22,44.0,Good,Ozone,89.0,75.0,0.11,14.0,65
1997-09-23,33.0,Good,Ozone,86.0,72.0,0.1,13.0,76
1997-09-24,29.0,Good,Ozone,76.0,71.0,0.01,16.0,67
1997-09-25,32.0,Good,NO2,74.0,67.0,0.0,13.0,66
1997-09-26,81.0,Moderate,NO2,82.0,60.0,0.0,6.0,66
1997-09-27,126.0,Unhealthy for Sensitive Groups,Ozone,88.0,63.0,0.0,10.0,58
1997-09-28,166.0,Unhealthy,Ozone,91.0,68.0,0.0,14.0,53
1997-09-29,101.0,Unhealthy for Sensitive Groups,Ozone,92.0,70.0,0.0,12.0,43
1997-09-30,64.0,Moderate,Ozone,93.0,74.0,0.0,10.0,51
1997-10-01,52.0,Moderate,NO2,93.0,73.0,0.01,9.0,55
1997-10-02,133.0,Unhealthy for Sensitive Groups,Ozone,92.0,71.0,0.0,12.0,55
1997-10-03,147.0,Unhealthy for Sensitive Groups,Ozone,91.0,72.0,0.0,11.0,52
1997-10-04,151.0,Unhealthy,Ozone,88.0,69.0,0.0,10.0,52
1997-10-05,44.0,Good,Ozone,86.0,69.0,0.0,10.0,62
1997-10-06,44.0,Good,Ozone,87.0,71.0,0.0,12.0,65
1997-10-07,32.0,Good,NO2,77.0,71.0,0.19,13.0,78
1997-10-08,20.0,Good,Ozone,83.0,70.0,0.4,16.0,87
1997-10-09,24.0,Good,NO2,81.0,72.0,0.61,13.0,88
1997-10-10,23.0,Good,Ozone,82.0,71.0,0.16,12.0,90
1997-10-11,24.0,Good,Ozone,77.0,72.0,0.29,15.0,84
1997-10-12,22.0,Good,Ozone,76.0,70.0,0.78,23.0,86
1997-10-13,30.0,Good,Ozone,70.0,56.0,0.02,16.0,51
1997-10-14,55.0,Moderate,NO2,70.0,50.0,0.0,8.0,55
1997-10-15,66.0,Moderate,NO2,74.0,51.0,0.0,6.0,65
1997-10-16,74.0,Moderate,NO2,74.0,56.0,0.0,6.0,68
1997-10-17,49.0,Good,NO2,70.0,54.0,0.0,10.0,70
1997-10-18,49.0,Good,Ozone,71.0,57.0,0.0,10.0,62
1997-10-19,53.0,Moderate,NO2,81.0,57.0,0.0,10.0,63
1997-10-20,44.0,Good,Ozone,79.0,57.0,0.0,8.0,69
1997-10-21,25.0,Good,NO2,66.0,56.0,0.1,14.0,78
1997-10-22,31.0,Good,NO2,64.0,54.0,0.0,8.0,71
1997-10-23,27.0,Good,NO2,69.0,54.0,0.68,11.0,87
1997-10-24,57.0,Moderate,NO2,80.0,58.0,0.0,11.0,71
1997-10-25,37.0,Good,NO2,76.0,54.0,0.2,18.0,68
1997-10-26,25.0,Good,Ozone,55.0,45.0,0.0,20.0,47
1997-10-27,51.0,Moderate,NO2,55.0,40.0,0.0,12.0,64
1997-10-28,46.0,Good,NO2,65.0,46.0,0.0,13.0,67
1997-10-29,36.0,Good,NO2,69.0,50.0,0.0,12.0,84
1997-10-30,34.0,Good,NO2,74.0,62.0,0.04,14.0,87
1997-10-31,84.0,Moderate,NO2,77.0,60.0,0.0,14.0,76
1997-11-01,56.0,Moderate,NO2,71.0,57.0,0.0,19.0,54
1997-11-02,34.0,Good,NO2,66.0,53.0,0.0,17.0,39
1997-11-03,51.0,Moderate,NO2,65.0,50.0,0.0,17.0,39
1997-11-04,43.0,Good,NO2,74.0,47.0,0.0,16.0,59
1997-11-05,32.0,Good,NO2,70.0,56.0,0.22,15.0,70
1997-11-06,34.0,Good,NO2,55.0,45.0,0.0,15.0,61
1997-11-07,47.0,Good,NO2,57.0,39.0,0.0,5.0,74
1997-11-08,38.0,Good,NO2,64.0,45.0,0.0,12.0,74
1997-11-09,22.0,Good,NO2,56.0,50.0,0.81,10.0,88
1997-11-10,19.0,Good,NO2,54.0,45.0,0.05,15.0,76
1997-11-11,25.0,Good,NO2,52.0,40.0,0.0,7.0,67
1997-11-12,15.0,Good,NO2,49.0,46.0,0.41,11.0,90
1997-11-13,16.0,Good,NO2,49.0,45.0,0.29,9.0,89
1997-11-14,17.0,Good,NO2,49.0,44.0,0.0,12.0,73
1997-11-15,28.0,Good,NO2,46.0,37.0,0.03,13.0,52
1997-11-16,44.0,Good,NO2,45.0,31.0,0.0,8.0,62
1997-11-17,49.0,Good,NO2,50.0,30.0,0.0,9.0,67
1997-11-18,37.0,Good,NO2,55.0,40.0,0.0,6.0,74
1997-11-19,41.0,Good,NO2,56.0,38.0,0.0,10.0,93
1997-11-20,42.0,Good,NO2,61.0,45.0,0.0,16.0,85
1997-11-21,50.0,Good,NO2,62.0,47.0,0.0,12.0,79
1997-11-22,47.0,Good,NO2,61.0,41.0,0.0,7.0,78
1997-11-23,52.0,Moderate,CO,64.0,40.0,0.0,8.0,77
1997-11-24,45.0,Good,NO2,65.0,46.0,0.0,13.0,72
1997-11-25,31.0,Good,NO2,65.0,53.0,0.0,16.0,85
1997-11-26,42.0,Good,NO2,72.0,63.0,0.0,17.0,83
1997-11-27,29.0,Good,NO2,73.0,64.0,0.0,22.0,82
1997-11-28,37.0,Good,NO2,68.0,55.0,1.03,16.0,83
1997-11-29,30.0,Good,CO,60.0,49.0,0.0,16.0,66
1997-11-30,21.0,Good,Ozone,56.0,46.0,0.0,15.0,68
1997-12-01,21.0,Good,NO2,54.0,50.0,0.0,7.0,73
1997-12-02,25.0,Good,NO2,55.0,51.0,0.83,13.0,87
1997-12-03,20.0,Good,NO2,55.0,44.0,0.01,14.0,79
1997-12-04,41.0,Good,NO2,58.0,35.0,0.0,9.0,66
1997-12-05,36.0,Good,NO2,46.0,34.0,0.0,11.0,60
1997-12-06,33.0,Good,NO2,44.0,33.0,0.0,6.0,62
1997-12-07,27.0,Good,NO2,44.0,41.0,0.66,13.0,75
1997-12-08,33.0,Good,NO2,66.0,43.0,0.0,9.0,83
1997-12-09,32.0,Good,NO2,67.0,48.0,0.0,15.0,59
1997-12-10,19.0,Good,NO2,47.0,38.0,0.0,15.0,59
1997-12-11,23.0,Good,NO2,42.0,36.0,0.0,15.0,59
1997-12-12,38.0,Good,NO2,39.0,34.0,0.0,12.0,63
1997-12-13,42.0,Good,NO2,45.0,31.0,0.0,10.0,64
1997-12-14,54.0,Moderate,NO2,54.0,32.0,0.0,8.0,72
1997-12-15,73.0,Moderate,NO2,60.0,32.0,0.0,11.0,74
1997-12-16,41.0,Good,NO2,62.0,42.0,0.0,11.0,66
1997-12-17,65.0,Moderate,NO2,58.0,38.0,0.0,9.0,71
1997-12-18,53.0,Moderate,CO,64.0,37.0,0.0,12.0,73
1997-12-19,42.0,Good,NO2,69.0,47.0,0.0,13.0,81
1997-12-20,28.0,Good,NO2,61.0,54.0,1.4,14.0,98
1997-12-21,24.0,Good,NO2,58.0,44.0,0.38,17.0,76
1997-12-22,24.0,Good,NO2,53.0,36.0,0.0,8.0,78
1997-12-23,20.0,Good,NO2,49.0,46.0,1.61,13.0,85
1997-12-24,21.0,Good,NO2,51.0,40.0,0.0,18.0,71
1997-12-25,26.0,Good,Ozone,48.0,35.0,0.09,8.0,78
1997-12-26,35.0,Good,NO2,42.0,36.0,0.15,12.0,80
1997-12-27,39.0,Good,NO2,47.0,31.0,0.0,13.0,69
1997-12-28,28.0,Good,NO2,49.0,36.0,0.0,23.0,59
1997-12-29,31.0,Good,NO2,56.0,34.0,0.0,18.0,49
1997-12-30,40.0,Good,NO2,62.0,34.0,0.0,10.0,66
1997-12-31,40.0,Good,NO2,52.0,35.0,0.0,11.0,58
1998-01-01,36.0,Good,NO2,59.0,39.0,0.01,15.0,70
1998-01-02,23.0,Good,NO2,65.0,57.0,0.02,17.0,84
1998-01-03,27.0,Good,NO2,66.0,62.0,0.04,17.0,82
1998-01-04,24.0,Good,NO2,63.0,61.0,2.37,18.0,98
1998-01-05,26.0,Good,NO2,66.0,59.0,0.46,7.0,91
1998-01-06,20.0,Good,NO2,64.0,53.0,0.46,15.0,93
1998-01-07,12.0,Good,NO2,51.0,37.0,0.81,18.0,92
1998-01-08,23.0,Good,NO2,44.0,35.0,0.24,14.0,84
1998-01-09,26.0,Good,NO2,56.0,30.0,0.0,11.0,80
1998-01-10,20.0,Good,NO2,47.0,41.0,0.0,9.0,84
1998-01-11,17.0,Good,NO2,50.0,41.0,0.83,5.0,94
1998-01-12,40.0,Good,NO2,67.0,48.0,0.0,15.0,84
1998-01-13,16.0,Good,CO,47.0,39.0,0.0,13.0,77
1998-01-14,20.0,Good,NO2,47.0,42.0,0.45,13.0,92
1998-01-15,42.0,Good,NO2,53.0,33.0,0.0,13.0,70
1998-01-16,34.0,Good,NO2,64.0,39.0,0.0,14.0,63
1998-01-17,40.0,Good,NO2,59.0,37.0,0.0,11.0,69
1998-01-18,30.0,Good,Ozone,62.0,45.0,0.0,16.0,68
1998-01-19,36.0,Good,NO2,52.0,35.0,0.0,13.0,79
1998-01-20,43.0,Good,NO2,61.0,43.0,0.0,17.0,87
1998-01-21,32.0,Good,NO2,56.0,46.0,0.32,14.0,91
1998-01-22,26.0,Good,NO2,48.0,39.0,0.1,15.0,75
1998-01-23,45.0,Good,PM10,50.0,31.0,0.0,11.0,72
1998-01-24,42.0,Good,NO2,55.0,31.0,0.0,9.0,74
1998-01-25,32.0,Good,NO2,56.0,40.0,0.18,15.0,75
1998-01-26,38.0,Good,NO2,56.0,44.0,0.4,21.0,77
1998-01-27,42.0,Good,NO2,60.0,33.0,0.0,10.0,78
1998-01-28,46.0,Good,NO2,66.0,46.0,0.0,16.0,69
1998-01-29,47.0,Good,NO2,65.0,42.0,0.0,10.0,76
1998-01-30,52.0,Moderate,NO2,67.0,40.0,0.0,10.0,77
1998-01-31,35.0,Good,NO2,60.0,51.0,0.37,14.0,90
1998-02-01,40.0,Good,Ozone,62.0,52.0,0.01,9.0,83
1998-02-02,52.0,Moderate,NO2,61.0,46.0,0.0,10.0,80
1998-02-03,42.0,Good,NO2,59.0,41.0,0.0,12.0,77
1998-02-04,39.0,Good,NO2,55.0,37.0,0.0,11.0,75
1998-02-05,25.0,Good,NO2,46.0,39.0,0.07,10.0,79
1998-02-06,33.0,Good,NO2,50.0,33.0,0.0,12.0,66
1998-02-07,48.0,Good,NO2,54.0,32.0,0.0,8.0,67
1998-02-08,44.0,Good,NO2,60.0,39.0,0.02,10.0,75
1998-02-09,33.0,Good,NO2,68.0,43.0,0.0,19.0,87
1998-02-10,27.0,Good,PM10,60.0,48.0,0.31,17.0,88
1998-02-11,54.0,Moderate,NO2,60.0,43.0,0.0,16.0,60
1998-02-12,51.0,Moderate,NO2,57.0,38.0,0.2,8.0,77
1998-02-13,44.0,Good,NO2,57.0,45.0,0.03,7.0,76
1998-02-14,53.0,Moderate,NO2,62.0,47.0,0.0,12.0,74
1998-02-15,31.0,Good,Ozone,53.0,48.0,0.02,12.0,84
1998-02-16,25.0,Good,NO2,50.0,47.0,0.17,8.0,89
1998-02-17,40.0,Good,NO2,55.0,46.0,0.02,18.0,75
1998-02-18,36.0,Good,NO2,63.0,37.0,0.11,8.0,76
1998-02-19,39.0,Good,NO2,54.0,45.0,0.06,12.0,86
1998-02-20,48.0,Good,NO2,65.0,38.0,0.0,6.0,73
1998-02-21,42.0,Good,NO2,59.0,44.0,0.25,11.0,78
1998-02-22,44.0,Good,Ozone,56.0,48.0,0.11,11.0,81
1998-02-23,50.0,Good,NO2,65.0,43.0,0.0,7.0,78
1998-02-24,49.0,Good,NO2,75.0,47.0,0.0,18.0,79
1998-02-25,34.0,Good,Ozone,71.0,59.0,0.69,19.0,85
1998-02-26,38.0,Good,Ozone,65.0,50.0,0.19,20.0,60
1998-02-27,37.0,Good,NO2,64.0,40.0,0.0,12.0,53
1998-02-28,47.0,Good,NO2,56.0,43.0,0.0,16.0,47
1998-03-01,47.0,Good,NO2,55.0,37.0,0.0,15.0,48
1998-03-02,41.0,Good,NO2,54.0,37.0,0.0,14.0,50
1998-03-03,106.0,Unhealthy for Sensitive Groups,NO2,57.0,33.0,0.0,10.0,63
1998-03-04,41.0,Good,Ozone,73.0,48.0,0.0,18.0,74
1998-03-05,25.0,Good,NO2,69.0,49.0,0.02,15.0,82
1998-03-06,28.0,Good,PM10,55.0,46.0,0.0,11.0,76
1998-03-07,25.0,Good,NO2,58.0,50.0,0.17,10.0,92
1998-03-08,35.0,Good,Ozone,53.0,36.0,0.26,26.0,74
1998-03-09,34.0,Good,NO2,45.0,29.0,0.0,18.0,55
1998-03-10,48.0,Good,NO2,44.0,26.0,0.0,12.0,51
1998-03-11,56.0,Moderate,NO2,51.0,28.0,0.0,14.0,59
1998-03-12,32.0,Good,NO2,47.0,26.0,0.0,12.0,59
1998-03-13,33.0,Good,NO2,50.0,43.0,0.0,10.0,76
1998-03-14,32.0,Good,NO2,61.0,49.0,1.19,11.0,92
1998-03-15,38.0,Good,Ozone,63.0,55.0,0.46,17.0,92
1998-03-16,42.0,Good,NO2,62.0,53.0,1.38,22.0,91
1998-03-17,30.0,Good,NO2,57.0,47.0,0.0,13.0,77
1998-03-18,49.0,Good,NO2,74.0,46.0,0.32,11.0,79
1998-03-19,34.0,Good,Ozone,61.0,42.0,0.33,23.0,69
1998-03-20,40.0,Good,Ozone,55.0,39.0,0.0,18.0,58
1998-03-21,68.0,Moderate,NO2,58.0,35.0,0.0,11.0,60
1998-03-22,64.0,Moderate,NO2,67.0,37.0,0.0,10.0,66
1998-03-23,87.0,Moderate,Ozone,76.0,51.0,0.0,16.0,61
1998-03-24,47.0,Good,Ozone,77.0,54.0,0.0,16.0,68
1998-03-25,48.0,Good,Ozone,76.0,59.0,0.0,21.0,75
1998-03-26,45.0,Good,Ozone,76.0,62.0,0.0,25.0,71
1998-03-27,41.0,Good,NO2,75.0,63.0,0.22,23.0,66
1998-03-28,44.0,Good,Ozone,80.0,60.0,0.0,20.0,67
1998-03-29,37.0,Good,Ozone,80.0,65.0,0.0,26.0,76
1998-03-30,29.0,Good,Ozone,78.0,66.0,0.85,23.0,79
1998-03-31,55.0,Moderate,NO2,66.0,52.0,0.13,14.0,52
1998-04-01,55.0,Moderate,NO2,77.0,49.0,0.0,10.0,51
1998-04-02,74.0,Moderate,Ozone,74.0,52.0,0.0,13.0,63
1998-04-03,41.0,Good,Ozone,68.0,56.0,0.0,19.0,47
1998-04-04,43.0,Good,NO2,63.0,46.0,0.0,11.0,67
1998-04-05,51.0,Moderate,Ozone,70.0,48.0,0.0,11.0,75
1998-04-06,58.0,Moderate,Ozone,70.0,55.0,0.03,20.0,76
1998-04-07,52.0,Moderate,NO2,80.0,60.0,0.0,19.0,58
1998-04-08,41.0,Good,NO2,71.0,58.0,0.01,18.0,57
1998-04-09,51.0,Moderate,NO2,70.0,50.0,0.0,13.0,52
1998-04-10,64.0,Moderate,Ozone,71.0,49.0,0.0,6.0,59
1998-04-11,97.0,Moderate,Ozone,76.0,51.0,0.0,15.0,56
1998-04-12,54.0,Moderate,Ozone,73.0,56.0,0.0,23.0,64
1998-04-13,57.0,Moderate,NO2,83.0,64.0,0.01,20.0,59
1998-04-14,67.0,Moderate,Ozone,81.0,64.0,0.0,15.0,74
1998-04-15,44.0,Good,Ozone,83.0,64.0,0.21,17.0,74
1998-04-16,44.0,Good,Ozone,72.0,57.0,0.06,16.0,63
1998-04-17,38.0,Good,Ozone,63.0,50.0,0.0,14.0,57
1998-04-18,50.0,Good,Ozone,68.0,53.0,0.0,8.0,63
1998-04-19,97.0,Moderate,Ozone,74.0,52.0,0.0,9.0,58
1998-04-20,87.0,Moderate,Ozone,76.0,54.0,0.46,18.0,61
1998-04-21,57.0,Moderate,NO2,69.0,48.0,0.22,14.0,63
1998-04-22,61.0,Moderate,NO2,72.0,49.0,0.0,12.0,55
1998-04-23,87.0,Moderate,Ozone,75.0,47.0,0.0,9.0,56
1998-04-24,105.0,Unhealthy for Sensitive Groups,Ozone,81.0,58.0,0.0,23.0,52
1998-04-25,80.0,Moderate,Ozone,81.0,63.0,0.0,23.0,55
1998-04-26,41.0,Good,Ozone,74.0,63.0,0.96,17.0,79
1998-04-27,36.0,Good,NO2,69.0,59.0,0.02,12.0,75
1998-04-28,32.0,Good,Ozone,63.0,53.0,0.0,12.0,67
1998-04-29,40.0,Good,NO2,68.0,48.0,0.0,9.0,67
1998-04-30,97.0,Moderate,Ozone,78.0,49.0,0.0,7.0,71
1998-05-01,126.0,Unhealthy for Sensitive Groups,Ozone,83.0,57.0,0.0,7.0,66
1998-05-02,150.0,Unhealthy for Sensitive Groups,Ozone,85.0,60.0,0.31,15.0,63
1998-05-03,71.0,Moderate,Ozone,76.0,60.0,0.0,12.0,61
1998-05-04,115.0,Unhealthy for Sensitive Groups,Ozone,82.0,56.0,0.0,14.0,61
1998-05-05,51.0,Moderate,PM10,86.0,68.0,0.0,19.0,72
1998-05-06,64.0,Moderate,Ozone,94.0,67.0,0.0,14.0,69
1998-05-07,136.0,Unhealthy for Sensitive Groups,Ozone,89.0,64.0,0.0,10.0,70
1998-05-08,126.0,Unhealthy for Sensitive Groups,Ozone,88.0,65.0,0.09,16.0,57
1998-05-09,77.0,Moderate,Ozone,83.0,67.0,0.06,19.0,56
1998-05-10,122.0,Unhealthy for Sensitive Groups,Ozone,82.0,61.0,0.0,13.0,62
1998-05-11,161.0,Unhealthy,Ozone,89.0,63.0,0.0,15.0,59
1998-05-12,126.0,Unhealthy for Sensitive Groups,Ozone,89.0,66.0,0.0,16.0,56
1998-05-13,67.0,Moderate,Ozone,85.0,67.0,0.0,14.0,64
1998-05-14,45.0,Good,Ozone,87.0,73.0,0.02,16.0,71
1998-05-15,70.0,Moderate,NO2,88.0,69.0,0.17,17.0,62
1998-05-16,143.0,Unhealthy for Sensitive Groups,Ozone,89.0,66.0,0.0,8.0,64
1998-05-17,45.0,Good,Ozone,90.0,72.0,0.0,11.0,63
1998-05-18,112.0,Unhealthy for Sensitive Groups,Ozone,92.0,70.0,0.0,13.0,54
1998-05-19,58.0,Moderate,Ozone,94.0,71.0,0.0,12.0,44
1998-05-20,71.0,Moderate,Ozone,93.0,72.0,0.0,13.0,56
1998-05-21,50.0,Good,NO2,92.0,72.0,0.0,14.0,60
1998-05-22,49.0,Good,Ozone,92.0,73.0,0.0,17.0,57
1998-05-23,45.0,Good,Ozone,92.0,72.0,0.0,16.0,60
1998-05-24,44.0,Good,Ozone,87.0,74.0,0.01,18.0,62
1998-05-25,42.0,Good,NO2,87.0,72.0,0.52,17.0,69
1998-05-26,129.0,Unhealthy for Sensitive Groups,Ozone,87.0,71.0,0.11,13.0,76
1998-05-27,87.0,Moderate,Ozone,83.0,72.0,0.52,11.0,82
1998-05-28,119.0,Unhealthy for Sensitive Groups,Ozone,92.0,71.0,0.0,7.0,74
1998-05-29,143.0,Unhealthy for Sensitive Groups,Ozone,94.0,75.0,0.0,10.0,63
1998-05-30,143.0,Unhealthy for Sensitive Groups,Ozone,96.0,74.0,0.0,12.0,61
1998-05-31,50.0,Good,Ozone,98.0,76.0,0.0,13.0,54
1998-06-01,61.0,Moderate,Ozone,100.0,77.0,0.0,15.0,52
1998-06-02,50.0,Good,Ozone,97.0,77.0,0.0,18.0,47
1998-06-03,39.0,Good,Ozone,98.0,77.0,0.0,19.0,55
1998-06-04,77.0,Moderate,Ozone,94.0,78.0,0.0,16.0,61
1998-06-05,36.0,Good,NO2,88.0,66.0,0.1,16.0,76
1998-06-06,64.0,Moderate,Ozone,78.0,64.0,0.0,15.0,54
1998-06-07,80.0,Moderate,Ozone,82.0,62.0,0.0,13.0,59
1998-06-08,33.0,Good,Ozone,92.0,72.0,0.03,26.0,65
1998-06-09,39.0,Good,Ozone,93.0,77.0,0.0,20.0,64
1998-06-10,32.0,Good,NO2,92.0,78.0,0.0,18.0,64
1998-06-11,36.0,Good,Ozone,90.0,77.0,0.21,19.0,64
1998-06-12,47.0,Good,Ozone,98.0,75.0,0.0,12.0,62
1998-06-13,54.0,Moderate,Ozone,99.0,79.0,0.0,15.0,58
1998-06-14,136.0,Unhealthy for Sensitive Groups,Ozone,98.0,81.0,0.0,18.0,43
1998-06-15,74.0,Moderate,Ozone,91.0,71.0,0.0,14.0,47
1998-06-16,136.0,Unhealthy for Sensitive Groups,Ozone,97.0,71.0,0.0,12.0,50
1998-06-17,38.0,Good,Ozone,98.0,78.0,0.0,21.0,54
1998-06-18,39.0,Good,Ozone,96.0,81.0,0.0,23.0,59
1998-06-19,35.0,Good,Ozone,99.0,79.0,0.13,17.0,58
1998-06-20,37.0,Good,Ozone,101.0,80.0,0.0,18.0,52
1998-06-21,36.0,Good,Ozone,100.0,78.0,0.0,19.0,48
1998-06-22,41.0,Good,Ozone,98.0,78.0,0.0,15.0,49
1998-06-23,37.0,Good,Ozone,97.0,80.0,0.0,13.0,49
1998-06-24,39.0,Good,Ozone,97.0,79.0,0.0,14.0,52
1998-06-25,40.0,Good,NO2,98.0,80.0,0.0,13.0,46
1998-06-26,35.0,Good,Ozone,93.0,80.0,0.0,12.0,56
1998-06-27,61.0,Moderate,Ozone,96.0,80.0,0.0,13.0,61
1998-06-28,50.0,Good,Ozone,95.0,80.0,0.0,12.0,63
1998-06-29,46.0,Good,Ozone,95.0,80.0,0.0,14.0,61
1998-06-30,47.0,Good,Ozone,98.0,80.0,0.0,12.0,53
1998-07-01,71.0,Moderate,Ozone,99.0,82.0,0.0,8.0,47
1998-07-02,58.0,Moderate,Ozone,99.0,82.0,0.0,13.0,48
1998-07-03,43.0,Good,Ozone,95.0,80.0,0.02,13.0,59
1998-07-04,28.0,Good,NO2,92.0,79.0,0.09,15.0,69
1998-07-05,34.0,Good,Ozone,94.0,79.0,0.0,10.0,65
1998-07-06,44.0,Good,Ozone,100.0,81.0,0.0,11.0,51
1998-07-07,54.0,Moderate,Ozone,102.0,83.0,0.0,12.0,43
1998-07-08,77.0,Moderate,Ozone,101.0,83.0,0.0,12.0,41
1998-07-09,61.0,Moderate,Ozone,100.0,84.0,0.0,11.0,42
1998-07-10,49.0,Good,PM10,102.0,84.0,0.0,11.0,42
1998-07-11,38.0,Good,Ozone,103.0,83.0,0.0,12.0,42
1998-07-12,71.0,Moderate,Ozone,107.0,84.0,0.05,14.0,46
1998-07-13,115.0,Unhealthy for Sensitive Groups,Ozone,98.0,80.0,0.01,10.0,61
1998-07-14,133.0,Unhealthy for Sensitive Groups,Ozone,99.0,80.0,0.0,9.0,57
1998-07-15,164.0,Unhealthy,Ozone,100.0,78.0,0.0,6.0,47
1998-07-16,185.0,Unhealthy,Ozone,101.0,82.0,0.0,8.0,44
1998-07-17,169.0,Unhealthy,Ozone,99.0,82.0,0.01,9.0,51
1998-07-18,159.0,Unhealthy,Ozone,98.0,79.0,0.01,8.0,56
1998-07-19,100.0,Moderate,Ozone,100.0,81.0,0.0,10.0,44
1998-07-20,61.0,Moderate,Ozone,99.0,82.0,0.0,9.0,44
1998-07-21,54.0,Moderate,NO2,99.0,82.0,0.0,10.0,41
1998-07-22,46.0,Good,Ozone,99.0,82.0,0.0,10.0,43
1998-07-23,50.0,Good,Ozone,100.0,83.0,0.0,11.0,43
1998-07-24,50.0,Good,Ozone,101.0,83.0,0.0,11.0,41
1998-07-25,46.0,Good,Ozone,101.0,83.0,0.0,12.0,39
1998-07-26,31.0,Good,Ozone,101.0,83.0,0.0,12.0,39
1998-07-27,41.0,Good,NO2,101.0,84.0,0.0,13.0,37
1998-07-28,48.0,Good,Ozone,102.0,85.0,0.0,11.0,37
1998-07-29,47.0,Good,Ozone,100.0,84.0,0.0,12.0,38
1998-07-30,35.0,Good,NO2,103.0,83.0,0.0,14.0,38
1998-07-31,41.0,Good,NO2,103.0,80.0,0.0,13.0,34
1998-08-01,67.0,Moderate,Ozone,104.0,82.0,0.0,9.0,27
1998-08-02,150.0,Unhealthy for Sensitive Groups,Ozone,103.0,80.0,0.0,6.0,35
1998-08-03,179.0,Unhealthy,Ozone,103.0,83.0,0.0,14.0,36
1998-08-04,90.0,Moderate,Ozone,91.0,83.0,0.11,8.0,60
1998-08-05,58.0,Moderate,Ozone,86.0,78.0,0.17,8.0,71
1998-08-06,44.0,Good,Ozone,85.0,77.0,0.08,7.0,67
1998-08-07,122.0,Unhealthy for Sensitive Groups,Ozone,92.0,73.0,0.0,9.0,62
1998-08-08,105.0,Unhealthy for Sensitive Groups,Ozone,95.0,76.0,0.0,11.0,66
1998-08-09,44.0,Good,NO2,98.0,80.0,0.0,10.0,51
1998-08-10,74.0,Moderate,Ozone,101.0,80.0,0.0,11.0,44
1998-08-11,101.0,Unhealthy for Sensitive Groups,Ozone,100.0,81.0,0.03,10.0,45
1998-08-12,74.0,Moderate,Ozone,98.0,81.0,0.03,12.0,52
1998-08-13,97.0,Moderate,Ozone,89.0,80.0,0.04,6.0,64
1998-08-14,100.0,Moderate,Ozone,91.0,78.0,0.06,4.0,66
1998-08-15,172.0,Unhealthy,Ozone,91.0,77.0,0.0,9.0,59
1998-08-16,172.0,Unhealthy,Ozone,94.0,76.0,0.0,8.0,56
1998-08-17,33.0,Good,Ozone,95.0,79.0,0.0,12.0,57
1998-08-18,40.0,Good,NO2,94.0,77.0,0.0,6.0,64
1998-08-19,112.0,Unhealthy for Sensitive Groups,Ozone,97.0,79.0,0.0,7.0,57
1998-08-20,129.0,Unhealthy for Sensitive Groups,Ozone,97.0,79.0,0.0,11.0,48
1998-08-21,122.0,Unhealthy for Sensitive Groups,Ozone,96.0,78.0,0.0,11.0,51
1998-08-22,61.0,Moderate,Ozone,95.0,78.0,0.0,11.0,53
1998-08-23,46.0,Good,Ozone,95.0,79.0,0.0,8.0,56
1998-08-24,44.0,Good,Ozone,96.0,79.0,0.0,9.0,59
1998-08-25,80.0,Moderate,Ozone,98.0,81.0,0.0,8.0,52
1998-08-26,90.0,Moderate,Ozone,99.0,81.0,0.0,8.0,45
1998-08-27,101.0,Unhealthy for Sensitive Groups,Ozone,100.0,82.0,0.0,8.0,43
1998-08-28,177.0,Unhealthy,Ozone,101.0,82.0,0.0,9.0,38
1998-08-29,150.0,Unhealthy for Sensitive Groups,Ozone,100.0,85.0,0.0,8.0,41
1998-08-30,159.0,Unhealthy,Ozone,98.0,79.0,0.0,8.0,41
1998-08-31,136.0,Unhealthy for Sensitive Groups,Ozone,98.0,80.0,0.0,8.0,46
1998-09-01,172.0,Unhealthy,Ozone,96.0,77.0,0.0,10.0,46
1998-09-02,222.0,Very Unhealthy,Ozone,98.0,77.0,0.0,6.0,44
1998-09-03,172.0,Unhealthy,Ozone,103.0,79.0,0.0,8.0,37
1998-09-04,164.0,Unhealthy,Ozone,105.0,83.0,0.0,15.0,30
1998-09-05,159.0,Unhealthy,Ozone,101.0,83.0,0.02,15.0,42
1998-09-06,71.0,Moderate,Ozone,96.0,78.0,0.0,10.0,42
1998-09-07,101.0,Unhealthy for Sensitive Groups,Ozone,97.0,78.0,0.0,9.0,50
1998-09-08,159.0,Unhealthy,Ozone,99.0,77.0,0.0,8.0,47
1998-09-09,159.0,Unhealthy,Ozone,94.0,80.0,0.0,14.0,39
1998-09-10,49.0,Good,Ozone,93.0,71.0,0.0,16.0,35
1998-09-11,33.0,Good,Ozone,82.0,71.0,1.17,21.0,77
1998-09-12,16.0,Good,NO2,71.0,69.0,1.08,21.0,94
1998-09-13,22.0,Good,NO2,75.0,69.0,0.17,9.0,95
1998-09-14,31.0,Good,Ozone,83.0,73.0,0.04,7.0,85
1998-09-15,19.0,Good,Ozone,83.0,73.0,0.19,9.0,89
1998-09-16,27.0,Good,NO2,78.0,73.0,3.45,10.0,90
1998-09-17,42.0,Good,NO2,84.0,72.0,0.0,6.0,80
1998-09-18,97.0,Moderate,Ozone,87.0,71.0,0.0,6.0,74
1998-09-19,164.0,Unhealthy,Ozone,88.0,73.0,0.0,6.0,73
1998-09-20,93.0,Moderate,Ozone,89.0,74.0,0.0,6.0,75
1998-09-21,77.0,Moderate,Ozone,91.0,75.0,0.0,8.0,74
1998-09-22,58.0,Moderate,Ozone,91.0,76.0,0.0,8.0,73
1998-09-23,84.0,Moderate,Ozone,87.0,76.0,0.03,7.0,80
1998-09-24,101.0,Unhealthy for Sensitive Groups,Ozone,89.0,73.0,0.0,7.0,74
1998-09-25,140.0,Unhealthy for Sensitive Groups,Ozone,90.0,74.0,0.0,11.0,70
1998-09-26,47.0,Good,Ozone,87.0,73.0,0.0,11.0,73
1998-09-27,41.0,Good,NO2,89.0,75.0,0.02,7.0,80
1998-09-28,101.0,Unhealthy for Sensitive Groups,Ozone,91.0,74.0,0.0,6.0,73
1998-09-29,129.0,Unhealthy for Sensitive Groups,Ozone,92.0,74.0,0.0,5.0,65
1998-09-30,143.0,Unhealthy for Sensitive Groups,Ozone,92.0,71.0,0.0,7.0,66
1998-10-01,143.0,Unhealthy for Sensitive Groups,Ozone,90.0,73.0,0.0,10.0,62
1998-10-02,30.0,Good,Ozone,82.0,74.0,0.93,16.0,78
1998-10-03,22.0,Good,Ozone,86.0,74.0,0.17,12.0,81
1998-10-04,27.0,Good,Ozone,87.0,74.0,0.15,19.0,77
1998-10-05,22.0,Good,Ozone,87.0,65.0,1.39,22.0,83
1998-10-06,44.0,Good,NO2,71.0,58.0,1.38,14.0,66
1998-10-07,55.0,Moderate,NO2,77.0,54.0,0.0,8.0,63
1998-10-08,50.0,Good,NO2,73.0,54.0,0.0,6.0,66
1998-10-09,74.0,Moderate,Ozone,74.0,53.0,0.0,7.0,72
1998-10-10,115.0,Unhealthy for Sensitive Groups,Ozone,76.0,56.0,0.0,8.0,74
1998-10-11,147.0,Unhealthy for Sensitive Groups,Ozone,77.0,58.0,0.0,10.0,75
1998-10-12,108.0,Unhealthy for Sensitive Groups,Ozone,79.0,59.0,0.0,6.0,76
1998-10-13,136.0,Unhealthy for Sensitive Groups,Ozone,79.0,62.0,0.0,5.0,74
1998-10-14,122.0,Unhealthy for Sensitive Groups,Ozone,80.0,62.0,0.0,10.0,73
1998-10-15,97.0,Moderate,Ozone,81.0,64.0,0.0,16.0,72
1998-10-16,30.0,Good,Ozone,85.0,70.0,0.37,21.0,77
1998-10-17,25.0,Good,Ozone,76.0,72.0,1.19,19.0,91
1998-10-18,33.0,Good,NO2,72.0,60.0,1.15,14.0,69
1998-10-19,30.0,Good,NO2,69.0,58.0,0.0,10.0,67
1998-10-20,24.0,Good,NO2,61.0,59.0,0.79,11.0,82
1998-10-21,36.0,Good,NO2,69.0,56.0,0.09,11.0,70
1998-10-22,44.0,Good,NO2,66.0,55.0,0.0,11.0,60
1998-10-23,42.0,Good,NO2,63.0,48.0,0.0,8.0,68
1998-10-24,61.0,Moderate,Ozone,69.0,47.0,0.0,7.0,73
1998-10-25,74.0,Moderate,Ozone,75.0,54.0,0.0,9.0,77
1998-10-26,46.0,Good,Ozone,78.0,59.0,0.0,9.0,75
1998-10-27,44.0,Good,Ozone,78.0,59.0,0.02,11.0,74
1998-10-28,30.0,Good,NO2,78.0,66.0,0.0,15.0,78
1998-10-29,28.0,Good,NO2,81.0,70.0,0.0,15.0,79
1998-10-30,28.0,Good,NO2,79.0,70.0,0.0,11.0,78
1998-10-31,29.0,Good,Ozone,77.0,65.0,0.02,14.0,80
1998-11-01,22.0,Good,NO2,72.0,59.0,1.47,14.0,78
1998-11-02,31.0,Good,NO2,64.0,51.0,0.0,13.0,65
1998-11-03,25.0,Good,NO2,67.0,51.0,0.0,8.0,77
1998-11-04,19.0,Good,Ozone,58.0,51.0,0.0,13.0,65
1998-11-05,34.0,Good,NO2,53.0,45.0,0.0,13.0,61
1998-11-06,33.0,Good,NO2,54.0,40.0,0.0,8.0,71
1998-11-07,27.0,Good,NO2,53.0,48.0,0.43,13.0,87
1998-11-08,23.0,Good,NO2,57.0,52.0,0.0,8.0,90
1998-11-09,28.0,Good,Ozone,76.0,56.0,0.21,25.0,86
1998-11-10,40.0,Good,NO2,72.0,47.0,0.57,24.0,53
1998-11-11,49.0,Good,NO2,64.0,42.0,0.0,11.0,62
1998-11-12,35.0,Good,NO2,53.0,50.0,0.32,11.0,76
1998-11-13,27.0,Good,NO2,56.0,49.0,1.09,11.0,91
1998-11-14,25.0,Good,NO2,65.0,54.0,0.01,9.0,85
1998-11-15,29.0,Good,NO2,67.0,52.0,0.0,8.0,86
1998-11-16,32.0,Good,NO2,72.0,52.0,0.0,11.0,87
1998-11-17,28.0,Good,NO2,67.0,54.0,0.0,9.0,92
1998-11-18,35.0,Good,NO2,74.0,62.0,0.0,16.0,84
1998-11-19,35.0,Good,NO2,75.0,57.0,0.02,18.0,84
1998-11-20,36.0,Good,NO2,58.0,49.0,0.0,16.0,62
1998-11-21,43.0,Good,NO2,62.0,48.0,0.0,8.0,64
1998-11-22,33.0,Good,NO2,69.0,47.0,0.0,14.0,78
1998-11-23,42.0,Good,NO2,71.0,57.0,0.0,14.0,85
1998-11-24,33.0,Good,NO2,73.0,61.0,0.0,9.0,86
1998-11-25,54.0,Moderate,NO2,72.0,57.0,0.0,11.0,77
1998-11-26,58.0,Moderate,NO2,70.0,48.0,0.0,7.0,75
1998-11-27,48.0,Good,NO2,75.0,54.0,0.0,12.0,86
1998-11-28,31.0,Good,Ozone,74.0,62.0,0.0,17.0,82
1998-11-29,28.0,Good,Ozone,76.0,66.0,0.06,23.0,82
1998-11-30,41.0,Good,NO2,72.0,58.0,0.33,14.0,64
1998-12-01,43.0,Good,NO2,70.0,51.0,0.0,7.0,80
1998-12-02,40.0,Good,NO2,73.0,54.0,0.0,13.0,83
1998-12-03,32.0,Good,NO2,74.0,62.0,0.26,15.0,84
1998-12-04,33.0,Good,NO2,77.0,61.0,0.71,13.0,81
1998-12-05,24.0,Good,Ozone,77.0,64.0,0.0,18.0,84
1998-12-06,31.0,Good,NO2,72.0,57.0,0.13,19.0,74
1998-12-07,16.0,Good,NO2,55.0,47.0,0.26,12.0,82
1998-12-08,41.0,Good,NO2,54.0,43.0,0.0,13.0,69
1998-12-09,39.0,Good,NO2,53.0,38.0,0.0,10.0,72
1998-12-10,25.0,Good,NO2,50.0,44.0,0.81,14.0,80
1998-12-11,27.0,Good,NO2,46.0,43.0,0.31,14.0,73
1998-12-12,36.0,Good,NO2,51.0,41.0,0.21,14.0,78
1998-12-13,36.0,Good,NO2,59.0,36.0,0.0,6.0,74
1998-12-14,56.0,Moderate,NO2,59.0,38.0,0.0,6.0,76
1998-12-15,79.0,Moderate,NO2,59.0,40.0,0.0,7.0,75
1998-12-16,53.0,Moderate,NO2,64.0,40.0,0.0,9.0,75
1998-12-17,41.0,Good,NO2,59.0,39.0,0.0,10.0,66
1998-12-18,37.0,Good,NO2,55.0,47.0,0.64,14.0,74
1998-12-19,25.0,Good,NO2,54.0,42.0,0.0,10.0,91
1998-12-20,14.0,Good,NO2,58.0,46.0,0.01,7.0,88
1998-12-21,26.0,Good,Ozone,71.0,32.0,0.2,21.0,89
1998-12-22,26.0,Good,Ozone,31.0,25.0,0.0,20.0,42
1998-12-23,20.0,Good,NO2,32.0,28.0,0.01,10.0,66
1998-12-24,32.0,Good,NO2,35.0,27.0,0.0,12.0,57
1998-12-25,51.0,Moderate,PM10,40.0,25.0,0.0,5.0,68
1998-12-26,41.0,Good,NO2,49.0,26.0,0.0,11.0,74
1998-12-27,34.0,Good,NO2,59.0,38.0,0.0,13.0,77
1998-12-28,43.0,Good,NO2,55.0,34.0,0.0,9.0,84
1998-12-29,34.0,Good,NO2,59.0,40.0,0.0,13.0,71
1998-12-30,38.0,Good,NO2,54.0,32.0,0.0,12.0,66
1998-12-31,37.0,Good,NO2,52.0,38.0,0.0,13.0,77
1999-01-01,76.0,Moderate,PM2.5,63.0,47.0,0.48,16.0,95
1999-01-02,54.0,Moderate,PM2.5,59.0,34.0,0.02,23.0,59
1999-01-03,54.0,Moderate,PM2.5,34.0,24.0,0.0,16.0,38
1999-01-04,83.0,Moderate,PM2.5,36.0,24.0,0.0,9.0,53
1999-01-05,58.0,Moderate,PM2.5,51.0,29.0,0.0,18.0,63
1999-01-06,70.0,Moderate,PM2.5,57.0,38.0,0.0,10.0,89
1999-01-07,81.0,Moderate,PM2.5,60.0,41.0,0.0,5.0,94
1999-01-08,23.0,Good,Ozone,66.0,35.0,0.03,19.0,83
1999-01-09,81.0,Moderate,PM2.5,40.0,26.0,0.0,17.0,56
1999-01-10,74.0,Moderate,PM2.5,52.0,26.0,0.0,8.0,68
1999-01-11,60.0,Moderate,PM2.5,62.0,37.0,0.0,18.0,76
1999-01-12,55.0,Moderate,PM2.5,69.0,52.0,0.0,23.0,76
1999-01-13,74.0,Moderate,PM2.5,60.0,42.0,0.0,16.0,72
1999-01-14,44.0,Good,NO2,48.0,34.0,0.0,15.0,65
1999-01-15,74.0,Moderate,PM2.5,60.0,34.0,0.0,16.0,69
1999-01-16,49.0,Good,NO2,66.0,45.0,0.0,15.0,64
1999-01-17,45.0,Good,NO2,71.0,52.0,0.0,14.0,63
1999-01-18,50.0,Good,NO2,62.0,40.0,0.0,12.0,61
1999-01-19,47.0,Good,NO2,74.0,48.0,0.0,18.0,72
1999-01-20,39.0,Good,NO2,74.0,46.0,0.0,15.0,85
1999-01-21,43.0,Good,NO2,75.0,63.0,0.0,18.0,75
1999-01-22,36.0,Good,NO2,63.0,42.0,0.01,18.0,61
1999-01-23,50.0,Good,NO2,55.0,39.0,0.0,19.0,66
1999-01-24,42.0,Good,NO2,70.0,42.0,0.0,14.0,61
1999-01-25,50.0,Good,NO2,69.0,46.0,0.0,12.0,69
1999-01-26,40.0,Good,NO2,70.0,50.0,0.0,19.0,78
1999-01-27,35.0,Good,NO2,70.0,56.0,0.0,18.0,75
1999-01-28,28.0,Good,NO2,64.0,59.0,0.96,11.0,96
1999-01-29,25.0,Good,NO2,61.0,54.0,1.96,17.0,98
1999-01-30,15.0,Good,Ozone,55.0,43.0,0.23,17.0,75
1999-01-31,17.0,Good,NO2,52.0,39.0,0.0,11.0,74
1999-02-01,45.0,Good,NO2,65.0,37.0,0.0,13.0,77
1999-02-02,49.0,Good,NO2,59.0,44.0,0.0,13.0,61
1999-02-03,41.0,Good,NO2,72.0,42.0,0.0,16.0,69
1999-02-04,42.0,Good,NO2,65.0,47.0,0.0,10.0,53
1999-02-05,37.0,Good,NO2,71.0,51.0,0.0,18.0,70
1999-02-06,24.0,Good,NO2,72.0,65.0,0.19,17.0,88
1999-02-07,49.0,Good,NO2,73.0,49.0,0.0,10.0,59
1999-02-08,42.0,Good,NO2,78.0,53.0,0.0,15.0,75
1999-02-09,49.0,Good,NO2,75.0,61.0,0.0,13.0,80
1999-02-10,27.0,Good,NO2,76.0,58.0,0.0,19.0,83
1999-02-11,37.0,Good,Ozone,70.0,47.0,0.42,21.0,61
1999-02-12,50.0,Good,NO2,54.0,37.0,0.0,15.0,38
1999-02-13,54.0,Moderate,NO2,59.0,35.0,0.0,6.0,60
1999-02-14,46.0,Good,Ozone,64.0,40.0,0.0,14.0,60
1999-02-15,50.0,Good,Ozone,67.0,46.0,0.0,19.0,64
1999-02-16,44.0,Good,NO2,62.0,50.0,0.0,18.0,69
1999-02-17,47.0,Good,NO2,62.0,40.0,0.0,9.0,62
1999-02-18,42.0,Good,NO2,67.0,51.0,0.0,19.0,46
1999-02-19,47.0,Good,NO2,58.0,41.0,0.0,15.0,61
1999-02-20,44.0,Good,NO2,56.0,45.0,0.06,11.0,74
1999-02-21,40.0,Good,NO2,53.0,40.0,0.0,14.0,58
1999-02-22,33.0,Good,Ozone,56.0,37.0,0.0,19.0,66
1999-02-23,60.0,Moderate,NO2,65.0,41.0,0.0,16.0,58
1999-02-24,61.0,Moderate,NO2,70.0,39.0,0.0,18.0,63
1999-02-25,33.0,Good,NO2,75.0,56.0,0.0,14.0,79
1999-02-26,22.0,Good,Ozone,72.0,63.0,0.0,18.0,87
1999-02-27,41.0,Good,NO2,74.0,55.0,0.0,18.0,63
1999-02-28,48.0,Good,NO2,72.0,43.0,0.0,11.0,45
1999-03-01,68.0,Moderate,NO2,74.0,51.0,0.0,13.0,51
1999-03-02,61.0,Moderate,NO2,73.0,52.0,0.0,22.0,71
1999-03-03,54.0,Moderate,NO2,58.0,44.0,0.0,15.0,41
1999-03-04,54.0,Moderate,Ozone,69.0,43.0,0.0,22.0,51
1999-03-05,53.0,Moderate,NO2,80.0,60.0,0.03,19.0,64
1999-03-06,44.0,Good,Ozone,66.0,49.0,0.0,14.0,58
1999-03-07,32.0,Good,Ozone,56.0,47.0,0.0,14.0,54
1999-03-08,36.0,Good,NO2,74.0,49.0,0.51,26.0,69
1999-03-09,46.0,Good,NO2,62.0,44.0,0.0,11.0,57
1999-03-10,48.0,Good,NO2,70.0,48.0,0.11,11.0,78
1999-03-11,77.0,Moderate,PM2.5,63.0,55.0,0.67,13.0,84
1999-03-12,66.0,Moderate,PM2.5,58.0,44.0,1.56,15.0,88
1999-03-13,40.0,Good,PM2.5,46.0,41.0,0.13,17.0,79
1999-03-14,51.0,Moderate,NO2,55.0,37.0,0.0,21.0,57
1999-03-15,62.0,Moderate,NO2,60.0,34.0,0.0,9.0,61
1999-03-16,55.0,Moderate,NO2,67.0,44.0,0.0,15.0,65
1999-03-17,33.0,Good,NO2,70.0,55.0,0.0,16.0,79
1999-03-18,40.0,Good,NO2,69.0,59.0,0.18,13.0,80
1999-03-19,56.0,Moderate,PM2.5,62.0,52.0,0.24,10.0,84
1999-03-20,49.0,Good,NO2,60.0,44.0,0.0,13.0,71
1999-03-21,64.0,Moderate,NO2,69.0,42.0,0.0,7.0,75
1999-03-22,97.0,Moderate,Ozone,73.0,50.0,0.0,18.0,70
1999-03-23,35.0,Good,NO2,70.0,56.0,0.0,19.0,78
1999-03-24,41.0,Good,NO2,62.0,53.0,0.18,10.0,78
1999-03-25,57.0,Moderate,PM2.5,65.0,53.0,0.06,11.0,71
1999-03-26,49.0,Good,NO2,65.0,44.0,0.0,10.0,59
1999-03-27,67.0,Moderate,PM2.5,57.0,52.0,0.32,14.0,66
1999-03-28,96.0,Moderate,PM2.5,63.0,52.0,0.39,12.0,85
1999-03-29,66.0,Moderate,PM2.5,59.0,54.0,0.0,13.0,84
1999-03-30,75.0,Moderate,PM2.5,57.0,51.0,0.0,9.0,87
1999-03-31,77.0,Moderate,PM2.5,70.0,55.0,0.0,14.0,81
1999-04-01,67.0,Moderate,PM2.5,71.0,58.0,0.02,18.0,85
1999-04-02,65.0,Moderate,PM2.5,75.0,68.0,0.02,18.0,87
1999-04-03,52.0,Moderate,PM2.5,71.0,56.0,1.04,20.0,76
1999-04-04,53.0,Moderate,PM2.5,77.0,52.0,0.2,17.0,81
1999-04-05,74.0,Moderate,Ozone,73.0,58.0,0.17,17.0,65
1999-04-06,77.0,Moderate,Ozone,78.0,49.0,0.0,9.0,65
1999-04-07,68.0,Moderate,PM2.5,78.0,57.0,0.01,14.0,81
1999-04-08,67.0,Moderate,PM2.5,84.0,67.0,0.01,23.0,79
1999-04-09,63.0,Moderate,PM2.5,81.0,56.0,0.0,12.0,68
1999-04-10,97.0,Moderate,Ozone,77.0,62.0,0.0,14.0,58
1999-04-11,49.0,Good,Ozone,75.0,53.0,0.01,8.0,62
1999-04-12,77.0,Moderate,Ozone,78.0,57.0,0.0,10.0,65
1999-04-13,67.0,Moderate,PM2.5,78.0,64.0,0.0,19.0,70
1999-04-14,64.0,Moderate,Ozone,78.0,62.0,0.09,23.0,61
1999-04-15,45.0,Good,Ozone,62.0,48.0,0.0,25.0,49
1999-04-16,54.0,Moderate,NO2,62.0,45.0,0.0,18.0,38
1999-04-17,54.0,Moderate,NO2,63.0,42.0,0.0,14.0,43
1999-04-18,93.0,Moderate,Ozone,74.0,44.0,0.0,14.0,49
1999-04-19,58.0,Moderate,Ozone,84.0,58.0,0.0,14.0,60
1999-04-20,58.0,Moderate,Ozone,83.0,62.0,0.0,18.0,66
1999-04-21,54.0,Moderate,PM2.5,82.0,65.0,0.0,26.0,65
1999-04-22,63.0,Moderate,PM2.5,86.0,68.0,0.0,26.0,69
1999-04-23,75.0,Moderate,PM2.5,84.0,69.0,0.03,13.0,76
1999-04-24,68.0,Moderate,PM2.5,77.0,65.0,0.09,9.0,82
1999-04-25,52.0,Moderate,PM2.5,81.0,67.0,0.5,20.0,82
1999-04-26,54.0,Moderate,NO2,80.0,65.0,2.72,13.0,79
1999-04-27,100.0,Moderate,Ozone,82.0,55.0,0.0,7.0,65
1999-04-28,159.0,Unhealthy,Ozone,85.0,62.0,0.0,8.0,70
1999-04-29,46.0,Good,Ozone,78.0,64.0,0.0,14.0,71
1999-04-30,87.0,Moderate,Ozone,75.0,60.0,0.0,15.0,65
1999-05-01,87.0,Moderate,Ozone,74.0,56.0,0.01,13.0,59
1999-05-02,42.0,Good,Ozone,72.0,61.0,0.08,16.0,70
1999-05-03,37.0,Good,Ozone,79.0,63.0,0.38,18.0,85
1999-05-04,38.0,Good,NO2,85.0,66.0,1.3,20.0,77
1999-05-05,51.0,Moderate,Ozone,79.0,58.0,0.0,13.0,51
1999-05-06,52.0,Moderate,NO2,73.0,54.0,0.0,11.0,53
1999-05-07,100.0,Moderate,Ozone,79.0,53.0,0.0,10.0,55
1999-05-08,174.0,Unhealthy,Ozone,84.0,61.0,0.0,12.0,57
1999-05-09,77.0,Moderate,PM2.5,81.0,64.0,0.05,17.0,78
1999-05-10,75.0,Moderate,PM2.5,80.0,69.0,0.55,17.0,88
1999-05-11,41.0,Good,PM2.5,80.0,64.0,0.01,11.0,84
1999-05-12,59.0,Moderate,PM2.5,77.0,65.0,0.0,10.0,78
1999-05-13,97.0,Moderate,Ozone,79.0,59.0,0.0,8.0,63
1999-05-14,97.0,Moderate,Ozone,84.0,64.0,0.0,18.0,69
1999-05-15,78.0,Moderate,PM2.5,87.0,71.0,0.0,21.0,75
1999-05-16,78.0,Moderate,PM2.5,86.0,70.0,0.0,17.0,74
1999-05-17,73.0,Moderate,PM2.5,81.0,69.0,0.86,18.0,85
1999-05-18,50.0,Good,Ozone,78.0,62.0,0.01,13.0,69
1999-05-19,84.0,Moderate,Ozone,80.0,59.0,0.0,9.0,70
1999-05-20,80.0,Moderate,Ozone,83.0,64.0,0.0,16.0,68
1999-05-21,66.0,Moderate,PM2.5,83.0,69.0,0.0,17.0,72
1999-05-22,58.0,Moderate,PM2.5,87.0,70.0,0.0,10.0,73
1999-05-23,46.0,Good,Ozone,87.0,70.0,0.01,9.0,70
1999-05-24,54.0,Moderate,Ozone,82.0,66.0,0.0,8.0,61
1999-05-25,119.0,Unhealthy for Sensitive Groups,Ozone,84.0,66.0,0.44,10.0,75
1999-05-26,45.0,Good,Ozone,80.0,68.0,0.09,12.0,82
1999-05-27,62.0,Moderate,PM2.5,76.0,65.0,0.42,11.0,84
1999-05-28,80.0,Moderate,Ozone,79.0,64.0,0.3,5.0,86
1999-05-29,58.0,Moderate,PM2.5,82.0,66.0,0.48,12.0,88
1999-05-30,46.0,Good,PM2.5,83.0,68.0,0.82,12.0,87
1999-05-31,53.0,Moderate,PM2.5,87.0,72.0,0.01,13.0,79
1999-06-01,60.0,Moderate,PM2.5,89.0,73.0,0.0,19.0,73
1999-06-02,59.0,Moderate,PM2.5,88.0,71.0,0.27,13.0,75
1999-06-03,55.0,Moderate,PM2.5,88.0,73.0,0.0,16.0,70
1999-06-04,54.0,Moderate,PM2.5,87.0,73.0,0.0,16.0,70
1999-06-05,35.0,Good,PM10,87.0,73.0,0.0,19.0,72
1999-06-06,33.0,Good,Ozone,87.0,75.0,0.0,16.0,73
1999-06-07,61.0,Moderate,Ozone,89.0,73.0,0.01,9.0,70
1999-06-08,80.0,Moderate,Ozone,86.0,73.0,0.0,11.0,74
1999-06-09,44.0,Good,Ozone,86.0,72.0,0.0,11.0,76
1999-06-10,37.0,Good,Ozone,86.0,72.0,0.15,12.0,80
1999-06-11,80.0,Moderate,Ozone,87.0,73.0,0.01,9.0,80
1999-06-12,33.0,Good,Ozone,84.0,73.0,0.57,7.0,84
1999-06-13,61.0,Moderate,Ozone,86.0,71.0,0.03,10.0,77
1999-06-14,48.0,Good,Ozone,82.0,72.0,0.02,12.0,72
1999-06-15,80.0,Moderate,Ozone,83.0,69.0,0.07,8.0,76
1999-06-16,143.0,Unhealthy for Sensitive Groups,Ozone,86.0,70.0,0.02,8.0,71
1999-06-17,78.0,Moderate,PM2.5,77.0,69.0,0.01,13.0,71
1999-06-18,143.0,Unhealthy for Sensitive Groups,Ozone,82.0,67.0,0.0,9.0,66
1999-06-19,159.0,Unhealthy,Ozone,88.0,68.0,0.0,11.0,64
1999-06-20,101.0,Unhealthy for Sensitive Groups,Ozone,87.0,72.0,0.0,10.0,66
1999-06-21,71.0,Moderate,Ozone,82.0,73.0,0.31,10.0,79
1999-06-22,37.0,Good,NO2,85.0,70.0,0.42,12.0,82
1999-06-23,34.0,Good,Ozone,90.0,74.0,0.0,15.0,75
1999-06-24,25.0,Good,NO2,87.0,76.0,0.06,13.0,79
1999-06-25,32.0,Good,Ozone,85.0,73.0,0.35,13.0,82
1999-06-26,36.0,Good,Ozone,91.0,74.0,0.03,12.0,80
1999-06-27,29.0,Good,Ozone,92.0,78.0,0.0,17.0,73
1999-06-28,40.0,Good,Ozone,91.0,79.0,0.0,19.0,71
1999-06-29,48.0,Good,PM10,90.0,77.0,0.41,12.0,74
1999-06-30,32.0,Good,Ozone,90.0,75.0,0.0,18.0,69
1999-07-01,36.0,Good,Ozone,93.0,76.0,0.0,23.0,66
1999-07-02,60.0,Moderate,PM2.5,92.0,77.0,0.0,17.0,65
1999-07-03,60.0,Moderate,PM2.5,92.0,76.0,0.0,14.0,65
1999-07-04,62.0,Moderate,PM2.5,90.0,76.0,0.0,11.0,65
1999-07-05,57.0,Moderate,PM2.5,91.0,76.0,0.01,9.0,69
1999-07-06,108.0,Unhealthy for Sensitive Groups,Ozone,93.0,75.0,0.0,6.0,65
1999-07-07,100.0,Moderate,Ozone,94.0,76.0,0.0,8.0,63
1999-07-08,108.0,Unhealthy for Sensitive Groups,Ozone,92.0,75.0,0.0,9.0,69
1999-07-09,84.0,Moderate,Ozone,92.0,77.0,0.01,11.0,67
1999-07-10,53.0,Moderate,PM2.5,85.0,76.0,0.33,10.0,81
1999-07-11,58.0,Moderate,Ozone,85.0,72.0,0.02,8.0,68
1999-07-12,101.0,Unhealthy for Sensitive Groups,Ozone,87.0,72.0,0.0,8.0,67
1999-07-13,90.0,Moderate,Ozone,89.0,70.0,0.0,8.0,70
1999-07-14,65.0,Moderate,PM2.5,92.0,74.0,0.0,13.0,67
1999-07-15,63.0,Moderate,PM2.5,93.0,74.0,0.0,16.0,58
1999-07-16,61.0,Moderate,PM2.5,92.0,74.0,0.0,13.0,60
1999-07-17,34.0,Good,Ozone,93.0,75.0,0.01,10.0,64
1999-07-18,37.0,Good,Ozone,93.0,76.0,0.01,11.0,64
1999-07-19,51.0,Moderate,Ozone,92.0,76.0,0.01,9.0,66
1999-07-20,50.0,Good,Ozone,93.0,76.0,0.01,12.0,61
1999-07-21,31.0,Good,Ozone,90.0,75.0,0.01,13.0,66
1999-07-22,33.0,Good,Ozone,95.0,76.0,0.0,11.0,59
1999-07-23,53.0,Moderate,PM10,97.0,78.0,0.0,11.0,52
1999-07-24,87.0,Moderate,Ozone,99.0,79.0,0.0,10.0,45
1999-07-25,115.0,Unhealthy for Sensitive Groups,Ozone,97.0,79.0,0.01,10.0,50
1999-07-26,54.0,Moderate,Ozone,97.0,79.0,0.0,10.0,55
1999-07-27,44.0,Good,Ozone,97.0,80.0,0.0,10.0,52
1999-07-28,64.0,Moderate,Ozone,98.0,81.0,0.0,11.0,50
1999-07-29,51.0,Moderate,Ozone,99.0,81.0,0.0,12.0,45
1999-07-30,43.0,Good,Ozone,99.0,80.0,0.0,14.0,51
1999-07-31,56.0,Moderate,PM2.5,99.0,79.0,0.0,14.0,52
1999-08-01,51.0,Moderate,PM2.5,98.0,80.0,0.0,11.0,52
1999-08-02,87.0,Moderate,Ozone,96.0,80.0,0.0,6.0,49
1999-08-03,147.0,Unhealthy for Sensitive Groups,Ozone,98.0,81.0,0.0,9.0,54
1999-08-04,187.0,Unhealthy,Ozone,98.0,80.0,0.0,9.0,52
1999-08-05,213.0,Very Unhealthy,Ozone,97.0,79.0,0.0,8.0,50
1999-08-06,203.0,Very Unhealthy,Ozone,98.0,80.0,0.0,9.0,50
1999-08-07,187.0,Unhealthy,Ozone,100.0,82.0,0.0,10.0,47
1999-08-08,177.0,Unhealthy,Ozone,100.0,82.0,0.0,11.0,48
1999-08-09,166.0,Unhealthy,Ozone,101.0,82.0,0.0,10.0,47
1999-08-10,122.0,Unhealthy for Sensitive Groups,Ozone,103.0,84.0,0.0,12.0,43
1999-08-11,64.0,Moderate,Ozone,102.0,84.0,0.0,12.0,43
1999-08-12,44.0,Good,Ozone,101.0,82.0,0.0,13.0,46
1999-08-13,61.0,Moderate,Ozone,100.0,84.0,0.0,14.0,48
1999-08-14,172.0,Unhealthy,Ozone,100.0,81.0,0.0,9.0,45
1999-08-15,151.0,Unhealthy,Ozone,98.0,79.0,0.0,10.0,43
1999-08-16,159.0,Unhealthy,Ozone,97.0,74.0,0.0,8.0,39
1999-08-17,206.0,Very Unhealthy,Ozone,97.0,71.0,0.0,6.0,43
1999-08-18,185.0,Unhealthy,Ozone,98.0,77.0,0.0,5.0,49
1999-08-19,154.0,Unhealthy,Ozone,100.0,82.0,0.0,7.0,42
1999-08-20,136.0,Unhealthy for Sensitive Groups,Ozone,97.0,78.0,0.0,11.0,35
1999-08-21,156.0,Unhealthy,Ozone,98.0,75.0,0.0,9.0,42
1999-08-22,147.0,Unhealthy for Sensitive Groups,Ozone,97.0,79.0,0.0,9.0,50
1999-08-23,41.0,Good,Ozone,98.0,81.0,0.0,10.0,50
1999-08-24,108.0,Unhealthy for Sensitive Groups,Ozone,97.0,81.0,0.0,9.0,53
1999-08-25,164.0,Unhealthy,Ozone,99.0,76.0,0.0,7.0,34
1999-08-26,166.0,Unhealthy,Ozone,102.0,80.0,0.0,9.0,36
1999-08-27,115.0,Unhealthy for Sensitive Groups,Ozone,100.0,83.0,0.0,12.0,43
1999-08-28,154.0,Unhealthy,Ozone,99.0,80.0,0.0,8.0,51
1999-08-29,154.0,Unhealthy,Ozone,98.0,80.0,0.0,9.0,42
1999-08-30,156.0,Unhealthy,Ozone,96.0,77.0,0.0,9.0,40
1999-08-31,136.0,Unhealthy for Sensitive Groups,Ozone,96.0,78.0,0.0,9.0,40
1999-09-01,129.0,Unhealthy for Sensitive Groups,Ozone,94.0,76.0,0.0,12.0,53
1999-09-02,58.0,Moderate,Ozone,88.0,76.0,0.0,10.0,68
1999-09-03,105.0,Unhealthy for Sensitive Groups,Ozone,92.0,75.0,0.13,8.0,66
1999-09-04,67.0,Moderate,Ozone,95.0,78.0,0.03,12.0,60
1999-09-05,34.0,Good,PM2.5,90.0,80.0,0.02,12.0,63
1999-09-06,52.0,Moderate,PM2.5,90.0,76.0,0.06,5.0,72
1999-09-07,51.0,Moderate,PM2.5,96.0,78.0,0.0,11.0,56
1999-09-08,53.0,Moderate,NO2,93.0,80.0,0.0,11.0,50
1999-09-09,136.0,Unhealthy for Sensitive Groups,Ozone,90.0,74.0,0.0,10.0,44
1999-09-10,129.0,Unhealthy for Sensitive Groups,Ozone,94.0,74.0,0.0,12.0,50
1999-09-11,122.0,Unhealthy for Sensitive Groups,Ozone,93.0,79.0,0.0,13.0,49
1999-09-12,84.0,Moderate,Ozone,95.0,75.0,0.04,14.0,57
1999-09-13,43.0,Good,PM2.5,83.0,70.0,0.2,13.0,69
1999-09-14,77.0,Moderate,Ozone,86.0,67.0,0.0,9.0,56
1999-09-15,90.0,Moderate,Ozone,87.0,66.0,0.0,8.0,39
1999-09-16,93.0,Moderate,Ozone,85.0,67.0,0.0,9.0,46
1999-09-17,169.0,Unhealthy,Ozone,88.0,69.0,0.0,8.0,49
1999-09-18,164.0,Unhealthy,Ozone,89.0,70.0,0.0,9.0,43
1999-09-19,174.0,Unhealthy,Ozone,92.0,71.0,0.0,9.0,43
1999-09-20,159.0,Unhealthy,Ozone,93.0,73.0,0.0,18.0,45
1999-09-21,38.0,Good,PM2.5,76.0,62.0,0.0,17.0,50
1999-09-22,58.0,Moderate,NO2,77.0,56.0,0.0,10.0,43
1999-09-23,101.0,Unhealthy for Sensitive Groups,Ozone,84.0,57.0,0.0,8.0,42
1999-09-24,115.0,Unhealthy for Sensitive Groups,Ozone,89.0,66.0,0.03,14.0,36
1999-09-25,62.0,Moderate,PM2.5,82.0,68.0,0.26,18.0,69
1999-09-26,55.0,Moderate,PM2.5,88.0,71.0,0.05,16.0,62
1999-09-27,56.0,Moderate,PM2.5,89.0,72.0,0.0,15.0,63
1999-09-28,38.0,Good,Ozone,87.0,68.0,0.0,19.0,66
1999-09-29,36.0,Good,NO2,74.0,61.0,0.02,18.0,46
1999-09-30,62.0,Moderate,NO2,76.0,54.0,0.0,7.0,42
1999-10-01,100.0,Moderate,Ozone,82.0,56.0,0.0,11.0,43
1999-10-02,126.0,Unhealthy for Sensitive Groups,Ozone,87.0,63.0,0.0,11.0,47
1999-10-03,61.0,Moderate,PM2.5,90.0,69.0,0.0,11.0,57
1999-10-04,56.0,Moderate,PM2.5,74.0,60.0,0.0,16.0,55
1999-10-05,62.0,Moderate,PM2.5,81.0,61.0,0.0,6.0,54
1999-10-06,66.0,Moderate,PM2.5,84.0,62.0,0.0,9.0,39
1999-10-07,84.0,Moderate,Ozone,84.0,58.0,0.0,13.0,40
1999-10-08,74.0,Moderate,PM2.5,83.0,65.0,0.01,10.0,68
1999-10-09,67.0,Moderate,Ozone,82.0,65.0,0.13,7.0,67
1999-10-10,112.0,Unhealthy for Sensitive Groups,Ozone,86.0,63.0,0.0,8.0,57
1999-10-11,68.0,Moderate,PM2.5,87.0,64.0,0.0,8.0,56
1999-10-12,105.0,Unhealthy for Sensitive Groups,Ozone,86.0,63.0,0.0,6.0,57
1999-10-13,90.0,Moderate,Ozone,90.0,65.0,0.0,7.0,48
1999-10-14,87.0,Moderate,Ozone,91.0,66.0,0.0,10.0,43
1999-10-15,70.0,Moderate,PM2.5,89.0,71.0,0.0,16.0,51
1999-10-16,69.0,Moderate,PM2.5,87.0,70.0,0.04,15.0,64
1999-10-17,42.0,Good,PM2.5,69.0,53.0,0.2,18.0,65
1999-10-18,42.0,Good,PM2.5,64.0,53.0,0.23,10.0,44
1999-10-19,52.0,Moderate,PM2.5,66.0,51.0,0.01,10.0,57
1999-10-20,64.0,Moderate,PM2.5,71.0,47.0,0.0,6.0,56
1999-10-21,61.0,Moderate,NO2,78.0,51.0,0.0,8.0,44
1999-10-22,54.0,Moderate,PM2.5,84.0,56.0,0.0,10.0,42
1999-10-23,40.0,Good,NO2,72.0,56.0,0.0,12.0,37
1999-10-24,45.0,Good,NO2,71.0,49.0,0.0,6.0,37
1999-10-25,62.0,Moderate,PM2.5,82.0,52.0,0.0,12.0,38
1999-10-26,67.0,Moderate,PM2.5,85.0,57.0,0.0,11.0,44
1999-10-27,63.0,Moderate,PM2.5,81.0,57.0,0.0,13.0,48
1999-10-28,55.0,Moderate,PM2.5,78.0,61.0,0.0,13.0,60
1999-10-29,69.0,Moderate,PM2.5,80.0,62.0,0.0,18.0,59
1999-10-30,34.0,Good,NO2,73.0,56.0,1.15,18.0,82
1999-10-31,25.0,Good,NO2,60.0,54.0,0.01,8.0,73
1999-11-01,49.0,Good,PM2.5,69.0,49.0,0.0,18.0,77
1999-11-02,45.0,Good,NO2,64.0,46.0,0.0,21.0,35
1999-11-03,55.0,Moderate,NO2,65.0,37.0,0.0,14.0,50
1999-11-04,59.0,Moderate,PM2.5,74.0,50.0,0.0,13.0,57
1999-11-05,55.0,Moderate,PM2.5,78.0,57.0,0.0,15.0,68
1999-11-06,52.0,Moderate,PM2.5,77.0,61.0,0.0,11.0,66
1999-11-07,61.0,Moderate,PM2.5,77.0,60.0,0.0,6.0,61
1999-11-08,78.0,Moderate,PM2.5,77.0,58.0,0.0,8.0,58
1999-11-09,77.0,Moderate,Ozone,76.0,56.0,0.0,12.0,57
1999-11-10,72.0,Moderate,PM2.5,79.0,59.0,0.0,11.0,69
1999-11-11,79.0,Moderate,PM2.5,80.0,56.0,0.0,5.0,72
1999-11-12,91.0,Moderate,PM2.5,80.0,56.0,0.0,5.0,67
1999-11-13,87.0,Moderate,PM2.5,81.0,54.0,0.0,6.0,64
1999-11-14,81.0,Moderate,PM2.5,83.0,56.0,0.0,6.0,60
1999-11-15,74.0,Moderate,NO2,79.0,58.0,0.0,7.0,63
1999-11-16,76.0,Moderate,NO2,78.0,53.0,0.0,6.0,53
1999-11-17,84.0,Moderate,Ozone,80.0,58.0,0.0,13.0,53
1999-11-18,61.0,Moderate,PM2.5,79.0,59.0,0.0,20.0,56
1999-11-19,52.0,Moderate,PM2.5,74.0,58.0,0.0,18.0,62
1999-11-20,53.0,Moderate,PM2.5,69.0,49.0,0.0,7.0,53
1999-11-21,60.0,Moderate,PM2.5,80.0,55.0,0.0,16.0,53
1999-11-22,49.0,Good,PM2.5,80.0,64.0,0.42,19.0,74
1999-11-23,49.0,Good,PM2.5,66.0,52.0,0.51,15.0,70
1999-11-24,32.0,Good,PM2.5,57.0,45.0,0.02,13.0,60
1999-11-25,41.0,Good,NO2,56.0,43.0,0.02,6.0,64
1999-11-26,55.0,Moderate,PM2.5,66.0,42.0,0.0,12.0,52
1999-11-27,41.0,Good,PM2.5,73.0,49.0,0.0,13.0,47
1999-11-28,53.0,Moderate,NO2,70.0,52.0,0.0,11.0,61
1999-11-29,58.0,Moderate,PM2.5,66.0,51.0,0.0,12.0,69
1999-11-30,48.0,Good,PM2.5,62.0,44.0,0.0,10.0,45
1999-12-01,59.0,Moderate,PM2.5,67.0,48.0,0.0,15.0,48
1999-12-02,52.0,Moderate,PM2.5,72.0,57.0,0.1,23.0,73
1999-12-03,58.0,Moderate,PM2.5,78.0,61.0,0.01,18.0,74
1999-12-04,40.0,Good,PM2.5,69.0,50.0,0.63,19.0,76
1999-12-05,28.0,Good,Ozone,51.0,42.0,0.0,19.0,54
1999-12-06,52.0,Moderate,PM2.5,54.0,34.0,0.0,8.0,54
1999-12-07,52.0,Moderate,NO2,63.0,41.0,0.0,16.0,51
1999-12-08,52.0,Moderate,PM2.5,67.0,54.0,0.09,16.0,80
1999-12-09,50.0,Good,PM2.5,63.0,46.0,0.58,24.0,76
1999-12-10,54.0,Moderate,PM2.5,57.0,40.0,0.0,12.0,66
1999-12-11,61.0,Moderate,PM2.5,53.0,46.0,1.52,15.0,92
1999-12-12,45.0,Good,PM2.5,53.0,48.0,1.54,17.0,85
1999-12-13,54.0,Moderate,PM2.5,54.0,41.0,0.0,13.0,60
1999-12-14,34.0,Good,NO2,65.0,41.0,0.0,19.0,50
1999-12-15,36.0,Good,NO2,54.0,39.0,0.0,16.0,39
1999-12-16,37.0,Good,NO2,58.0,35.0,0.0,14.0,44
1999-12-17,46.0,Good,PM2.5,60.0,41.0,0.03,12.0,62
1999-12-18,67.0,Moderate,PM2.5,54.0,42.0,0.26,12.0,81
1999-12-19,76.0,Moderate,PM2.5,60.0,40.0,0.0,13.0,78
1999-12-20,47.0,Good,PM2.5,48.0,40.0,0.0,17.0,58
1999-12-21,47.0,Good,PM2.5,45.0,35.0,0.0,12.0,44
1999-12-22,87.0,Moderate,PM2.5,50.0,32.0,0.0,6.0,66
1999-12-23,68.0,Moderate,PM2.5,55.0,34.0,0.0,9.0,71
1999-12-24,40.0,Good,PM2.5,58.0,40.0,0.0,12.0,61
1999-12-25,67.0,Moderate,PM2.5,54.0,33.0,0.0,7.0,68
1999-12-26,61.0,Moderate,PM2.5,60.0,40.0,0.0,9.0,66
1999-12-27,39.0,Good,PM2.5,64.0,38.0,0.0,14.0,66
1999-12-28,40.0,Good,NO2,65.0,35.0,0.0,13.0,61
1999-12-29,61.0,Moderate,PM2.5,69.0,40.0,0.0,11.0,68
1999-12-30,38.0,Good,PM2.5,68.0,51.0,0.0,12.0,51
1999-12-31,65.0,Moderate,PM2.5,62.0,44.0,0.0,10.0,69
2000-01-01,79.0,Moderate,PM2.5,72.0,44.0,0.0,18.0,72
2000-01-02,64.0,Moderate,PM2.5,70.0,62.0,0.07,18.0,86
2000-01-03,46.0,Good,PM2.5,65.0,47.0,0.09,21.0,52
2000-01-04,55.0,Moderate,PM2.5,47.0,35.0,0.0,20.0,50
2000-01-05,42.0,Good,PM2.5,54.0,33.0,0.0,16.0,47
2000-01-06,57.0,Moderate,PM2.5,62.0,39.0,0.0,9.0,75
2000-01-07,76.0,Moderate,PM2.5,55.0,48.0,0.63,9.0,88
2000-01-08,69.0,Moderate,PM2.5,55.0,49.0,0.2,11.0,84
2000-01-09,51.0,Moderate,PM2.5,68.0,45.0,0.0,18.0,61
2000-01-10,55.0,Moderate,PM2.5,67.0,44.0,0.0,11.0,40
2000-01-11,54.0,Moderate,PM2.5,68.0,41.0,0.0,10.0,55
2000-01-12,60.0,Moderate,PM2.5,76.0,59.0,0.0,21.0,81
2000-01-13,37.0,Good,PM2.5,64.0,49.0,0.0,19.0,43
2000-01-14,44.0,Good,PM2.5,58.0,40.0,0.0,9.0,48
2000-01-15,53.0,Moderate,PM2.5,69.0,45.0,0.0,20.0,60
2000-01-16,46.0,Good,PM2.5,72.0,57.0,0.0,17.0,72
2000-01-17,40.0,Good,PM2.5,75.0,60.0,0.0,18.0,69
2000-01-18,63.0,Moderate,PM2.5,72.0,57.0,0.0,11.0,76
2000-01-19,67.0,Moderate,PM2.5,75.0,47.0,0.0,13.0,75
2000-01-20,36.0,Good,NO2,58.0,42.0,0.0,15.0,42
2000-01-21,74.0,Moderate,PM2.5,60.0,37.0,0.0,15.0,52
2000-01-22,61.0,Moderate,PM2.5,71.0,56.0,0.01,17.0,70
2000-01-23,68.0,Moderate,PM2.5,60.0,46.0,0.0,12.0,74
2000-01-24,54.0,Moderate,PM2.5,49.0,36.0,0.0,13.0,55
2000-01-25,51.0,Moderate,PM2.5,51.0,37.0,0.0,15.0,51
2000-01-26,52.0,Moderate,PM2.5,44.0,36.0,0.03,13.0,40
2000-01-27,55.0,Moderate,PM2.5,37.0,31.0,1.05,14.0,86
2000-01-28,62.0,Moderate,PM2.5,34.0,28.0,0.0,11.0,75
2000-01-29,73.0,Moderate,PM2.5,37.0,28.0,0.0,10.0,71
2000-01-30,87.0,Moderate,PM2.5,44.0,24.0,0.0,6.0,78
2000-01-31,81.0,Moderate,PM2.5,52.0,29.0,0.0,9.0,70
2000-02-01,63.0,Moderate,PM2.5,55.0,41.0,0.0,8.0,65
2000-02-02,99.0,Moderate,PM2.5,53.0,33.0,0.0,8.0,74
2000-02-03,67.0,Moderate,PM2.5,67.0,42.0,0.0,10.0,66
2000-02-04,31.0,Good,NO2,51.0,40.0,0.0,16.0,50
2000-02-05,58.0,Moderate,PM2.5,49.0,31.0,0.0,7.0,61
2000-02-06,58.0,Moderate,PM2.5,62.0,37.0,0.0,14.0,66
2000-02-07,62.0,Moderate,NO2,67.0,48.0,0.0,8.0,76
2000-02-08,55.0,Moderate,NO2,65.0,42.0,0.0,9.0,55
2000-02-09,55.0,Moderate,PM2.5,74.0,49.0,0.0,19.0,56
2000-02-10,54.0,Moderate,PM2.5,78.0,57.0,0.0,17.0,71
2000-02-11,97.0,Moderate,PM2.5,65.0,50.0,0.0,12.0,73
2000-02-12,97.0,Moderate,PM2.5,63.0,39.0,0.0,10.0,71
2000-02-13,69.0,Moderate,PM2.5,73.0,52.0,0.0,17.0,61
2000-02-14,79.0,Moderate,PM2.5,61.0,42.0,0.0,8.0,61
2000-02-15,68.0,Moderate,PM2.5,80.0,48.0,0.0,16.0,60
2000-02-16,88.0,Moderate,PM2.5,71.0,60.0,0.02,12.0,86
2000-02-17,56.0,Moderate,PM2.5,78.0,63.0,0.06,20.0,81
2000-02-18,60.0,Moderate,PM2.5,70.0,51.0,0.07,19.0,64
2000-02-19,69.0,Moderate,PM2.5,56.0,39.0,0.0,12.0,55
2000-02-20,70.0,Moderate,PM2.5,63.0,41.0,0.0,7.0,65
2000-02-21,64.0,Moderate,PM2.5,71.0,48.0,0.0,19.0,60
2000-02-22,52.0,Moderate,PM2.5,73.0,58.0,0.13,19.0,71
2000-02-23,42.0,Good,NO2,74.0,58.0,0.65,20.0,62
2000-02-24,53.0,Moderate,PM2.5,75.0,59.0,0.0,20.0,72
2000-02-25,52.0,Moderate,PM2.5,76.0,64.0,0.42,24.0,77
2000-02-26,41.0,Good,Ozone,66.0,54.0,0.7,19.0,56
2000-02-27,61.0,Moderate,NO2,68.0,43.0,0.0,8.0,58
2000-02-28,54.0,Moderate,PM2.5,69.0,48.0,0.0,16.0,54
2000-02-29,51.0,Moderate,NO2,78.0,58.0,0.03,18.0,64
2000-03-01,35.0,Good,PM2.5,70.0,49.0,0.0,12.0,58
2000-03-02,62.0,Moderate,PM2.5,72.0,57.0,0.49,19.0,75
2000-03-03,37.0,Good,NO2,62.0,47.0,0.01,17.0,65
2000-03-04,50.0,Good,NO2,60.0,41.0,0.0,8.0,69
2000-03-05,66.0,Moderate,PM2.5,67.0,43.0,0.0,12.0,69
2000-03-06,71.0,Moderate,PM2.5,72.0,56.0,0.0,14.0,77
2000-03-07,63.0,Moderate,PM2.5,76.0,63.0,0.0,20.0,77
2000-03-08,54.0,Moderate,PM2.5,74.0,56.0,0.33,12.0,57
2000-03-09,53.0,Moderate,PM2.5,71.0,50.0,0.0,9.0,60
2000-03-10,65.0,Moderate,PM2.5,62.0,51.0,0.72,16.0,75
2000-03-11,56.0,Moderate,PM2.5,55.0,39.0,0.0,17.0,58
2000-03-12,57.0,Moderate,PM2.5,60.0,37.0,0.0,7.0,66
2000-03-13,59.0,Moderate,PM2.5,68.0,45.0,0.0,11.0,68
2000-03-14,68.0,Moderate,PM2.5,68.0,55.0,0.02,10.0,69
2000-03-15,60.0,Moderate,PM2.5,71.0,51.0,0.0,8.0,79
2000-03-16,53.0,Moderate,PM2.5,72.0,48.0,0.04,18.0,83
2000-03-17,59.0,Moderate,PM2.5,50.0,41.0,0.78,13.0,83
2000-03-18,57.0,Moderate,PM2.5,71.0,40.0,0.01,16.0,79
2000-03-19,42.0,Good,NO2,62.0,44.0,0.0,18.0,58
2000-03-20,54.0,Moderate,Ozone,71.0,45.0,0.0,18.0,60
2000-03-21,52.0,Moderate,PM2.5,64.0,56.0,0.22,15.0,72
2000-03-22,62.0,Moderate,PM2.5,74.0,55.0,0.33,16.0,81
2000-03-23,55.0,Moderate,PM2.5,72.0,60.0,0.28,19.0,71
2000-03-24,62.0,Moderate,PM2.5,80.0,53.0,0.0,11.0,69
2000-03-25,57.0,Moderate,PM2.5,80.0,66.0,0.28,11.0,79
2000-03-26,55.0,Moderate,PM2.5,82.0,62.0,0.07,12.0,79
2000-03-27,60.0,Moderate,NO2,72.0,58.0,0.0,13.0,64
2000-03-28,62.0,Moderate,PM2.5,82.0,57.0,0.09,14.0,68
2000-03-29,60.0,Moderate,PM2.5,80.0,60.0,0.21,14.0,72
2000-03-30,45.0,Good,PM2.5,64.0,50.0,0.0,12.0,70
2000-03-31,60.0,Moderate,PM2.5,68.0,50.0,0.01,11.0,76
2000-04-01,81.0,Moderate,PM2.5,67.0,58.0,0.42,10.0,82
2000-04-02,76.0,Moderate,PM2.5,64.0,54.0,0.53,11.0,84
2000-04-03,57.0,Moderate,PM2.5,62.0,51.0,0.01,19.0,68
2000-04-04,45.0,Good,Ozone,66.0,42.0,0.0,11.0,54
2000-04-05,80.0,Moderate,Ozone,76.0,51.0,0.0,20.0,54
2000-04-06,74.0,Moderate,Ozone,80.0,57.0,0.0,19.0,66
2000-04-07,67.0,Moderate,Ozone,87.0,63.0,0.0,23.0,62
2000-04-08,47.0,Good,Ozone,62.0,48.0,0.0,18.0,42
2000-04-09,77.0,Moderate,Ozone,68.0,44.0,0.0,16.0,54
2000-04-10,53.0,Moderate,PM2.5,72.0,57.0,0.0,23.0,69
2000-04-11,52.0,Moderate,PM2.5,74.0,64.0,0.53,12.0,84
2000-04-12,55.0,Moderate,PM2.5,63.0,52.0,0.76,13.0,91
2000-04-13,44.0,Good,PM2.5,64.0,50.0,0.0,6.0,75
2000-04-14,64.0,Moderate,PM2.5,74.0,50.0,0.0,10.0,77
2000-04-15,74.0,Moderate,Ozone,72.0,56.0,0.02,16.0,80
2000-04-16,43.0,Good,PM2.5,77.0,63.0,0.02,16.0,77
2000-04-17,44.0,Good,PM2.5,74.0,53.0,0.0,8.0,71
2000-04-18,72.0,Moderate,PM2.5,83.0,64.0,0.0,17.0,76
2000-04-19,66.0,Moderate,PM2.5,85.0,68.0,0.0,20.0,72
2000-04-20,51.0,Moderate,NO2,76.0,63.0,0.0,18.0,45
2000-04-21,51.0,Moderate,NO2,73.0,55.0,0.0,11.0,58
2000-04-22,100.0,Moderate,Ozone,78.0,52.0,0.0,16.0,59
2000-04-23,64.0,Moderate,Ozone,86.0,65.0,0.0,18.0,55
2000-04-24,61.0,Moderate,PM2.5,75.0,59.0,0.0,15.0,62
2000-04-25,90.0,Moderate,Ozone,78.0,57.0,0.0,7.0,64
2000-04-26,129.0,Unhealthy for Sensitive Groups,Ozone,82.0,62.0,0.0,7.0,61
2000-04-27,63.0,Moderate,PM2.5,80.0,66.0,0.0,11.0,61
2000-04-28,58.0,Moderate,Ozone,77.0,59.0,0.0,9.0,53
2000-04-29,105.0,Unhealthy for Sensitive Groups,Ozone,83.0,62.0,0.02,12.0,60
2000-04-30,76.0,Moderate,PM2.5,80.0,67.0,0.24,22.0,80
2000-05-01,40.0,Good,NO2,77.0,65.0,0.27,16.0,74
2000-05-02,48.0,Good,Ozone,75.0,58.0,0.0,8.0,63
2000-05-03,54.0,Moderate,PM2.5,73.0,59.0,0.8,7.0,86
2000-05-04,47.0,Good,Ozone,74.0,62.0,0.84,8.0,86
2000-05-05,66.0,Moderate,PM2.5,80.0,66.0,0.11,16.0,86
2000-05-06,68.0,Moderate,PM2.5,84.0,69.0,0.0,25.0,75
2000-05-07,62.0,Moderate,PM2.5,86.0,71.0,0.0,21.0,71
2000-05-08,64.0,Moderate,PM2.5,86.0,70.0,0.0,20.0,71
2000-05-09,55.0,Moderate,PM2.5,77.0,68.0,0.13,20.0,76
2000-05-10,66.0,Moderate,PM2.5,83.0,62.0,0.0,15.0,79
2000-05-11,96.0,Moderate,PM2.5,89.0,72.0,0.0,22.0,73
2000-05-12,75.0,Moderate,PM2.5,90.0,74.0,0.06,21.0,72
2000-05-13,50.0,Good,Ozone,78.0,64.0,0.01,16.0,47
2000-05-14,90.0,Moderate,Ozone,76.0,56.0,0.0,10.0,52
2000-05-15,133.0,Unhealthy for Sensitive Groups,Ozone,82.0,60.0,0.0,15.0,65
2000-05-16,64.0,Moderate,PM2.5,87.0,70.0,0.01,20.0,71
2000-05-17,55.0,Moderate,PM2.5,87.0,71.0,0.0,23.0,65
2000-05-18,57.0,Moderate,PM2.5,86.0,70.0,0.91,21.0,76
2000-05-19,38.0,Good,PM2.5,70.0,65.0,1.52,9.0,82
2000-05-20,93.0,Moderate,Ozone,79.0,61.0,0.26,8.0,73
2000-05-21,143.0,Unhealthy for Sensitive Groups,Ozone,83.0,61.0,0.0,8.0,72
2000-05-22,74.0,Moderate,Ozone,90.0,69.0,0.0,16.0,68
2000-05-23,58.0,Moderate,Ozone,90.0,72.0,0.0,18.0,70
2000-05-24,55.0,Moderate,PM2.5,91.0,74.0,0.0,18.0,72
2000-05-25,62.0,Moderate,PM2.5,89.0,76.0,0.0,19.0,74
2000-05-26,78.0,Moderate,PM2.5,88.0,76.0,0.12,21.0,74
2000-05-27,64.0,Moderate,PM2.5,89.0,73.0,0.46,18.0,76
2000-05-28,108.0,Unhealthy for Sensitive Groups,Ozone,87.0,72.0,0.0,7.0,76
2000-05-29,147.0,Unhealthy for Sensitive Groups,Ozone,89.0,67.0,0.0,7.0,74
2000-05-30,67.0,Moderate,PM2.5,90.0,74.0,0.0,12.0,71
2000-05-31,68.0,Moderate,PM2.5,89.0,74.0,0.0,11.0,67
2000-06-01,67.0,Moderate,PM2.5,87.0,73.0,0.0,12.0,67
2000-06-02,68.0,Moderate,PM2.5,87.0,73.0,0.02,9.0,66
2000-06-03,56.0,Moderate,PM2.5,81.0,74.0,0.2,9.0,77
2000-06-04,29.0,Good,PM2.5,79.0,71.0,1.69,8.0,90
2000-06-05,51.0,Moderate,Ozone,81.0,69.0,0.0,15.0,72
2000-06-06,84.0,Moderate,Ozone,78.0,61.0,0.0,10.0,66
2000-06-07,122.0,Unhealthy for Sensitive Groups,Ozone,79.0,60.0,0.0,8.0,68
2000-06-08,126.0,Unhealthy for Sensitive Groups,Ozone,83.0,62.0,0.0,9.0,70
2000-06-09,34.0,Good,Ozone,81.0,72.0,0.32,16.0,85
2000-06-10,60.0,Moderate,PM2.5,81.0,73.0,0.57,15.0,90
2000-06-11,51.0,Moderate,PM2.5,79.0,73.0,0.59,11.0,91
2000-06-12,61.0,Moderate,PM2.5,86.0,72.0,0.03,12.0,81
2000-06-13,54.0,Moderate,PM2.5,87.0,73.0,0.0,14.0,72
2000-06-14,47.0,Good,PM2.5,84.0,72.0,0.67,17.0,79
2000-06-15,50.0,Good,PM2.5,85.0,71.0,0.93,14.0,85
2000-06-16,51.0,Moderate,PM2.5,86.0,75.0,0.12,18.0,74
2000-06-17,44.0,Good,PM2.5,83.0,73.0,1.11,12.0,86
2000-06-18,42.0,Good,Ozone,82.0,71.0,0.68,7.0,89
2000-06-19,52.0,Moderate,PM2.5,86.0,73.0,0.2,14.0,87
2000-06-20,43.0,Good,PM2.5,87.0,75.0,0.06,18.0,75
2000-06-21,50.0,Good,PM2.5,89.0,76.0,0.0,17.0,72
2000-06-22,60.0,Moderate,PM2.5,87.0,74.0,0.0,11.0,73
2000-06-23,70.0,Moderate,PM2.5,88.0,75.0,0.0,14.0,69
2000-06-24,64.0,Moderate,PM2.5,90.0,74.0,0.0,16.0,61
2000-06-25,52.0,Moderate,PM2.5,90.0,75.0,0.0,16.0,67
2000-06-26,57.0,Moderate,PM2.5,87.0,76.0,0.0,11.0,68
2000-06-27,56.0,Moderate,PM2.5,87.0,75.0,0.22,6.0,81
2000-06-28,51.0,Moderate,Ozone,89.0,74.0,0.15,9.0,82
2000-06-29,61.0,Moderate,Ozone,84.0,72.0,0.0,8.0,73
2000-06-30,69.0,Moderate,PM2.5,83.0,74.0,0.12,8.0,78
2000-07-01,63.0,Moderate,PM2.5,86.0,76.0,0.11,13.0,79
2000-07-02,69.0,Moderate,PM2.5,89.0,77.0,0.06,13.0,69
2000-07-03,86.0,Moderate,PM2.5,90.0,75.0,0.0,14.0,64
2000-07-04,87.0,Moderate,PM2.5,90.0,74.0,0.0,15.0,60
2000-07-05,71.0,Moderate,Ozone,90.0,76.0,0.0,12.0,66
2000-07-06,84.0,Moderate,Ozone,90.0,74.0,0.0,9.0,63
2000-07-07,69.0,Moderate,PM2.5,92.0,75.0,0.0,8.0,63
2000-07-08,100.0,Moderate,Ozone,93.0,76.0,0.0,7.0,60
2000-07-09,101.0,Unhealthy for Sensitive Groups,Ozone,95.0,78.0,0.0,12.0,54
2000-07-10,52.0,Moderate,PM2.5,94.0,79.0,0.0,12.0,55
2000-07-11,62.0,Moderate,PM2.5,96.0,78.0,0.0,13.0,55
2000-07-12,64.0,Moderate,Ozone,97.0,78.0,0.01,11.0,53
2000-07-13,133.0,Unhealthy for Sensitive Groups,Ozone,99.0,81.0,0.02,9.0,53
2000-07-14,204.0,Very Unhealthy,Ozone,97.0,80.0,0.02,6.0,62
2000-07-15,151.0,Unhealthy,Ozone,99.0,81.0,0.0,8.0,53
2000-07-16,90.0,Moderate,Ozone,100.0,83.0,0.0,13.0,40
2000-07-17,74.0,Moderate,Ozone,99.0,80.0,0.0,11.0,40
2000-07-18,74.0,Moderate,Ozone,98.0,80.0,0.0,10.0,45
2000-07-19,101.0,Unhealthy for Sensitive Groups,Ozone,100.0,81.0,0.0,9.0,48
2000-07-20,129.0,Unhealthy for Sensitive Groups,Ozone,99.0,80.0,0.01,11.0,46
2000-07-21,172.0,Unhealthy,Ozone,99.0,81.0,0.0,9.0,46
2000-07-22,129.0,Unhealthy for Sensitive Groups,Ozone,95.0,79.0,0.0,19.0,55
2000-07-23,71.0,Moderate,Ozone,90.0,77.0,0.0,11.0,55
2000-07-24,115.0,Unhealthy for Sensitive Groups,Ozone,90.0,70.0,0.0,8.0,53
2000-07-25,159.0,Unhealthy,Ozone,93.0,73.0,0.0,9.0,46
2000-07-26,100.0,Moderate,Ozone,95.0,75.0,0.0,10.0,49
2000-07-27,73.0,Moderate,PM2.5,94.0,77.0,0.0,11.0,46
2000-07-28,105.0,Unhealthy for Sensitive Groups,Ozone,95.0,76.0,0.0,9.0,50
2000-07-29,100.0,Moderate,Ozone,94.0,79.0,0.0,12.0,48
2000-07-30,84.0,Moderate,Ozone,91.0,76.0,0.0,9.0,52
2000-07-31,119.0,Unhealthy for Sensitive Groups,Ozone,92.0,74.0,0.0,7.0,49
2000-08-01,164.0,Unhealthy,Ozone,92.0,73.0,0.0,6.0,50
2000-08-02,202.0,Very Unhealthy,Ozone,97.0,73.0,0.0,9.0,46
2000-08-03,151.0,Unhealthy,Ozone,99.0,80.0,0.04,12.0,48
2000-08-04,122.0,Unhealthy for Sensitive Groups,Ozone,98.0,80.0,0.0,12.0,47
2000-08-05,56.0,Moderate,PM2.5,98.0,80.0,0.0,12.0,44
2000-08-06,43.0,Good,PM2.5,99.0,81.0,0.0,14.0,46
2000-08-07,57.0,Moderate,PM2.5,99.0,81.0,0.0,14.0,46
2000-08-08,48.0,Good,PM2.5,96.0,81.0,0.0,14.0,49
2000-08-09,50.0,Good,PM2.5,95.0,79.0,0.0,11.0,56
2000-08-10,90.0,Moderate,Ozone,97.0,81.0,0.0,8.0,46
2000-08-11,136.0,Unhealthy for Sensitive Groups,Ozone,99.0,78.0,0.0,6.0,42
2000-08-12,172.0,Unhealthy,Ozone,99.0,80.0,0.0,10.0,48
2000-08-13,112.0,Unhealthy for Sensitive Groups,Ozone,98.0,78.0,0.0,9.0,40
2000-08-14,179.0,Unhealthy,Ozone,96.0,74.0,0.0,8.0,40
2000-08-15,60.0,Moderate,PM2.5,97.0,79.0,0.0,9.0,50
2000-08-16,71.0,Moderate,PM2.5,98.0,81.0,0.0,7.0,48
2000-08-17,97.0,Moderate,Ozone,101.0,82.0,0.0,8.0,37
2000-08-18,143.0,Unhealthy for Sensitive Groups,Ozone,101.0,83.0,0.0,9.0,37
2000-08-19,115.0,Unhealthy for Sensitive Groups,Ozone,101.0,82.0,0.0,10.0,33
2000-08-20,97.0,Moderate,Ozone,99.0,78.0,0.0,10.0,36
2000-08-21,77.0,Moderate,Ozone,99.0,81.0,0.0,11.0,41
2000-08-22,143.0,Unhealthy for Sensitive Groups,Ozone,98.0,80.0,0.0,12.0,47
2000-08-23,136.0,Unhealthy for Sensitive Groups,Ozone,95.0,79.0,0.01,9.0,55
2000-08-24,187.0,Unhealthy,Ozone,95.0,79.0,0.0,8.0,52
2000-08-25,115.0,Unhealthy for Sensitive Groups,Ozone,98.0,80.0,0.0,10.0,50
2000-08-26,90.0,Moderate,Ozone,98.0,81.0,0.0,10.0,45
2000-08-27,61.0,Moderate,Ozone,99.0,81.0,0.0,11.0,43
2000-08-28,77.0,Moderate,Ozone,99.0,81.0,0.0,12.0,43
2000-08-29,101.0,Unhealthy for Sensitive Groups,Ozone,99.0,81.0,0.0,9.0,41
2000-08-30,105.0,Unhealthy for Sensitive Groups,Ozone,102.0,81.0,0.0,8.0,37
2000-08-31,115.0,Unhealthy for Sensitive Groups,Ozone,103.0,83.0,0.0,8.0,33
2000-09-01,156.0,Unhealthy,Ozone,104.0,82.0,0.0,6.0,34
2000-09-02,201.0,Very Unhealthy,Ozone,105.0,81.0,0.0,6.0,34
2000-09-03,179.0,Unhealthy,Ozone,105.0,82.0,0.0,6.0,34
2000-09-04,172.0,Unhealthy,Ozone,107.0,81.0,0.0,6.0,34
2000-09-05,100.0,Moderate,Ozone,102.0,82.0,0.0,14.0,36
2000-09-06,100.0,Moderate,Ozone,92.0,75.0,0.0,11.0,41
2000-09-07,93.0,Moderate,Ozone,93.0,76.0,0.0,10.0,47
2000-09-08,61.0,Moderate,PM2.5,84.0,73.0,0.0,8.0,60
2000-09-09,52.0,Moderate,PM2.5,91.0,75.0,0.01,9.0,64
2000-09-10,87.0,Moderate,Ozone,96.0,78.0,0.0,10.0,56
2000-09-11,59.0,Moderate,PM2.5,99.0,80.0,0.0,13.0,50
2000-09-12,46.0,Good,PM2.5,96.0,80.0,0.0,14.0,53
2000-09-13,53.0,Moderate,PM2.5,93.0,75.0,0.0,8.0,58
2000-09-14,101.0,Unhealthy for Sensitive Groups,Ozone,94.0,75.0,0.0,5.0,58
2000-09-15,93.0,Moderate,Ozone,93.0,79.0,0.0,13.0,42
2000-09-16,122.0,Unhealthy for Sensitive Groups,Ozone,87.0,69.0,0.0,10.0,33
2000-09-17,97.0,Moderate,Ozone,87.0,65.0,0.0,7.0,31
2000-09-18,101.0,Unhealthy for Sensitive Groups,Ozone,90.0,64.0,0.0,7.0,29
2000-09-19,151.0,Unhealthy,Ozone,92.0,69.0,0.0,15.0,36
2000-09-20,52.0,Moderate,PM2.5,95.0,73.0,0.0,18.0,46
2000-09-21,49.0,Good,Ozone,89.0,70.0,0.0,16.0,52
2000-09-22,54.0,Moderate,PM2.5,95.0,75.0,0.01,15.0,64
2000-09-23,55.0,Moderate,PM2.5,98.0,79.0,0.03,19.0,64
2000-09-24,37.0,Good,PM2.5,84.0,64.0,1.13,19.0,81
2000-09-25,33.0,Good,NO2,63.0,52.0,0.0,18.0,54
2000-09-26,45.0,Good,NO2,69.0,51.0,0.0,6.0,64
2000-09-27,58.0,Moderate,PM2.5,76.0,54.0,0.0,6.0,65
2000-09-28,67.0,Moderate,Ozone,80.0,60.0,0.0,6.0,58
2000-09-29,105.0,Unhealthy for Sensitive Groups,Ozone,81.0,58.0,0.0,7.0,51
2000-09-30,115.0,Unhealthy for Sensitive Groups,Ozone,84.0,58.0,0.0,9.0,48
2000-10-01,147.0,Unhealthy for Sensitive Groups,Ozone,87.0,64.0,0.0,13.0,40
2000-10-02,58.0,Moderate,Ozone,92.0,68.0,0.0,16.0,47
2000-10-03,49.0,Good,PM2.5,92.0,72.0,0.0,17.0,59
2000-10-04,43.0,Good,PM2.5,92.0,73.0,0.0,15.0,58
2000-10-05,54.0,Moderate,PM2.5,92.0,72.0,0.0,14.0,58
2000-10-06,36.0,Good,PM2.5,78.0,59.0,0.74,18.0,70
2000-10-07,30.0,Good,Ozone,63.0,49.0,0.0,17.0,47
2000-10-08,30.0,Good,Ozone,53.0,46.0,0.0,16.0,37
2000-10-09,44.0,Good,PM2.5,58.0,44.0,0.0,8.0,46
2000-10-10,68.0,Moderate,PM2.5,62.0,44.0,0.0,8.0,53
2000-10-11,56.0,Moderate,PM2.5,68.0,51.0,0.0,9.0,40
2000-10-12,66.0,Moderate,PM2.5,78.0,62.0,0.0,11.0,41
2000-10-13,67.0,Moderate,Ozone,82.0,61.0,0.0,14.0,55
2000-10-14,54.0,Moderate,PM2.5,80.0,65.0,0.0,13.0,63
2000-10-15,55.0,Moderate,PM2.5,81.0,69.0,0.93,12.0,75
2000-10-16,51.0,Moderate,PM2.5,78.0,67.0,0.45,11.0,84
2000-10-17,47.0,Good,PM2.5,75.0,60.0,0.0,7.0,73
2000-10-18,57.0,Moderate,PM2.5,76.0,60.0,0.0,6.0,61
2000-10-19,71.0,Moderate,PM2.5,77.0,57.0,0.0,5.0,64
2000-10-20,78.0,Moderate,PM2.5,72.0,62.0,0.21,9.0,71
2000-10-21,108.0,Unhealthy for Sensitive Groups,PM2.5,71.0,62.0,0.3,12.0,83
2000-10-22,77.0,Moderate,PM2.5,78.0,66.0,0.95,13.0,86
2000-10-23,68.0,Moderate,PM2.5,78.0,68.0,0.15,10.0,89
2000-10-24,79.0,Moderate,PM2.5,79.0,67.0,0.03,13.0,73
2000-10-25,82.0,Moderate,PM2.5,78.0,63.0,0.0,15.0,70
2000-10-26,61.0,Moderate,PM2.5,76.0,66.0,0.4,11.0,83
2000-10-27,60.0,Moderate,PM2.5,78.0,64.0,0.02,9.0,85
2000-10-28,53.0,Moderate,PM2.5,78.0,66.0,0.0,15.0,78
2000-10-29,32.0,Good,PM2.5,76.0,68.0,0.3,16.0,85
2000-10-30,58.0,Moderate,PM2.5,79.0,67.0,0.06,10.0,86
2000-10-31,69.0,Moderate,PM2.5,79.0,69.0,0.0,16.0,75
2000-11-01,56.0,Moderate,PM2.5,78.0,68.0,0.57,18.0,82
2000-11-02,55.0,Moderate,PM2.5,77.0,57.0,0.04,9.0,74
2000-11-03,45.0,Good,PM2.5,67.0,59.0,1.74,10.0,93
2000-11-04,38.0,Good,PM2.5,67.0,60.0,0.07,10.0,91
2000-11-05,31.0,Good,PM2.5,68.0,61.0,0.96,12.0,90
2000-11-06,23.0,Good,PM2.5,68.0,54.0,0.86,17.0,72
2000-11-07,25.0,Good,PM2.5,52.0,47.0,0.35,15.0,67
2000-11-08,19.0,Good,PM2.5,47.0,38.0,0.48,17.0,84
2000-11-09,44.0,Good,PM2.5,53.0,36.0,0.1,13.0,73
2000-11-10,57.0,Moderate,PM2.5,56.0,38.0,0.0,7.0,75
2000-11-11,69.0,Moderate,PM2.5,57.0,42.0,0.01,12.0,82
2000-11-12,60.0,Moderate,PM2.5,55.0,42.0,0.78,15.0,89
2000-11-13,48.0,Good,PM2.5,48.0,35.0,0.0,13.0,57
2000-11-14,63.0,Moderate,PM2.5,51.0,33.0,0.0,7.0,61
2000-11-15,66.0,Moderate,PM2.5,55.0,36.0,0.0,14.0,66
2000-11-16,64.0,Moderate,PM2.5,56.0,45.0,0.19,13.0,73
2000-11-17,50.0,Good,PM2.5,47.0,38.0,0.0,12.0,56
2000-11-18,56.0,Moderate,PM2.5,44.0,39.0,0.15,8.0,71
2000-11-19,84.0,Moderate,PM2.5,55.0,37.0,0.0,7.0,73
2000-11-20,70.0,Moderate,PM2.5,53.0,35.0,0.0,10.0,70
2000-11-21,57.0,Moderate,PM2.5,56.0,31.0,0.0,10.0,69
2000-11-22,63.0,Moderate,PM2.5,59.0,40.0,0.07,12.0,77
2000-11-23,54.0,Moderate,PM2.5,58.0,51.0,1.17,13.0,94
2000-11-24,26.0,Good,PM2.5,52.0,50.0,0.31,17.0,94
2000-11-25,52.0,Moderate,PM2.5,61.0,44.0,0.0,12.0,77
2000-11-26,51.0,Moderate,PM2.5,59.0,41.0,0.0,8.0,66
2000-11-27,63.0,Moderate,PM2.5,62.0,40.0,0.0,7.0,73
2000-11-28,72.0,Moderate,PM2.5,69.0,45.0,0.03,9.0,86
2000-11-29,52.0,Moderate,PM2.5,59.0,45.0,0.05,14.0,59
2000-11-30,49.0,Good,PM2.5,61.0,38.0,0.0,12.0,65
2000-12-01,53.0,Moderate,PM2.5,55.0,42.0,0.0,17.0,69
2000-12-02,58.0,Moderate,PM2.5,45.0,36.0,0.0,14.0,62
2000-12-03,60.0,Moderate,PM2.5,44.0,36.0,0.0,10.0,63
2000-12-04,73.0,Moderate,PM2.5,51.0,36.0,0.0,4.0,70
2000-12-05,79.0,Moderate,PM2.5,54.0,35.0,0.0,7.0,77
2000-12-06,61.0,Moderate,PM2.5,50.0,41.0,0.0,18.0,74
2000-12-07,61.0,Moderate,PM2.5,59.0,33.0,0.0,13.0,70
2000-12-08,63.0,Moderate,PM2.5,56.0,38.0,0.0,11.0,75
2000-12-09,79.0,Moderate,PM2.5,62.0,41.0,0.0,10.0,83
2000-12-10,66.0,Moderate,PM2.5,69.0,49.0,0.0,13.0,85
2000-12-11,56.0,Moderate,PM2.5,63.0,28.0,0.02,19.0,73
2000-12-12,37.0,Good,PM2.5,32.0,24.0,0.09,15.0,45
2000-12-13,56.0,Moderate,PM2.5,38.0,29.0,0.53,9.0,82
2000-12-14,89.0,Moderate,PM2.5,46.0,28.0,0.0,9.0,80
2000-12-15,80.0,Moderate,PM2.5,52.0,36.0,0.14,13.0,91
2000-12-16,38.0,Good,PM2.5,54.0,32.0,0.0,25.0,61
2000-12-17,53.0,Moderate,PM2.5,44.0,28.0,0.0,15.0,50
2000-12-18,38.0,Good,NO2,51.0,36.0,0.0,21.0,58
2000-12-19,41.0,Good,NO2,43.0,31.0,0.0,14.0,54
2000-12-20,52.0,Moderate,PM10,59.0,34.0,0.0,24.0,56
2000-12-21,37.0,Good,NO2,46.0,32.0,0.0,18.0,57
2000-12-22,43.0,Good,PM2.5,46.0,27.0,0.0,12.0,64
2000-12-23,56.0,Moderate,PM2.5,47.0,37.0,0.05,12.0,72
2000-12-24,70.0,Moderate,PM2.5,42.0,37.0,0.03,10.0,82
2000-12-25,52.0,Moderate,PM2.5,39.0,33.0,1.09,13.0,94
2000-12-26,29.0,Good,PM2.5,34.0,32.0,1.42,13.0,95
2000-12-27,61.0,Moderate,PM2.5,34.0,31.0,0.35,12.0,87
2000-12-28,68.0,Moderate,PM2.5,46.0,31.0,0.07,9.0,84
2000-12-29,63.0,Moderate,PM2.5,44.0,32.0,0.0,14.0,71
2000-12-30,59.0,Moderate,PM2.5,40.0,25.0,0.0,7.0,75
2000-12-31,59.0,Moderate,PM2.5,33.0,28.0,0.18,10.0,79
2001-01-01,61.0,Moderate,PM2.5,29.0,25.0,0.0,7.0,84
2001-01-02,65.0,Moderate,PM2.5,31.0,23.0,0.0,7.0,75
2001-01-03,83.0,Moderate,PM2.5,44.0,17.0,0.0,9.0,80
2001-01-04,68.0,Moderate,PM2.5,57.0,30.0,0.0,7.0,77
2001-01-05,57.0,Moderate,PM2.5,61.0,34.0,0.0,8.0,77
2001-01-06,67.0,Moderate,PM2.5,64.0,33.0,0.0,11.0,81
2001-01-07,53.0,Moderate,PM2.5,57.0,44.0,0.0,18.0,75
2001-01-08,56.0,Moderate,PM2.5,56.0,34.0,0.0,10.0,70
2001-01-09,76.0,Moderate,PM2.5,58.0,34.0,0.0,8.0,72
2001-01-10,65.0,Moderate,PM2.5,44.0,38.0,0.68,12.0,81
2001-01-11,61.0,Moderate,PM2.5,48.0,38.0,0.04,8.0,84
2001-01-12,71.0,Moderate,PM2.5,49.0,37.0,0.0,10.0,84
2001-01-13,58.0,Moderate,PM2.5,50.0,43.0,0.06,15.0,92
2001-01-14,54.0,Moderate,PM2.5,54.0,39.0,0.0,11.0,66
2001-01-15,65.0,Moderate,PM2.5,56.0,32.0,0.0,9.0,72
2001-01-16,42.0,Good,PM2.5,47.0,41.0,0.56,13.0,83
2001-01-17,55.0,Moderate,PM2.5,40.0,38.0,0.49,13.0,91
2001-01-18,74.0,Moderate,PM2.5,39.0,36.0,0.37,12.0,83
2001-01-19,54.0,Moderate,PM2.5,45.0,29.0,0.0,18.0,60
2001-01-20,52.0,Moderate,PM2.5,43.0,23.0,0.0,9.0,60
2001-01-21,61.0,Moderate,PM2.5,45.0,33.0,0.05,10.0,74
2001-01-22,98.0,Moderate,PM2.5,52.0,29.0,0.0,6.0,82
2001-01-23,92.0,Moderate,PM2.5,56.0,37.0,0.0,9.0,79
2001-01-24,99.0,Moderate,PM2.5,58.0,35.0,0.0,7.0,82
2001-01-25,92.0,Moderate,PM2.5,57.0,36.0,0.0,14.0,79
2001-01-26,59.0,Moderate,PM2.5,66.0,49.0,0.0,14.0,69
2001-01-27,73.0,Moderate,PM2.5,48.0,39.0,0.06,14.0,72
2001-01-28,69.0,Moderate,PM2.5,62.0,47.0,0.24,18.0,93
2001-01-29,36.0,Good,NO2,60.0,40.0,0.74,17.0,67
2001-01-30,42.0,Good,NO2,60.0,44.0,0.0,16.0,47
2001-01-31,41.0,Good,NO2,53.0,38.0,0.0,12.0,60
2001-02-01,65.0,Moderate,NO2,55.0,31.0,0.0,7.0,61
2001-02-02,61.0,Moderate,PM2.5,49.0,32.0,0.0,10.0,66
2001-02-03,56.0,Moderate,PM2.5,60.0,35.0,0.0,13.0,66
2001-02-04,51.0,Moderate,PM2.5,61.0,39.0,0.0,12.0,64
2001-02-05,53.0,Moderate,PM2.5,62.0,36.0,0.0,16.0,62
2001-02-06,59.0,Moderate,PM2.5,69.0,49.0,0.0,16.0,72
2001-02-07,60.0,Moderate,PM2.5,70.0,54.0,0.0,19.0,85
2001-02-08,55.0,Moderate,PM2.5,72.0,64.0,0.03,21.0,85
2001-02-09,38.0,Good,PM2.5,68.0,36.0,0.44,26.0,65
2001-02-10,43.0,Good,PM2.5,44.0,28.0,0.0,11.0,60
2001-02-11,54.0,Moderate,PM2.5,44.0,38.0,0.19,11.0,78
2001-02-12,58.0,Moderate,PM2.5,49.0,42.0,0.14,8.0,96
2001-02-13,60.0,Moderate,PM2.5,67.0,48.0,0.0,10.0,95
2001-02-14,54.0,Moderate,PM2.5,73.0,63.0,0.01,16.0,88
2001-02-15,38.0,Good,PM2.5,65.0,46.0,1.58,14.0,96
2001-02-16,51.0,Moderate,PM2.5,51.0,36.0,1.35,21.0,82
2001-02-17,67.0,Moderate,PM2.5,47.0,29.0,0.0,12.0,60
2001-02-18,64.0,Moderate,PM2.5,55.0,30.0,0.0,9.0,70
2001-02-19,58.0,Moderate,PM2.5,65.0,42.0,0.0,15.0,75
2001-02-20,60.0,Moderate,PM2.5,75.0,53.0,0.0,12.0,82
2001-02-21,80.0,Moderate,PM2.5,65.0,47.0,0.0,14.0,87
2001-02-22,71.0,Moderate,PM2.5,54.0,35.0,0.01,11.0,70
2001-02-23,76.0,Moderate,PM2.5,62.0,49.0,0.44,19.0,86
2001-02-24,55.0,Moderate,PM2.5,69.0,57.0,0.71,26.0,69
2001-02-25,56.0,Moderate,PM2.5,64.0,46.0,0.0,13.0,50
2001-02-26,46.0,Good,PM2.5,65.0,46.0,0.02,10.0,72
2001-02-27,56.0,Moderate,PM2.5,62.0,51.0,2.25,16.0,97
2001-02-28,49.0,Good,PM2.5,50.0,38.0,0.41,15.0,84
2001-03-01,63.0,Moderate,PM2.5,49.0,36.0,0.03,9.0,87
2001-03-02,69.0,Moderate,PM2.5,59.0,42.0,0.01,7.0,84
2001-03-03,82.0,Moderate,PM2.5,58.0,45.0,0.25,9.0,88
2001-03-04,65.0,Moderate,PM2.5,62.0,40.0,0.0,12.0,68
2001-03-05,75.0,Moderate,PM2.5,61.0,40.0,0.0,8.0,72
2001-03-06,73.0,Moderate,PM2.5,64.0,41.0,0.0,7.0,74
2001-03-07,77.0,Moderate,NO2,69.0,42.0,0.0,7.0,70
2001-03-08,85.0,Moderate,PM2.5,61.0,47.0,0.34,13.0,83
2001-03-09,60.0,Moderate,PM2.5,61.0,43.0,0.07,12.0,69
2001-03-10,62.0,Moderate,PM2.5,62.0,43.0,0.0,15.0,71
2001-03-11,74.0,Moderate,PM2.5,65.0,54.0,1.09,18.0,87
2001-03-12,42.0,Good,PM2.5,71.0,55.0,0.01,13.0,74
2001-03-13,47.0,Good,NO2,69.0,46.0,0.0,7.0,66
2001-03-14,48.0,Good,PM2.5,60.0,54.0,0.31,15.0,79
2001-03-15,41.0,Good,PM2.5,65.0,48.0,0.0,26.0,61
2001-03-16,42.0,Good,NO2,57.0,40.0,0.0,15.0,57
2001-03-17,42.0,Good,PM2.5,55.0,40.0,0.02,12.0,60
2001-03-18,39.0,Good,PM2.5,49.0,43.0,0.03,8.0,67
2001-03-19,54.0,Moderate,PM2.5,56.0,44.0,0.01,11.0,64
2001-03-20,67.0,Moderate,PM2.5,61.0,39.0,0.0,9.0,66
2001-03-21,74.0,Moderate,PM2.5,70.0,42.0,0.0,9.0,67
2001-03-22,67.0,Moderate,Ozone,74.0,52.0,0.0,17.0,67
2001-03-23,68.0,Moderate,PM2.5,74.0,55.0,0.0,10.0,76
2001-03-24,59.0,Moderate,PM2.5,64.0,50.0,1.13,17.0,84
2001-03-25,52.0,Moderate,PM2.5,54.0,44.0,0.0,12.0,47
2001-03-26,65.0,Moderate,PM2.5,47.0,43.0,0.16,10.0,57
2001-03-27,64.0,Moderate,PM2.5,44.0,41.0,0.67,10.0,89
2001-03-28,54.0,Moderate,PM2.5,47.0,42.0,0.19,7.0,91
2001-03-29,51.0,Moderate,PM2.5,54.0,46.0,0.03,8.0,88
2001-03-30,65.0,Moderate,PM2.5,64.0,41.0,0.01,6.0,77
2001-03-31,51.0,Moderate,PM2.5,70.0,46.0,0.01,8.0,77
2001-04-01,77.0,Moderate,Ozone,71.0,46.0,0.0,18.0,70
2001-04-02,68.0,Moderate,PM2.5,75.0,60.0,0.02,20.0,83
2001-04-03,87.0,Moderate,PM2.5,81.0,68.0,0.01,16.0,84
2001-04-04,86.0,Moderate,PM2.5,82.0,65.0,0.02,9.0,86
2001-04-05,71.0,Moderate,PM2.5,78.0,69.0,0.03,15.0,85
2001-04-06,59.0,Moderate,PM2.5,80.0,69.0,0.0,24.0,76
2001-04-07,69.0,Moderate,PM2.5,78.0,70.0,0.02,15.0,77
2001-04-08,65.0,Moderate,PM2.5,82.0,69.0,0.01,21.0,74
2001-04-09,61.0,Moderate,PM2.5,81.0,68.0,0.02,17.0,78
2001-04-10,60.0,Moderate,PM2.5,80.0,70.0,0.01,22.0,77
2001-04-11,59.0,Moderate,PM2.5,73.0,56.0,0.67,21.0,62
2001-04-12,52.0,Moderate,PM2.5,71.0,53.0,0.07,10.0,72
2001-04-13,67.0,Moderate,PM2.5,78.0,56.0,0.0,6.0,83
2001-04-14,67.0,Moderate,PM2.5,82.0,66.0,0.78,13.0,83
2001-04-15,61.0,Moderate,Ozone,80.0,65.0,0.07,15.0,72
2001-04-16,59.0,Moderate,PM2.5,76.0,57.0,0.0,15.0,64
2001-04-17,48.0,Good,PM2.5,63.0,50.0,0.0,19.0,51
2001-04-18,67.0,Moderate,Ozone,65.0,49.0,0.0,13.0,59
2001-04-19,56.0,Moderate,PM2.5,72.0,54.0,0.0,24.0,68
2001-04-20,56.0,Moderate,PM2.5,77.0,68.0,0.01,23.0,77
2001-04-21,60.0,Moderate,PM2.5,78.0,65.0,0.0,21.0,73
2001-04-22,62.0,Moderate,PM2.5,80.0,69.0,0.01,27.0,72
2001-04-23,47.0,Good,Ozone,69.0,60.0,1.36,15.0,74
2001-04-24,58.0,Moderate,Ozone,71.0,51.0,0.0,9.0,58
2001-04-25,62.0,Moderate,PM2.5,75.0,53.0,0.0,7.0,61
2001-04-26,90.0,Moderate,Ozone,78.0,54.0,0.0,7.0,63
2001-04-27,93.0,Moderate,Ozone,77.0,57.0,0.0,8.0,61
2001-04-28,101.0,Unhealthy for Sensitive Groups,Ozone,78.0,59.0,0.0,8.0,67
2001-04-29,112.0,Unhealthy for Sensitive Groups,Ozone,79.0,58.0,0.0,10.0,64
2001-04-30,77.0,Moderate,Ozone,79.0,60.0,0.0,12.0,69
2001-05-01,62.0,Moderate,PM2.5,80.0,64.0,0.0,13.0,73
2001-05-02,52.0,Moderate,PM2.5,83.0,67.0,0.0,18.0,72
2001-05-03,58.0,Moderate,PM2.5,81.0,67.0,0.0,15.0,71
2001-05-04,57.0,Moderate,PM2.5,76.0,67.0,0.31,17.0,77
2001-05-05,41.0,Good,Ozone,76.0,66.0,1.44,18.0,88
2001-05-06,50.0,Good,PM2.5,82.0,65.0,0.45,15.0,82
2001-05-07,54.0,Moderate,Ozone,79.0,63.0,1.31,12.0,84
2001-05-08,61.0,Moderate,Ozone,79.0,61.0,0.0,6.0,77
2001-05-09,93.0,Moderate,Ozone,83.0,61.0,0.0,10.0,76
2001-05-10,71.0,Moderate,PM2.5,80.0,65.0,0.0,13.0,74
2001-05-11,54.0,Moderate,PM2.5,81.0,65.0,0.0,13.0,74
2001-05-12,74.0,Moderate,Ozone,80.0,65.0,0.22,8.0,81
2001-05-13,66.0,Moderate,PM2.5,81.0,64.0,0.01,8.0,81
2001-05-14,90.0,Moderate,Ozone,83.0,66.0,0.0,11.0,73
2001-05-15,56.0,Moderate,PM2.5,83.0,68.0,0.0,15.0,63
2001-05-16,55.0,Moderate,PM2.5,87.0,68.0,0.0,16.0,68
2001-05-17,59.0,Moderate,PM2.5,87.0,70.0,0.0,19.0,70
2001-05-18,63.0,Moderate,PM2.5,84.0,71.0,0.0,15.0,71
2001-05-19,68.0,Moderate,PM2.5,85.0,72.0,0.01,10.0,77
2001-05-20,64.0,Moderate,PM2.5,88.0,72.0,0.0,20.0,73
2001-05-21,47.0,Good,PM2.5,80.0,59.0,0.35,21.0,70
2001-05-22,77.0,Moderate,Ozone,77.0,53.0,0.0,11.0,53
2001-05-23,93.0,Moderate,Ozone,88.0,63.0,0.0,16.0,46
2001-05-24,54.0,Moderate,Ozone,78.0,63.0,0.0,17.0,50
2001-05-25,60.0,Moderate,PM2.5,77.0,59.0,0.0,10.0,56
2001-05-26,97.0,Moderate,Ozone,83.0,63.0,0.0,11.0,63
2001-05-27,64.0,Moderate,Ozone,88.0,71.0,0.17,12.0,73
2001-05-28,80.0,Moderate,Ozone,88.0,72.0,1.5,20.0,72
2001-05-29,49.0,Good,PM2.5,87.0,73.0,0.0,17.0,68
2001-05-30,49.0,Good,PM2.5,88.0,74.0,0.0,16.0,70
2001-05-31,64.0,Moderate,Ozone,82.0,69.0,1.66,10.0,81
2001-06-01,90.0,Moderate,Ozone,82.0,62.0,0.0,7.0,69
2001-06-02,52.0,Moderate,PM2.5,90.0,70.0,0.0,11.0,70
2001-06-03,54.0,Moderate,PM2.5,90.0,73.0,0.0,20.0,68
2001-06-04,51.0,Moderate,PM2.5,90.0,73.0,0.0,21.0,71
2001-06-05,37.0,Good,PM2.5,86.0,74.0,0.02,16.0,74
2001-06-06,34.0,Good,PM2.5,80.0,70.0,0.06,14.0,82
2001-06-07,40.0,Good,PM2.5,82.0,71.0,0.22,14.0,83
2001-06-08,55.0,Moderate,PM2.5,83.0,72.0,0.3,15.0,85
2001-06-09,74.0,Moderate,Ozone,86.0,71.0,0.0,10.0,78
2001-06-10,77.0,Moderate,Ozone,87.0,68.0,0.0,6.0,78
2001-06-11,101.0,Unhealthy for Sensitive Groups,Ozone,89.0,71.0,0.0,8.0,72
2001-06-12,126.0,Unhealthy for Sensitive Groups,Ozone,91.0,74.0,0.0,14.0,69
2001-06-13,67.0,Moderate,PM2.5,92.0,76.0,0.0,18.0,69
2001-06-14,60.0,Moderate,PM2.5,90.0,78.0,0.17,21.0,74
2001-06-15,105.0,Unhealthy for Sensitive Groups,Ozone,87.0,69.0,0.3,8.0,72
2001-06-16,147.0,Unhealthy for Sensitive Groups,Ozone,89.0,67.0,0.0,7.0,67
2001-06-17,90.0,Moderate,Ozone,88.0,68.0,0.0,8.0,61
2001-06-18,140.0,Unhealthy for Sensitive Groups,Ozone,89.0,66.0,0.0,10.0,61
2001-06-19,136.0,Unhealthy for Sensitive Groups,Ozone,89.0,69.0,0.0,10.0,63
2001-06-20,143.0,Unhealthy for Sensitive Groups,Ozone,88.0,71.0,0.0,9.0,65
2001-06-21,59.0,Moderate,PM2.5,91.0,74.0,0.07,11.0,65
2001-06-22,101.0,Unhealthy for Sensitive Groups,Ozone,85.0,68.0,0.0,8.0,60
2001-06-23,119.0,Unhealthy for Sensitive Groups,Ozone,87.0,65.0,0.0,8.0,55
2001-06-24,105.0,Unhealthy for Sensitive Groups,Ozone,89.0,66.0,0.0,10.0,59
2001-06-25,119.0,Unhealthy for Sensitive Groups,Ozone,89.0,68.0,0.0,10.0,57
2001-06-26,143.0,Unhealthy for Sensitive Groups,Ozone,89.0,71.0,0.0,9.0,60
2001-06-27,78.0,Moderate,PM2.5,89.0,72.0,0.02,13.0,71
2001-06-28,71.0,Moderate,PM2.5,91.0,76.0,0.01,13.0,57
2001-06-29,56.0,Moderate,PM2.5,90.0,75.0,0.02,12.0,63
2001-06-30,58.0,Moderate,PM2.5,87.0,75.0,0.01,10.0,68
2001-07-01,49.0,Good,Ozone,85.0,73.0,0.11,11.0,76
2001-07-02,64.0,Moderate,PM2.5,88.0,71.0,0.0,8.0,74
2001-07-03,93.0,Moderate,Ozone,91.0,72.0,0.02,8.0,65
2001-07-04,90.0,Moderate,Ozone,94.0,75.0,0.0,7.0,61
2001-07-05,58.0,Moderate,Ozone,96.0,77.0,0.0,10.0,58
2001-07-06,58.0,Moderate,Ozone,97.0,78.0,0.0,10.0,56
2001-07-07,77.0,Moderate,Ozone,97.0,79.0,0.0,12.0,53
2001-07-08,57.0,Moderate,PM2.5,95.0,78.0,0.0,10.0,55
2001-07-09,57.0,Moderate,PM2.5,97.0,79.0,0.0,10.0,53
2001-07-10,58.0,Moderate,Ozone,98.0,79.0,0.0,9.0,50
2001-07-11,67.0,Moderate,Ozone,98.0,80.0,0.0,9.0,51
2001-07-12,61.0,Moderate,Ozone,100.0,80.0,0.0,11.0,48
2001-07-13,97.0,Moderate,Ozone,100.0,80.0,0.0,11.0,47
2001-07-14,156.0,Unhealthy,Ozone,94.0,79.0,0.02,13.0,65
2001-07-15,74.0,Moderate,PM2.5,96.0,78.0,0.0,12.0,65
2001-07-16,70.0,Moderate,PM2.5,98.0,80.0,0.0,12.0,57
2001-07-17,68.0,Moderate,PM2.5,97.0,81.0,0.0,12.0,53
2001-07-18,68.0,Moderate,PM2.5,98.0,81.0,0.02,11.0,55
2001-07-19,69.0,Moderate,PM2.5,95.0,80.0,0.0,10.0,57
2001-07-20,60.0,Moderate,PM2.5,96.0,80.0,0.0,10.0,54
2001-07-21,80.0,Moderate,Ozone,99.0,82.0,0.0,10.0,49
2001-07-22,67.0,Moderate,Ozone,100.0,82.0,0.0,8.0,44
2001-07-23,115.0,Unhealthy for Sensitive Groups,Ozone,98.0,82.0,0.0,9.0,48
2001-07-24,122.0,Unhealthy for Sensitive Groups,Ozone,97.0,82.0,0.0,9.0,51
2001-07-25,112.0,Unhealthy for Sensitive Groups,Ozone,96.0,82.0,0.0,9.0,50
2001-07-26,90.0,Moderate,Ozone,96.0,81.0,0.01,9.0,51
2001-07-27,57.0,Moderate,PM2.5,96.0,80.0,0.03,11.0,62
2001-07-28,52.0,Moderate,PM2.5,96.0,80.0,0.01,11.0,62
2001-07-29,48.0,Good,PM2.5,97.0,82.0,0.0,14.0,53
2001-07-30,49.0,Good,PM2.5,97.0,82.0,0.0,11.0,51
2001-07-31,52.0,Moderate,PM2.5,98.0,81.0,0.0,13.0,49
2001-08-01,61.0,Moderate,Ozone,98.0,81.0,0.01,9.0,49
2001-08-02,100.0,Moderate,Ozone,95.0,81.0,0.0,10.0,52
2001-08-03,126.0,Unhealthy for Sensitive Groups,Ozone,94.0,77.0,0.0,7.0,52
2001-08-04,207.0,Very Unhealthy,Ozone,97.0,77.0,0.0,6.0,50
2001-08-05,136.0,Unhealthy for Sensitive Groups,Ozone,100.0,81.0,0.0,9.0,45
2001-08-06,119.0,Unhealthy for Sensitive Groups,Ozone,97.0,79.0,0.01,10.0,44
2001-08-07,108.0,Unhealthy for Sensitive Groups,Ozone,94.0,76.0,0.01,8.0,62
2001-08-08,64.0,Moderate,Ozone,96.0,79.0,0.0,12.0,56
2001-08-09,52.0,Moderate,PM2.5,99.0,81.0,0.0,13.0,47
2001-08-10,49.0,Good,Ozone,98.0,81.0,0.0,12.0,48
2001-08-11,52.0,Moderate,PM2.5,98.0,82.0,0.06,10.0,48
2001-08-12,112.0,Unhealthy for Sensitive Groups,Ozone,98.0,84.0,0.0,11.0,50
2001-08-13,90.0,Moderate,Ozone,93.0,82.0,0.0,8.0,60
2001-08-14,122.0,Unhealthy for Sensitive Groups,Ozone,95.0,78.0,0.0,9.0,50
2001-08-15,147.0,Unhealthy for Sensitive Groups,Ozone,98.0,78.0,0.0,11.0,49
2001-08-16,52.0,Moderate,PM2.5,89.0,77.0,0.57,13.0,72
2001-08-17,55.0,Moderate,PM2.5,82.0,77.0,0.56,6.0,81
2001-08-18,84.0,Moderate,Ozone,89.0,75.0,0.07,6.0,77
2001-08-19,187.0,Unhealthy,Ozone,93.0,74.0,0.0,8.0,71
2001-08-20,54.0,Moderate,Ozone,95.0,77.0,0.0,9.0,56
2001-08-21,42.0,Good,PM2.5,95.0,78.0,0.0,13.0,52
2001-08-22,50.0,Good,PM2.5,94.0,78.0,0.0,12.0,53
2001-08-23,54.0,Moderate,PM2.5,95.0,78.0,0.0,13.0,50
2001-08-24,93.0,Moderate,Ozone,96.0,79.0,0.0,13.0,42
2001-08-25,64.0,Moderate,PM2.5,96.0,78.0,0.0,11.0,51
2001-08-26,52.0,Moderate,PM2.5,90.0,80.0,0.22,8.0,61
2001-08-27,43.0,Good,PM2.5,82.0,74.0,0.6,8.0,83
2001-08-28,38.0,Good,PM2.5,82.0,72.0,0.0,7.0,79
2001-08-29,45.0,Good,PM2.5,85.0,71.0,0.01,12.0,76
2001-08-30,43.0,Good,PM2.5,75.0,73.0,0.63,14.0,91
2001-08-31,39.0,Good,PM2.5,78.0,72.0,1.46,9.0,92
2001-09-01,55.0,Moderate,PM2.5,82.0,72.0,0.06,8.0,83
2001-09-02,59.0,Moderate,PM2.5,85.0,72.0,0.0,5.0,82
2001-09-03,105.0,Unhealthy for Sensitive Groups,Ozone,88.0,73.0,0.02,6.0,80
2001-09-04,51.0,Moderate,PM2.5,78.0,74.0,0.5,9.0,92
2001-09-05,47.0,Good,PM2.5,80.0,73.0,0.11,8.0,90
2001-09-06,42.0,Good,PM2.5,86.0,73.0,0.06,14.0,83
2001-09-07,48.0,Good,PM2.5,89.0,74.0,0.0,21.0,74
2001-09-08,52.0,Moderate,PM2.5,88.0,74.0,0.64,18.0,78
2001-09-09,48.0,Good,PM2.5,79.0,71.0,0.11,11.0,79
2001-09-10,61.0,Moderate,Ozone,81.0,64.0,0.0,7.0,66
2001-09-11,97.0,Moderate,Ozone,80.0,65.0,0.0,7.0,68
2001-09-12,161.0,Unhealthy,Ozone,83.0,65.0,0.0,6.0,67
2001-09-13,147.0,Unhealthy for Sensitive Groups,Ozone,85.0,63.0,0.0,6.0,70
2001-09-14,119.0,Unhealthy for Sensitive Groups,Ozone,87.0,69.0,0.0,7.0,74
2001-09-15,71.0,Moderate,PM2.5,84.0,73.0,0.17,8.0,84
2001-09-16,85.0,Moderate,PM2.5,85.0,72.0,0.02,9.0,79
2001-09-17,90.0,Moderate,PM2.5,87.0,71.0,0.0,13.0,70
2001-09-18,54.0,Moderate,PM2.5,87.0,73.0,0.01,13.0,69
2001-09-19,54.0,Moderate,PM2.5,85.0,71.0,0.16,8.0,78
2001-09-20,53.0,Moderate,PM2.5,81.0,71.0,0.24,10.0,84
2001-09-21,51.0,Moderate,PM2.5,78.0,71.0,0.94,11.0,90
2001-09-22,65.0,Moderate,PM2.5,83.0,68.0,0.01,6.0,83
2001-09-23,74.0,Moderate,Ozone,84.0,68.0,0.01,11.0,84
2001-09-24,33.0,Good,Ozone,73.0,62.0,0.0,16.0,62
2001-09-25,53.0,Moderate,PM2.5,71.0,56.0,0.0,7.0,67
2001-09-26,58.0,Moderate,Ozone,73.0,54.0,0.0,7.0,68
2001-09-27,90.0,Moderate,Ozone,77.0,55.0,0.0,6.0,67
2001-09-28,101.0,Unhealthy for Sensitive Groups,Ozone,78.0,57.0,0.0,6.0,67
2001-09-29,77.0,Moderate,Ozone,77.0,58.0,0.0,9.0,68
2001-09-30,71.0,Moderate,Ozone,75.0,55.0,0.0,7.0,67
2001-10-01,75.0,Moderate,PM2.5,77.0,55.0,0.0,6.0,67
2001-10-02,90.0,Moderate,Ozone,80.0,56.0,0.0,10.0,63
2001-10-03,74.0,Moderate,Ozone,81.0,60.0,0.0,12.0,60
2001-10-04,66.0,Moderate,PM2.5,83.0,67.0,0.03,15.0,70
2001-10-05,46.0,Good,PM2.5,80.0,59.0,0.11,19.0,76
2001-10-06,37.0,Good,NO2,66.0,51.0,0.0,13.0,50
2001-10-07,46.0,Good,PM2.5,69.0,48.0,0.0,8.0,60
2001-10-08,80.0,Moderate,Ozone,75.0,54.0,0.0,13.0,67
2001-10-09,60.0,Moderate,PM2.5,78.0,67.0,0.02,17.0,76
2001-10-10,53.0,Moderate,PM2.5,83.0,71.0,0.06,18.0,79
2001-10-11,42.0,Good,PM2.5,73.0,61.0,0.55,11.0,84
2001-10-12,55.0,Moderate,PM2.5,76.0,54.0,0.9,13.0,89
2001-10-13,42.0,Good,PM2.5,67.0,56.0,0.53,13.0,71
2001-10-14,46.0,Good,PM2.5,76.0,50.0,0.0,10.0,62
2001-10-15,48.0,Good,Ozone,78.0,55.0,0.0,20.0,61
2001-10-16,42.0,Good,NO2,64.0,47.0,0.0,16.0,54
2001-10-17,59.0,Moderate,PM2.5,67.0,44.0,0.0,12.0,63
2001-10-18,53.0,Moderate,PM2.5,73.0,51.0,0.0,18.0,68
2001-10-19,60.0,Moderate,PM2.5,77.0,58.0,0.0,12.0,77
2001-10-20,55.0,Moderate,PM2.5,78.0,62.0,0.0,12.0,75
2001-10-21,57.0,Moderate,PM2.5,77.0,60.0,0.0,12.0,74
2001-10-22,55.0,Moderate,PM2.5,82.0,65.0,0.0,18.0,79
2001-10-23,53.0,Moderate,PM2.5,86.0,72.0,0.01,20.0,74
2001-10-24,41.0,Good,Ozone,80.0,62.0,0.0,18.0,60
2001-10-25,54.0,Moderate,PM2.5,74.0,51.0,0.0,8.0,46
2001-10-26,54.0,Moderate,NO2,72.0,50.0,0.0,8.0,48
2001-10-27,64.0,Moderate,PM2.5,68.0,52.0,0.0,10.0,57
2001-10-28,53.0,Moderate,PM2.5,69.0,50.0,0.0,10.0,56
2001-10-29,62.0,Moderate,PM2.5,69.0,51.0,0.0,9.0,55
2001-10-30,77.0,Moderate,Ozone,72.0,48.0,0.0,8.0,70
2001-10-31,69.0,Moderate,PM2.5,75.0,54.0,0.0,17.0,68
2001-11-01,42.0,Good,PM2.5,80.0,64.0,0.0,21.0,71
2001-11-02,53.0,Moderate,PM2.5,80.0,67.0,0.0,15.0,77
2001-11-03,59.0,Moderate,PM2.5,80.0,61.0,0.01,7.0,78
2001-11-04,63.0,Moderate,PM2.5,75.0,61.0,0.01,6.0,80
2001-11-05,64.0,Moderate,PM2.5,75.0,58.0,0.0,6.0,75
2001-11-06,69.0,Moderate,PM2.5,78.0,55.0,0.0,6.0,62
2001-11-07,72.0,Moderate,PM2.5,76.0,54.0,0.0,10.0,57
2001-11-08,74.0,Moderate,PM2.5,78.0,58.0,0.0,11.0,64
2001-11-09,76.0,Moderate,PM2.5,66.0,55.0,0.1,12.0,72
2001-11-10,82.0,Moderate,PM2.5,67.0,52.0,0.03,5.0,76
2001-11-11,112.0,Unhealthy for Sensitive Groups,PM2.5,67.0,56.0,0.26,5.0,90
2001-11-12,110.0,Unhealthy for Sensitive Groups,PM2.5,69.0,59.0,0.1,8.0,91
2001-11-13,91.0,Moderate,PM2.5,73.0,58.0,0.01,12.0,82
2001-11-14,86.0,Moderate,PM2.5,71.0,59.0,0.02,11.0,80
2001-11-15,69.0,Moderate,PM2.5,70.0,60.0,0.02,12.0,73
2001-11-16,64.0,Moderate,PM2.5,71.0,59.0,0.58,9.0,75
2001-11-17,72.0,Moderate,PM2.5,70.0,59.0,0.4,6.0,77
2001-11-18,74.0,Moderate,PM2.5,74.0,57.0,0.01,11.0,78
2001-11-19,51.0,Moderate,PM2.5,66.0,51.0,0.05,17.0,71
2001-11-20,57.0,Moderate,PM2.5,55.0,41.0,0.0,10.0,52
2001-11-21,66.0,Moderate,PM2.5,59.0,37.0,0.0,9.0,66
2001-11-22,55.0,Moderate,PM2.5,69.0,48.0,0.0,16.0,69
2001-11-23,53.0,Moderate,PM2.5,75.0,60.0,0.01,21.0,79
2001-11-24,36.0,Good,NO2,69.0,54.0,0.0,18.0,43
2001-11-25,52.0,Moderate,PM2.5,71.0,44.0,0.0,15.0,59
2001-11-26,46.0,Good,PM2.5,73.0,54.0,0.12,15.0,64
2001-11-27,23.0,Good,PM2.5,53.0,40.0,0.03,15.0,49
2001-11-28,28.0,Good,PM2.5,40.0,32.0,0.56,19.0,80
2001-11-29,56.0,Moderate,PM2.5,42.0,31.0,0.08,15.0,68
2001-11-30,54.0,Moderate,PM2.5,63.0,35.0,0.0,12.0,65
2001-12-01,62.0,Moderate,PM2.5,67.0,40.0,0.0,7.0,78
2001-12-02,54.0,Moderate,PM2.5,69.0,45.0,0.0,9.0,81
2001-12-03,74.0,Moderate,PM2.5,67.0,58.0,0.2,13.0,89
2001-12-04,75.0,Moderate,PM2.5,73.0,64.0,0.02,16.0,85
2001-12-05,58.0,Moderate,PM2.5,75.0,65.0,0.01,16.0,83
2001-12-06,61.0,Moderate,PM2.5,74.0,61.0,0.29,7.0,77
2001-12-07,54.0,Moderate,PM2.5,74.0,61.0,0.05,12.0,86
2001-12-08,31.0,Good,Ozone,60.0,46.0,0.0,18.0,47
2001-12-09,51.0,Moderate,PM2.5,51.0,37.0,0.0,9.0,51
2001-12-10,70.0,Moderate,PM2.5,56.0,33.0,0.0,8.0,65
2001-12-11,65.0,Moderate,PM2.5,53.0,39.0,0.43,12.0,82
2001-12-12,65.0,Moderate,PM2.5,67.0,50.0,0.11,11.0,93
2001-12-13,57.0,Moderate,PM2.5,50.0,42.0,0.2,12.0,84
2001-12-14,56.0,Moderate,PM2.5,58.0,33.0,0.0,12.0,74
2001-12-15,54.0,Moderate,PM2.5,53.0,45.0,1.32,13.0,84
2001-12-16,21.0,Good,Ozone,64.0,53.0,3.76,16.0,97
2001-12-17,50.0,Good,PM2.5,58.0,43.0,0.13,15.0,75
2001-12-18,55.0,Moderate,PM2.5,64.0,39.0,0.0,12.0,73
2001-12-19,47.0,Good,NO2,53.0,41.0,0.0,17.0,60
2001-12-20,55.0,Moderate,PM2.5,58.0,33.0,0.0,9.0,71
2001-12-21,56.0,Moderate,PM2.5,60.0,38.0,0.0,18.0,76
2001-12-22,33.0,Good,Ozone,67.0,47.0,0.05,18.0,66
2001-12-23,32.0,Good,PM2.5,52.0,37.0,0.0,10.0,57
2001-12-24,39.0,Good,PM2.5,48.0,30.0,0.0,7.0,54
2001-12-25,32.0,Good,NO2,50.0,31.0,0.0,7.0,57
2001-12-26,44.0,Good,NO2,47.0,33.0,0.0,13.0,55
2001-12-27,61.0,Moderate,PM2.5,58.0,36.0,0.0,8.0,67
2001-12-28,58.0,Moderate,PM2.5,58.0,37.0,0.0,7.0,70
2001-12-29,41.0,Good,PM2.5,46.0,36.0,0.0,17.0,61
2001-12-30,41.0,Good,PM2.5,39.0,30.0,0.0,11.0,54
2001-12-31,53.0,Moderate,PM2.5,40.0,28.0,0.0,8.0,64
2002-01-01,48.0,Good,PM2.5,41.0,33.0,0.0,12.0,53
2002-01-02,56.0,Moderate,PM2.5,36.0,28.0,0.0,12.0,56
2002-01-03,67.0,Moderate,PM2.5,37.0,22.0,0.0,8.0,60
2002-01-04,61.0,Moderate,PM2.5,47.0,27.0,0.03,14.0,66
2002-01-05,66.0,Moderate,PM2.5,45.0,41.0,0.33,15.0,88
2002-01-06,31.0,Good,Ozone,57.0,36.0,0.0,14.0,62
2002-01-07,42.0,Good,NO2,48.0,32.0,0.0,8.0,62
2002-01-08,52.0,Moderate,PM2.5,64.0,38.0,0.0,11.0,66
2002-01-09,56.0,Moderate,PM2.5,69.0,46.0,0.0,17.0,75
2002-01-10,52.0,Moderate,PM2.5,63.0,51.0,0.0,15.0,74
2002-01-11,51.0,Moderate,NO2,57.0,42.0,0.0,13.0,59
2002-01-12,52.0,Moderate,PM2.5,57.0,36.0,0.0,15.0,65
2002-01-13,46.0,Good,PM2.5,64.0,36.0,0.0,21.0,62
2002-01-14,52.0,Moderate,PM10,59.0,42.0,0.0,10.0,48
2002-01-15,59.0,Moderate,PM2.5,61.0,35.0,0.0,15.0,59
2002-01-16,51.0,Moderate,PM2.5,69.0,46.0,0.0,15.0,65
2002-01-17,58.0,Moderate,PM2.5,50.0,42.0,0.03,10.0,69
2002-01-18,84.0,Moderate,PM2.5,45.0,37.0,0.11,9.0,89
2002-01-19,66.0,Moderate,PM2.5,50.0,36.0,0.03,18.0,73
2002-01-20,59.0,Moderate,PM2.5,56.0,34.0,0.0,15.0,66
2002-01-21,64.0,Moderate,PM2.5,63.0,35.0,0.0,9.0,57
2002-01-22,77.0,Moderate,PM2.5,65.0,46.0,0.18,12.0,83
2002-01-23,62.0,Moderate,PM2.5,70.0,61.0,0.37,13.0,95
2002-01-24,60.0,Moderate,PM2.5,62.0,41.0,0.46,18.0,66
2002-01-25,58.0,Moderate,PM2.5,55.0,32.0,0.0,7.0,55
2002-01-26,61.0,Moderate,PM2.5,62.0,34.0,0.0,8.0,61
2002-01-27,53.0,Moderate,PM2.5,66.0,42.0,0.0,13.0,64
2002-01-28,63.0,Moderate,PM2.5,71.0,51.0,0.0,13.0,80
2002-01-29,56.0,Moderate,PM2.5,76.0,65.0,0.04,16.0,85
2002-01-30,56.0,Moderate,PM2.5,74.0,64.0,0.2,18.0,86
2002-01-31,27.0,Good,PM2.5,59.0,41.0,1.08,17.0,75
2002-02-01,53.0,Moderate,PM2.5,48.0,33.0,0.0,16.0,53
2002-02-02,68.0,Moderate,PM2.5,50.0,32.0,0.0,6.0,66
2002-02-03,59.0,Moderate,PM2.5,56.0,44.0,0.0,5.0,66
2002-02-04,54.0,Moderate,PM2.5,53.0,42.0,0.03,8.0,65
2002-02-05,52.0,Moderate,PM2.5,46.0,33.0,1.14,10.0,93
2002-02-06,48.0,Good,PM2.5,39.0,32.0,0.05,9.0,86
2002-02-07,69.0,Moderate,PM2.5,50.0,31.0,0.0,7.0,80
2002-02-08,60.0,Moderate,PM2.5,58.0,32.0,0.0,15.0,79
2002-02-09,42.0,Good,PM2.5,62.0,46.0,0.0,17.0,61
2002-02-10,42.0,Good,PM2.5,46.0,38.0,0.0,19.0,53
2002-02-11,43.0,Good,NO2,51.0,31.0,0.0,8.0,58
2002-02-12,58.0,Moderate,PM2.5,60.0,33.0,0.0,9.0,62
2002-02-13,53.0,Moderate,PM2.5,55.0,38.0,0.0,12.0,68
2002-02-14,73.0,Moderate,PM2.5,60.0,33.0,0.0,15.0,72
2002-02-15,62.0,Moderate,PM2.5,57.0,42.0,0.0,18.0,72
2002-02-16,56.0,Moderate,NO2,63.0,33.0,0.0,6.0,63
2002-02-17,60.0,Moderate,PM2.5,65.0,40.0,0.0,9.0,64
2002-02-18,59.0,Moderate,PM2.5,64.0,45.0,0.04,16.0,75
2002-02-19,55.0,Moderate,PM2.5,72.0,58.0,0.41,19.0,68
2002-02-20,43.0,Good,NO2,69.0,46.0,0.0,11.0,56
2002-02-21,44.0,Good,NO2,61.0,47.0,0.01,13.0,63
2002-02-22,89.0,Moderate,PM2.5,59.0,40.0,0.0,10.0,52
2002-02-23,46.0,Good,PM2.5,68.0,41.0,0.0,14.0,58
2002-02-24,50.0,Good,Ozone,71.0,49.0,0.0,21.0,53
2002-02-25,53.0,Moderate,PM2.5,61.0,44.0,0.0,19.0,67
2002-02-26,36.0,Good,Ozone,42.0,26.0,0.0,21.0,37
2002-02-27,52.0,Moderate,PM2.5,43.0,24.0,0.0,7.0,47
2002-02-28,57.0,Moderate,PM2.5,54.0,29.0,0.0,12.0,54
2002-03-01,60.0,Moderate,PM2.5,55.0,46.0,0.13,13.0,89
2002-03-02,47.0,Good,PM2.5,55.0,26.0,0.19,22.0,70
2002-03-03,53.0,Moderate,PM2.5,36.0,20.0,0.0,18.0,42
2002-03-04,55.0,Moderate,PM2.5,57.0,24.0,0.0,13.0,48
2002-03-05,64.0,Moderate,Ozone,60.0,35.0,0.0,16.0,42
2002-03-06,51.0,Moderate,PM2.5,69.0,47.0,0.0,18.0,72
2002-03-07,41.0,Good,PM2.5,72.0,57.0,0.0,20.0,80
2002-03-08,53.0,Moderate,PM2.5,70.0,61.0,0.22,18.0,86
2002-03-09,40.0,Good,Ozone,67.0,40.0,0.04,25.0,49
2002-03-10,44.0,Good,Ozone,56.0,33.0,0.0,9.0,46
2002-03-11,82.0,Moderate,PM2.5,56.0,47.0,0.05,13.0,75
2002-03-12,76.0,Moderate,PM2.5,63.0,46.0,0.21,10.0,82
2002-03-13,105.0,Unhealthy for Sensitive Groups,Ozone,75.0,46.0,0.0,18.0,69
2002-03-14,62.0,Moderate,PM2.5,81.0,58.0,0.0,20.0,64
2002-03-15,62.0,Moderate,PM2.5,70.0,49.0,0.08,16.0,80
2002-03-16,68.0,Moderate,PM2.5,54.0,43.0,0.0,11.0,74
2002-03-17,99.0,Moderate,PM2.5,70.0,50.0,0.02,8.0,89
2002-03-18,56.0,Moderate,PM2.5,64.0,56.0,0.85,10.0,98
2002-03-19,44.0,Good,PM2.5,69.0,60.0,1.93,13.0,94
2002-03-20,52.0,Moderate,PM2.5,61.0,51.0,0.65,17.0,81
2002-03-21,64.0,Moderate,PM2.5,64.0,40.0,0.0,18.0,65
2002-03-22,57.0,Moderate,PM2.5,47.0,32.0,0.0,16.0,51
2002-03-23,90.0,Moderate,Ozone,65.0,36.0,0.0,16.0,69
2002-03-24,58.0,Moderate,PM2.5,76.0,54.0,0.0,19.0,72
2002-03-25,67.0,Moderate,PM2.5,65.0,45.0,0.07,18.0,81
2002-03-26,60.0,Moderate,PM2.5,55.0,35.0,0.0,13.0,64
2002-03-27,59.0,Moderate,PM2.5,65.0,38.0,0.0,10.0,74
2002-03-28,65.0,Moderate,PM2.5,75.0,53.0,0.0,15.0,72
2002-03-29,62.0,Moderate,PM2.5,83.0,65.0,0.0,15.0,77
2002-03-30,48.0,Good,PM2.5,70.0,57.0,1.31,14.0,96
2002-03-31,43.0,Good,NO2,66.0,53.0,0.01,12.0,83
2002-04-01,44.0,Good,Ozone,74.0,49.0,0.0,14.0,78
2002-04-02,59.0,Moderate,PM2.5,76.0,54.0,0.02,16.0,76
2002-04-03,56.0,Moderate,PM2.5,57.0,49.0,0.01,18.0,50
2002-04-04,64.0,Moderate,PM2.5,58.0,49.0,0.0,8.0,58
2002-04-05,61.0,Moderate,PM2.5,65.0,44.0,0.0,8.0,68
2002-04-06,61.0,Moderate,PM2.5,58.0,53.0,0.76,12.0,71
2002-04-07,61.0,Moderate,PM2.5,67.0,55.0,1.79,17.0,88
2002-04-08,42.0,Good,Ozone,74.0,57.0,0.25,11.0,83
2002-04-09,45.0,Good,NO2,68.0,58.0,0.0,14.0,77
2002-04-10,65.0,Moderate,PM2.5,74.0,54.0,0.0,7.0,81
2002-04-11,74.0,Moderate,Ozone,78.0,58.0,0.0,12.0,74
2002-04-12,84.0,Moderate,Ozone,80.0,62.0,0.0,10.0,74
2002-04-13,64.0,Moderate,PM2.5,76.0,62.0,0.09,15.0,83
2002-04-14,60.0,Moderate,PM2.5,79.0,63.0,0.01,9.0,81
2002-04-15,58.0,Moderate,PM2.5,79.0,65.0,0.02,18.0,77
2002-04-16,57.0,Moderate,PM2.5,80.0,67.0,1.15,17.0,82
2002-04-17,68.0,Moderate,PM2.5,85.0,67.0,0.0,16.0,80
2002-04-18,67.0,Moderate,PM2.5,82.0,68.0,0.0,19.0,76
2002-04-19,60.0,Moderate,PM2.5,82.0,68.0,0.0,16.0,72
2002-04-20,54.0,Moderate,PM2.5,81.0,67.0,0.0,16.0,73
2002-04-21,43.0,Good,PM2.5,78.0,68.0,0.03,16.0,81
2002-04-22,58.0,Moderate,Ozone,79.0,60.0,0.0,12.0,74
2002-04-23,61.0,Moderate,PM2.5,82.0,65.0,0.0,15.0,79
2002-04-24,70.0,Moderate,PM2.5,88.0,68.0,0.04,16.0,72
2002-04-25,71.0,Moderate,Ozone,71.0,61.0,0.04,15.0,57
2002-04-26,60.0,Moderate,PM2.5,65.0,57.0,0.2,11.0,84
2002-04-27,68.0,Moderate,PM2.5,83.0,64.0,0.03,21.0,78
2002-04-28,108.0,Unhealthy for Sensitive Groups,Ozone,86.0,70.0,0.02,16.0,72
2002-04-29,76.0,Moderate,PM2.5,89.0,68.0,0.0,11.0,76
2002-04-30,68.0,Moderate,PM2.5,88.0,72.0,0.0,16.0,69
2002-05-01,69.0,Moderate,PM2.5,89.0,72.0,0.0,17.0,67
2002-05-02,62.0,Moderate,PM2.5,80.0,67.0,0.07,18.0,69
2002-05-03,71.0,Moderate,PM2.5,76.0,61.0,1.48,10.0,79
2002-05-04,63.0,Moderate,PM2.5,79.0,60.0,0.0,8.0,83
2002-05-05,66.0,Moderate,PM2.5,85.0,67.0,0.01,15.0,79
2002-05-06,68.0,Moderate,PM2.5,86.0,72.0,0.0,18.0,70
2002-05-07,66.0,Moderate,PM2.5,85.0,72.0,0.01,19.0,69
2002-05-08,70.0,Moderate,PM2.5,87.0,74.0,0.02,23.0,69
2002-05-09,57.0,Moderate,PM2.5,80.0,67.0,0.04,19.0,75
2002-05-10,62.0,Moderate,PM2.5,83.0,67.0,0.18,14.0,78
2002-05-11,66.0,Moderate,PM2.5,86.0,70.0,0.0,20.0,68
2002-05-12,57.0,Moderate,PM2.5,85.0,67.0,0.52,20.0,75
2002-05-13,49.0,Good,Ozone,71.0,55.0,0.48,16.0,66
2002-05-14,64.0,Moderate,Ozone,74.0,53.0,0.0,8.0,65
2002-05-15,140.0,Unhealthy for Sensitive Groups,Ozone,80.0,59.0,0.0,17.0,61
2002-05-16,57.0,Moderate,PM2.5,84.0,68.0,0.01,17.0,71
2002-05-17,40.0,Good,PM2.5,77.0,64.0,0.35,16.0,80
2002-05-18,45.0,Good,Ozone,70.0,55.0,0.0,12.0,60
2002-05-19,54.0,Moderate,Ozone,70.0,52.0,0.0,8.0,67
2002-05-20,67.0,Moderate,Ozone,75.0,54.0,0.0,9.0,63
2002-05-21,100.0,Moderate,Ozone,79.0,57.0,0.0,12.0,62
2002-05-22,133.0,Unhealthy for Sensitive Groups,Ozone,81.0,62.0,0.0,18.0,60
2002-05-23,90.0,Moderate,Ozone,83.0,65.0,0.0,20.0,64
2002-05-24,77.0,Moderate,Ozone,80.0,67.0,0.0,20.0,67
2002-05-25,64.0,Moderate,Ozone,83.0,67.0,0.05,14.0,72
2002-05-26,59.0,Moderate,PM2.5,86.0,67.0,0.15,7.0,74
2002-05-27,53.0,Moderate,PM2.5,81.0,69.0,0.2,9.0,74
2002-05-28,43.0,Good,Ozone,76.0,68.0,0.48,11.0,83
2002-05-29,61.0,Moderate,Ozone,80.0,65.0,0.37,8.0,79
2002-05-30,58.0,Moderate,Ozone,83.0,63.0,0.0,9.0,77
2002-05-31,77.0,Moderate,Ozone,84.0,65.0,0.0,7.0,76
2002-06-01,68.0,Moderate,PM2.5,87.0,67.0,0.0,6.0,73
2002-06-02,58.0,Moderate,PM2.5,88.0,71.0,0.0,11.0,65
2002-06-03,60.0,Moderate,PM2.5,87.0,72.0,0.0,14.0,68
2002-06-04,71.0,Moderate,PM2.5,88.0,73.0,0.0,13.0,67
2002-06-05,44.0,Good,PM2.5,86.0,73.0,0.0,13.0,72
2002-06-06,64.0,Moderate,Ozone,83.0,70.0,0.02,7.0,75
2002-06-07,115.0,Unhealthy for Sensitive Groups,Ozone,88.0,70.0,0.01,7.0,69
2002-06-08,75.0,Moderate,PM2.5,87.0,74.0,0.42,11.0,78
2002-06-09,52.0,Moderate,PM2.5,89.0,75.0,0.02,15.0,77
2002-06-10,52.0,Moderate,PM2.5,91.0,75.0,0.0,14.0,72
2002-06-11,58.0,Moderate,PM2.5,91.0,76.0,0.0,14.0,68
2002-06-12,62.0,Moderate,PM2.5,90.0,76.0,0.0,12.0,69
2002-06-13,54.0,Moderate,PM2.5,90.0,77.0,0.0,12.0,68
2002-06-14,71.0,Moderate,Ozone,87.0,72.0,0.0,12.0,67
2002-06-15,108.0,Unhealthy for Sensitive Groups,Ozone,87.0,66.0,0.0,9.0,59
2002-06-16,93.0,Moderate,Ozone,80.0,66.0,1.15,12.0,73
2002-06-17,108.0,Unhealthy for Sensitive Groups,Ozone,84.0,64.0,0.0,6.0,69
2002-06-18,108.0,Unhealthy for Sensitive Groups,Ozone,86.0,67.0,0.0,11.0,68
2002-06-19,100.0,Moderate,Ozone,89.0,71.0,0.0,12.0,67
2002-06-20,55.0,Moderate,PM2.5,87.0,74.0,0.0,12.0,74
2002-06-21,61.0,Moderate,Ozone,89.0,72.0,0.02,6.0,78
2002-06-22,156.0,Unhealthy,Ozone,89.0,72.0,0.0,8.0,61
2002-06-23,205.0,Very Unhealthy,Ozone,90.0,68.0,0.0,7.0,59
2002-06-24,174.0,Unhealthy,Ozone,88.0,71.0,0.0,9.0,63
2002-06-25,136.0,Unhealthy for Sensitive Groups,Ozone,89.0,72.0,0.02,8.0,71
2002-06-26,63.0,Moderate,PM2.5,88.0,73.0,0.04,13.0,73
2002-06-27,84.0,Moderate,Ozone,86.0,73.0,0.03,6.0,73
2002-06-28,61.0,Moderate,PM2.5,89.0,73.0,0.04,9.0,76
2002-06-29,67.0,Moderate,PM2.5,86.0,74.0,0.15,14.0,81
2002-06-30,62.0,Moderate,PM2.5,81.0,73.0,0.11,11.0,84
2002-07-01,56.0,Moderate,PM2.5,82.0,72.0,0.76,10.0,89
2002-07-02,56.0,Moderate,PM2.5,83.0,73.0,0.09,8.0,82
2002-07-03,58.0,Moderate,PM2.5,84.0,73.0,0.5,10.0,87
2002-07-04,85.0,Moderate,PM2.5,87.0,71.0,0.0,11.0,76
2002-07-05,77.0,Moderate,PM2.5,88.0,72.0,0.0,9.0,72
2002-07-06,83.0,Moderate,PM2.5,90.0,73.0,0.0,5.0,74
2002-07-07,95.0,Moderate,PM2.5,92.0,76.0,0.0,6.0,68
2002-07-08,156.0,Unhealthy,Ozone,93.0,75.0,0.04,6.0,74
2002-07-09,143.0,Unhealthy for Sensitive Groups,Ozone,94.0,76.0,0.02,7.0,71
2002-07-10,87.0,Moderate,Ozone,92.0,75.0,0.0,6.0,67
2002-07-11,164.0,Unhealthy,Ozone,92.0,77.0,0.0,7.0,65
2002-07-12,136.0,Unhealthy for Sensitive Groups,Ozone,90.0,74.0,0.74,6.0,79
2002-07-13,101.0,Unhealthy for Sensitive Groups,Ozone,87.0,74.0,0.09,5.0,81
2002-07-14,143.0,Unhealthy for Sensitive Groups,Ozone,89.0,74.0,0.06,5.0,73
2002-07-15,46.0,Good,PM2.5,86.0,74.0,0.24,9.0,79
2002-07-16,33.0,Good,PM2.5,81.0,72.0,0.1,11.0,86
2002-07-17,37.0,Good,PM2.5,86.0,74.0,0.52,13.0,84
2002-07-18,54.0,Moderate,PM2.5,89.0,75.0,0.01,12.0,76
2002-07-19,56.0,Moderate,PM2.5,91.0,76.0,0.0,9.0,73
2002-07-20,55.0,Moderate,PM2.5,92.0,74.0,0.0,8.0,66
2002-07-21,59.0,Moderate,PM2.5,92.0,76.0,0.0,10.0,67
2002-07-22,55.0,Moderate,PM2.5,94.0,77.0,0.0,8.0,64
2002-07-23,67.0,Moderate,Ozone,95.0,77.0,0.01,8.0,58
2002-07-24,80.0,Moderate,Ozone,97.0,78.0,0.01,10.0,57
2002-07-25,90.0,Moderate,Ozone,96.0,77.0,0.01,10.0,64
2002-07-26,52.0,Moderate,PM2.5,95.0,79.0,0.0,13.0,58
2002-07-27,48.0,Good,PM2.5,95.0,78.0,0.0,14.0,60
2002-07-28,53.0,Moderate,PM2.5,95.0,78.0,0.0,19.0,57
2002-07-29,58.0,Moderate,PM2.5,91.0,78.0,0.01,16.0,63
2002-07-30,69.0,Moderate,PM2.5,94.0,77.0,0.0,10.0,61
2002-07-31,78.0,Moderate,PM2.5,97.0,78.0,0.0,11.0,52
2002-08-01,67.0,Moderate,PM2.5,97.0,78.0,0.0,10.0,51
2002-08-02,71.0,Moderate,Ozone,96.0,77.0,0.0,6.0,53
2002-08-03,161.0,Unhealthy,Ozone,96.0,78.0,0.0,6.0,55
2002-08-04,122.0,Unhealthy for Sensitive Groups,Ozone,96.0,78.0,0.0,6.0,55
2002-08-05,105.0,Unhealthy for Sensitive Groups,Ozone,94.0,78.0,0.0,8.0,52
2002-08-06,105.0,Unhealthy for Sensitive Groups,Ozone,95.0,78.0,0.0,8.0,49
2002-08-07,154.0,Unhealthy,Ozone,96.0,78.0,0.0,9.0,56
2002-08-08,147.0,Unhealthy for Sensitive Groups,Ozone,94.0,79.0,0.0,10.0,54
2002-08-09,214.0,Very Unhealthy,Ozone,94.0,75.0,0.0,6.0,48
2002-08-10,79.0,Moderate,PM2.5,85.0,79.0,0.09,10.0,71
2002-08-11,77.0,Moderate,PM2.5,89.0,75.0,0.0,8.0,61
2002-08-12,69.0,Moderate,PM2.5,91.0,76.0,0.0,13.0,61
2002-08-13,41.0,Good,PM2.5,93.0,77.0,0.0,12.0,66
2002-08-14,52.0,Moderate,PM2.5,81.0,75.0,0.87,11.0,85
2002-08-15,45.0,Good,PM2.5,87.0,75.0,0.01,15.0,78
2002-08-16,46.0,Good,PM2.5,92.0,75.0,0.01,13.0,75
2002-08-17,49.0,Good,PM2.5,93.0,77.0,0.0,16.0,68
2002-08-18,42.0,Good,PM2.5,95.0,77.0,0.0,14.0,63
2002-08-19,52.0,Moderate,PM2.5,94.0,78.0,0.0,13.0,62
2002-08-20,53.0,Moderate,PM2.5,95.0,78.0,0.0,10.0,56
2002-08-21,74.0,Moderate,PM2.5,95.0,78.0,0.0,13.0,60
2002-08-22,59.0,Moderate,PM2.5,95.0,78.0,0.0,12.0,61
2002-08-23,45.0,Good,Ozone,96.0,79.0,0.0,11.0,60
2002-08-24,49.0,Good,PM2.5,97.0,80.0,0.01,10.0,57
2002-08-25,47.0,Good,PM2.5,97.0,81.0,0.0,9.0,52
2002-08-26,108.0,Unhealthy for Sensitive Groups,Ozone,95.0,79.0,0.0,9.0,60
2002-08-27,63.0,Moderate,PM2.5,91.0,79.0,0.05,13.0,68
2002-08-28,115.0,Unhealthy for Sensitive Groups,Ozone,91.0,75.0,0.0,9.0,58
2002-08-29,129.0,Unhealthy for Sensitive Groups,Ozone,90.0,74.0,0.0,9.0,54
2002-08-30,136.0,Unhealthy for Sensitive Groups,Ozone,91.0,72.0,0.0,9.0,53
2002-08-31,129.0,Unhealthy for Sensitive Groups,Ozone,92.0,74.0,0.0,8.0,55
2002-09-01,122.0,Unhealthy for Sensitive Groups,Ozone,93.0,76.0,0.0,7.0,53
2002-09-02,126.0,Unhealthy for Sensitive Groups,Ozone,95.0,76.0,0.0,6.0,50
2002-09-03,90.0,Moderate,Ozone,94.0,77.0,0.0,9.0,51
2002-09-04,61.0,Moderate,PM2.5,94.0,78.0,0.01,7.0,54
2002-09-05,87.0,Moderate,Ozone,94.0,77.0,0.0,8.0,53
2002-09-06,154.0,Unhealthy,Ozone,95.0,79.0,0.0,11.0,49
2002-09-07,66.0,Moderate,PM2.5,90.0,78.0,0.11,14.0,65
2002-09-08,39.0,Good,PM2.5,78.0,72.0,0.66,16.0,91
2002-09-09,62.0,Moderate,PM2.5,86.0,72.0,0.1,10.0,77
2002-09-10,105.0,Unhealthy for Sensitive Groups,Ozone,88.0,72.0,0.0,9.0,62
2002-09-11,159.0,Unhealthy,Ozone,90.0,72.0,0.0,7.0,58
2002-09-12,101.0,Unhealthy for Sensitive Groups,Ozone,90.0,74.0,0.0,7.0,63
2002-09-13,156.0,Unhealthy,Ozone,91.0,73.0,0.0,6.0,65
2002-09-14,161.0,Unhealthy,Ozone,90.0,73.0,0.0,6.0,59
2002-09-15,74.0,Moderate,Ozone,85.0,74.0,0.0,9.0,67
2002-09-16,71.0,Moderate,Ozone,84.0,71.0,0.09,8.0,69
2002-09-17,66.0,Moderate,PM2.5,88.0,70.0,0.0,11.0,68
2002-09-18,55.0,Moderate,PM2.5,94.0,74.0,0.0,19.0,67
2002-09-19,44.0,Good,Ozone,83.0,74.0,0.47,18.0,72
2002-09-20,53.0,Moderate,NO2,82.0,63.0,0.0,12.0,55
2002-09-21,105.0,Unhealthy for Sensitive Groups,Ozone,85.0,63.0,0.0,7.0,60
2002-09-22,80.0,Moderate,Ozone,84.0,66.0,0.0,14.0,62
2002-09-23,58.0,Moderate,PM2.5,81.0,64.0,0.0,11.0,48
2002-09-24,64.0,Moderate,Ozone,81.0,60.0,0.0,11.0,46
2002-09-25,63.0,Moderate,PM2.5,85.0,65.0,0.0,13.0,52
2002-09-26,63.0,Moderate,PM2.5,87.0,67.0,0.0,15.0,59
2002-09-27,115.0,Unhealthy for Sensitive Groups,Ozone,90.0,63.0,0.0,7.0,60
2002-09-28,136.0,Unhealthy for Sensitive Groups,Ozone,93.0,69.0,0.0,8.0,49
2002-09-29,80.0,Moderate,Ozone,90.0,71.0,0.0,8.0,53
2002-09-30,84.0,Moderate,Ozone,90.0,72.0,0.0,11.0,52
2002-10-01,59.0,Moderate,PM2.5,91.0,72.0,0.0,13.0,53
2002-10-02,60.0,Moderate,PM2.5,89.0,74.0,0.0,12.0,66
2002-10-03,57.0,Moderate,PM2.5,90.0,73.0,0.0,8.0,61
2002-10-04,54.0,Moderate,Ozone,88.0,72.0,0.0,12.0,45
2002-10-05,64.0,Moderate,Ozone,84.0,64.0,0.0,11.0,41
2002-10-06,46.0,Good,PM2.5,92.0,72.0,0.01,11.0,62
2002-10-07,54.0,Moderate,PM2.5,73.0,62.0,0.66,16.0,79
2002-10-08,63.0,Moderate,PM2.5,68.0,62.0,0.87,11.0,86
2002-10-09,69.0,Moderate,PM2.5,65.0,62.0,0.56,9.0,92
2002-10-10,49.0,Good,PM2.5,69.0,61.0,0.0,8.0,79
2002-10-11,55.0,Moderate,PM2.5,74.0,62.0,0.0,9.0,76
2002-10-12,67.0,Moderate,PM2.5,81.0,61.0,0.03,19.0,77
2002-10-13,34.0,Good,PM2.5,67.0,57.0,0.0,20.0,51
2002-10-14,54.0,Moderate,PM2.5,62.0,54.0,0.0,9.0,53
2002-10-15,50.0,Good,PM2.5,69.0,49.0,0.0,11.0,63
2002-10-16,48.0,Good,NO2,69.0,49.0,0.0,7.0,55
2002-10-17,71.0,Moderate,PM2.5,75.0,50.0,0.0,8.0,65
2002-10-18,59.0,Moderate,PM2.5,68.0,61.0,2.0,11.0,83
2002-10-19,32.0,Good,Ozone,72.0,64.0,0.54,11.0,86
2002-10-20,50.0,Good,PM2.5,64.0,57.0,0.02,9.0,84
2002-10-21,56.0,Moderate,PM2.5,71.0,56.0,0.02,6.0,79
2002-10-22,62.0,Moderate,PM2.5,71.0,60.0,0.06,9.0,83
2002-10-23,66.0,Moderate,PM2.5,69.0,61.0,0.04,8.0,83
2002-10-24,68.0,Moderate,PM2.5,65.0,60.0,0.3,9.0,89
2002-10-25,36.0,Good,PM2.5,64.0,53.0,0.01,11.0,81
2002-10-26,49.0,Good,PM2.5,63.0,52.0,0.21,9.0,78
2002-10-27,69.0,Moderate,PM2.5,69.0,60.0,0.01,8.0,84
2002-10-28,52.0,Moderate,PM2.5,65.0,60.0,0.29,9.0,89
2002-10-29,43.0,Good,PM2.5,66.0,55.0,0.0,11.0,83
2002-10-30,49.0,Good,PM2.5,67.0,51.0,0.0,13.0,82
2002-10-31,37.0,Good,PM2.5,54.0,48.0,0.07,12.0,70
2002-11-01,58.0,Moderate,PM2.5,53.0,50.0,0.05,9.0,77
2002-11-02,63.0,Moderate,PM2.5,53.0,49.0,0.37,9.0,87
2002-11-03,54.0,Moderate,PM2.5,55.0,50.0,0.22,10.0,89
2002-11-04,50.0,Good,PM2.5,55.0,46.0,0.53,11.0,77
2002-11-05,42.0,Good,NO2,63.0,46.0,0.02,17.0,69
2002-11-06,49.0,Good,NO2,64.0,45.0,0.0,11.0,50
2002-11-07,65.0,Moderate,PM2.5,69.0,42.0,0.0,12.0,65
2002-11-08,49.0,Good,Ozone,72.0,50.0,0.0,18.0,62
2002-11-09,43.0,Good,PM2.5,80.0,62.0,0.0,18.0,68
2002-11-10,36.0,Good,NO2,72.0,57.0,0.0,14.0,54
2002-11-11,38.0,Good,Ozone,69.0,49.0,0.0,11.0,58
2002-11-12,43.0,Good,NO2,62.0,47.0,0.0,11.0,59
2002-11-13,53.0,Moderate,PM2.5,65.0,42.0,0.0,13.0,68
2002-11-14,39.0,Good,Ozone,70.0,50.0,0.0,19.0,63
2002-11-15,33.0,Good,PM2.5,61.0,49.0,0.0,15.0,65
2002-11-16,59.0,Moderate,PM2.5,57.0,42.0,0.0,11.0,65
2002-11-17,37.0,Good,Ozone,68.0,43.0,0.0,14.0,64
2002-11-18,39.0,Good,NO2,70.0,52.0,0.0,19.0,57
2002-11-19,60.0,Moderate,PM2.5,65.0,44.0,0.0,10.0,58
2002-11-20,60.0,Moderate,PM2.5,67.0,42.0,0.0,10.0,63
2002-11-21,45.0,Good,NO2,72.0,47.0,0.0,11.0,58
2002-11-22,53.0,Moderate,PM2.5,60.0,46.0,0.0,12.0,58
2002-11-23,46.0,Good,PM2.5,70.0,46.0,0.0,13.0,54
2002-11-24,51.0,Moderate,PM2.5,71.0,51.0,0.0,14.0,73
2002-11-25,61.0,Moderate,PM2.5,59.0,42.0,0.04,16.0,70
2002-11-26,56.0,Moderate,PM2.5,49.0,40.0,0.12,12.0,56
2002-11-27,67.0,Moderate,PM2.5,46.0,34.0,0.0,11.0,56
2002-11-28,86.0,Moderate,PM2.5,57.0,32.0,0.0,6.0,67
2002-11-29,44.0,Good,PM2.5,66.0,38.0,0.0,14.0,62
2002-11-30,36.0,Good,Ozone,60.0,45.0,0.0,15.0,57
2002-12-01,41.0,Good,PM2.5,57.0,36.0,0.0,10.0,53
2002-12-02,54.0,Moderate,NO2,70.0,47.0,0.0,12.0,59
2002-12-03,71.0,Moderate,PM2.5,55.0,48.0,0.79,13.0,96
2002-12-04,51.0,Moderate,PM2.5,47.0,38.0,0.3,16.0,79
2002-12-05,60.0,Moderate,PM2.5,45.0,36.0,0.0,14.0,62
2002-12-06,68.0,Moderate,PM2.5,51.0,31.0,0.0,7.0,72
2002-12-07,62.0,Moderate,PM2.5,57.0,38.0,0.0,11.0,74
2002-12-08,71.0,Moderate,PM2.5,54.0,46.0,0.1,9.0,90
2002-12-09,63.0,Moderate,PM2.5,48.0,45.0,1.02,8.0,93
2002-12-10,73.0,Moderate,PM2.5,49.0,44.0,0.03,5.0,86
2002-12-11,60.0,Moderate,PM2.5,51.0,42.0,0.0,10.0,79
2002-12-12,73.0,Moderate,PM2.5,54.0,44.0,0.04,10.0,89
2002-12-13,47.0,Good,PM2.5,55.0,42.0,0.0,20.0,68
2002-12-14,55.0,Moderate,PM2.5,63.0,34.0,0.0,10.0,69
2002-12-15,44.0,Good,Ozone,66.0,44.0,0.0,13.0,77
2002-12-16,59.0,Moderate,PM2.5,68.0,53.0,0.0,13.0,77
2002-12-17,60.0,Moderate,PM2.5,72.0,53.0,0.0,22.0,82
2002-12-18,54.0,Moderate,PM2.5,68.0,52.0,0.0,21.0,69
2002-12-19,31.0,Good,NO2,58.0,48.0,0.01,18.0,56
2002-12-20,44.0,Good,PM2.5,57.0,37.0,0.0,10.0,56
2002-12-21,40.0,Good,Ozone,66.0,43.0,0.0,21.0,52
2002-12-22,28.0,Good,PM2.5,55.0,36.0,0.0,13.0,58
2002-12-23,39.0,Good,PM2.5,49.0,41.0,1.19,17.0,87
2002-12-24,32.0,Good,PM2.5,41.0,35.0,0.02,19.0,72
2002-12-25,65.0,Moderate,PM2.5,45.0,26.0,0.0,10.0,68
2002-12-26,52.0,Moderate,PM2.5,49.0,33.0,0.0,8.0,73
2002-12-27,71.0,Moderate,PM2.5,55.0,35.0,0.0,9.0,73
2002-12-28,65.0,Moderate,PM2.5,64.0,36.0,0.0,12.0,74
2002-12-29,54.0,Moderate,PM2.5,65.0,46.0,0.0,18.0,84
2002-12-30,30.0,Good,PM2.5,65.0,54.0,1.59,18.0,93
2002-12-31,37.0,Good,NO2,56.0,42.0,0.0,19.0,51
2003-01-01,58.0,Moderate,NO2,65.0,34.0,0.0,21.0,59
2003-01-02,40.0,Good,PM2.5,51.0,36.0,0.0,20.0,55
2003-01-03,73.0,Moderate,PM2.5,58.0,33.0,0.0,7.0,77
2003-01-04,41.0,Good,PM2.5,65.0,41.0,0.0,10.0,69
2003-01-05,41.0,Good,PM2.5,62.0,40.0,0.0,6.0,76
2003-01-06,57.0,Moderate,PM2.5,55.0,42.0,0.0,11.0,73
2003-01-07,67.0,Moderate,PM2.5,53.0,32.0,0.0,8.0,73
2003-01-08,53.0,Moderate,PM2.5,69.0,43.0,0.0,13.0,75
2003-01-09,42.0,Good,PM10,71.0,53.0,0.0,20.0,63
2003-01-10,38.0,Good,NO2,51.0,38.0,0.0,18.0,44
2003-01-11,41.0,Good,PM2.5,46.0,36.0,0.0,8.0,55
2003-01-12,56.0,Moderate,PM2.5,44.0,35.0,0.41,7.0,79
2003-01-13,70.0,Moderate,PM2.5,45.0,34.0,0.0,6.0,84
2003-01-14,66.0,Moderate,PM2.5,55.0,34.0,0.0,6.0,87
2003-01-15,85.0,Moderate,PM2.5,47.0,38.0,0.0,16.0,87
2003-01-16,53.0,Moderate,PM2.5,48.0,32.0,0.0,24.0,57
2003-01-17,43.0,Good,PM2.5,39.0,26.0,0.0,11.0,56
2003-01-18,61.0,Moderate,PM2.5,53.0,28.0,0.0,12.0,64
2003-01-19,57.0,Moderate,PM2.5,60.0,33.0,0.0,11.0,68
2003-01-20,51.0,Moderate,PM2.5,72.0,48.0,0.0,17.0,78
2003-01-21,69.0,Moderate,PM2.5,60.0,44.0,0.0,17.0,68
2003-01-22,69.0,Moderate,PM2.5,44.0,35.0,0.0,16.0,67
2003-01-23,51.0,Moderate,PM2.5,35.0,26.0,0.0,16.0,44
2003-01-24,61.0,Moderate,PM2.5,39.0,24.0,0.0,8.0,48
2003-01-25,67.0,Moderate,PM2.5,40.0,33.0,0.02,7.0,63
2003-01-26,99.0,Moderate,PM2.5,46.0,36.0,0.09,9.0,81
2003-01-27,96.0,Moderate,PM2.5,52.0,29.0,0.0,14.0,78
2003-01-28,70.0,Moderate,PM2.5,68.0,46.0,0.0,20.0,81
2003-01-29,74.0,Moderate,PM2.5,58.0,47.0,0.0,15.0,84
2003-01-30,78.0,Moderate,PM2.5,53.0,43.0,0.0,9.0,77
2003-01-31,70.0,Moderate,PM2.5,62.0,43.0,0.0,13.0,77
2003-02-01,54.0,Moderate,PM2.5,69.0,37.0,0.0,14.0,68
2003-02-02,66.0,Moderate,PM2.5,71.0,52.0,0.0,19.0,79
2003-02-03,40.0,Good,PM2.5,67.0,46.0,0.0,18.0,65
2003-02-04,45.0,Good,NO2,51.0,34.0,0.0,12.0,55
2003-02-05,55.0,Moderate,PM2.5,48.0,38.0,0.2,13.0,70
2003-02-06,53.0,Moderate,PM2.5,44.0,39.0,0.32,15.0,86
2003-02-07,53.0,Moderate,PM2.5,40.0,28.0,0.0,18.0,59
2003-02-08,55.0,Moderate,PM2.5,43.0,30.0,0.0,7.0,62
2003-02-09,59.0,Moderate,PM2.5,54.0,34.0,0.13,9.0,81
2003-02-10,55.0,Moderate,PM2.5,55.0,34.0,0.0,13.0,72
2003-02-11,61.0,Moderate,PM2.5,66.0,41.0,0.0,11.0,67
2003-02-12,77.0,Moderate,PM2.5,67.0,40.0,0.0,8.0,82
2003-02-13,69.0,Moderate,PM2.5,65.0,56.0,0.3,14.0,94
2003-02-14,51.0,Moderate,PM2.5,75.0,61.0,0.22,20.0,88
2003-02-15,60.0,Moderate,PM2.5,64.0,45.0,0.05,18.0,76
2003-02-16,57.0,Moderate,PM2.5,45.0,35.0,0.0,18.0,56
2003-02-17,61.0,Moderate,PM2.5,57.0,32.0,0.0,10.0,70
2003-02-18,57.0,Moderate,PM2.5,67.0,43.0,0.0,20.0,77
2003-02-19,55.0,Moderate,PM2.5,59.0,51.0,0.01,19.0,80
2003-02-20,51.0,Moderate,PM2.5,50.0,46.0,0.84,9.0,90
2003-02-21,29.0,Good,PM2.5,50.0,46.0,0.3,16.0,98
2003-02-22,44.0,Good,PM2.5,63.0,46.0,0.22,18.0,73
2003-02-23,55.0,Moderate,PM2.5,67.0,37.0,0.0,23.0,62
2003-02-24,58.0,Moderate,PM2.5,36.0,25.0,0.17,16.0,67
2003-02-25,67.0,Moderate,PM2.5,29.0,20.0,0.39,14.0,84
2003-02-26,63.0,Moderate,PM2.5,35.0,29.0,0.01,8.0,90
2003-02-27,69.0,Moderate,PM2.5,46.0,33.0,0.0,6.0,86
2003-02-28,68.0,Moderate,PM2.5,48.0,36.0,0.0,5.0,82
2003-03-01,74.0,Moderate,PM2.5,54.0,40.0,0.02,8.0,84
2003-03-02,66.0,Moderate,PM2.5,49.0,42.0,0.0,10.0,79
2003-03-03,74.0,Moderate,PM2.5,55.0,40.0,0.01,8.0,78
2003-03-04,55.0,Moderate,PM2.5,64.0,42.0,0.0,16.0,85
2003-03-05,65.0,Moderate,PM2.5,54.0,37.0,0.0,15.0,71
2003-03-06,59.0,Moderate,PM2.5,55.0,30.0,0.0,9.0,70
2003-03-07,57.0,Moderate,PM2.5,75.0,43.0,0.0,13.0,73
2003-03-08,61.0,Moderate,PM2.5,68.0,54.0,0.04,13.0,75
2003-03-09,95.0,Moderate,PM2.5,60.0,46.0,0.0,11.0,78
2003-03-10,82.0,Moderate,PM2.5,58.0,40.0,0.0,8.0,72
2003-03-11,67.0,Moderate,PM2.5,69.0,47.0,0.0,15.0,78
2003-03-12,71.0,Moderate,PM2.5,75.0,62.0,0.01,12.0,85
2003-03-13,56.0,Moderate,PM2.5,71.0,59.0,0.02,14.0,84
2003-03-14,68.0,Moderate,PM2.5,72.0,49.0,0.0,9.0,75
2003-03-15,93.0,Moderate,Ozone,77.0,51.0,0.0,9.0,73
2003-03-16,71.0,Moderate,Ozone,76.0,59.0,0.0,10.0,73
2003-03-17,65.0,Moderate,PM2.5,77.0,57.0,0.06,12.0,77
2003-03-18,34.0,Good,NO2,63.0,54.0,0.65,11.0,80
2003-03-19,46.0,Good,PM2.5,72.0,50.0,0.01,17.0,50
2003-03-20,24.0,Good,Ozone,57.0,52.0,0.0,19.0,63
2003-03-21,52.0,Moderate,PM2.5,61.0,47.0,0.0,7.0,67
2003-03-22,71.0,Moderate,PM2.5,62.0,45.0,0.24,7.0,82
2003-03-23,49.0,Good,Ozone,71.0,45.0,0.0,10.0,76
2003-03-24,67.0,Moderate,Ozone,75.0,54.0,0.0,18.0,71
2003-03-25,58.0,Moderate,PM2.5,75.0,60.0,0.04,15.0,78
2003-03-26,53.0,Moderate,NO2,67.0,52.0,0.0,13.0,70
2003-03-27,58.0,Moderate,Ozone,76.0,53.0,0.0,21.0,75
2003-03-28,39.0,Good,PM2.5,65.0,44.0,0.04,20.0,63
2003-03-29,44.0,Good,Ozone,54.0,44.0,0.0,18.0,41
2003-03-30,49.0,Good,NO2,60.0,36.0,0.0,7.0,54
2003-03-31,61.0,Moderate,Ozone,77.0,45.0,0.0,16.0,47
2003-04-01,58.0,Moderate,Ozone,75.0,54.0,0.0,22.0,52
2003-04-02,45.0,Good,Ozone,78.0,57.0,0.0,20.0,62
2003-04-03,53.0,Moderate,PM2.5,74.0,64.0,0.02,21.0,74
2003-04-04,52.0,Moderate,PM2.5,81.0,64.0,0.0,18.0,68
2003-04-05,72.0,Moderate,PM2.5,77.0,58.0,0.0,11.0,63
2003-04-06,63.0,Moderate,PM2.5,82.0,62.0,0.19,16.0,70
2003-04-07,56.0,Moderate,PM2.5,69.0,52.0,0.0,17.0,61
2003-04-08,48.0,Good,Ozone,57.0,45.0,0.0,19.0,47
2003-04-09,61.0,Moderate,Ozone,63.0,39.0,0.0,14.0,49
2003-04-10,61.0,Moderate,NO2,73.0,41.0,0.0,6.0,54
2003-04-11,97.0,Moderate,Ozone,77.0,50.0,0.0,8.0,49
2003-04-12,105.0,Unhealthy for Sensitive Groups,Ozone,80.0,53.0,0.0,8.0,57
2003-04-13,58.0,Moderate,Ozone,84.0,60.0,0.0,14.0,54
2003-04-14,48.0,Good,Ozone,83.0,61.0,0.0,17.0,55
2003-04-15,55.0,Moderate,PM2.5,78.0,62.0,0.0,25.0,63
2003-04-16,50.0,Good,Ozone,87.0,67.0,0.01,23.0,43
2003-04-17,45.0,Good,NO2,80.0,57.0,0.0,9.0,51
2003-04-18,77.0,Moderate,PM2.5,84.0,66.0,0.0,20.0,61
2003-04-19,67.0,Moderate,PM2.5,84.0,69.0,0.15,23.0,69
2003-04-20,46.0,Good,Ozone,73.0,58.0,0.0,13.0,56
2003-04-21,64.0,Moderate,Ozone,77.0,53.0,0.0,7.0,51
2003-04-22,50.0,Good,PM2.5,77.0,57.0,0.0,10.0,56
2003-04-23,67.0,Moderate,PM2.5,73.0,63.0,1.11,20.0,81
2003-04-24,67.0,Moderate,Ozone,84.0,66.0,0.08,18.0,63
2003-04-25,61.0,Moderate,Ozone,76.0,56.0,0.0,12.0,55
2003-04-26,93.0,Moderate,Ozone,78.0,54.0,0.0,10.0,66
2003-04-27,105.0,Unhealthy for Sensitive Groups,Ozone,86.0,63.0,0.0,16.0,56
2003-04-28,61.0,Moderate,Ozone,82.0,67.0,0.0,14.0,58
2003-04-29,77.0,Moderate,Ozone,84.0,65.0,0.0,12.0,66
2003-04-30,54.0,Moderate,PM2.5,83.0,69.0,0.07,18.0,73
2003-05-01,65.0,Moderate,PM2.5,90.0,69.0,0.04,16.0,69
2003-05-02,65.0,Moderate,PM2.5,82.0,67.0,0.11,9.0,81
2003-05-03,82.0,Moderate,PM2.5,83.0,64.0,0.04,13.0,83
2003-05-04,91.0,Moderate,PM2.5,85.0,73.0,0.02,20.0,77
2003-05-05,94.0,Moderate,PM2.5,89.0,74.0,0.02,18.0,73
2003-05-06,105.0,Unhealthy for Sensitive Groups,PM2.5,84.0,74.0,0.04,15.0,81
2003-05-07,84.0,Moderate,PM2.5,91.0,70.0,0.02,13.0,77
2003-05-08,109.0,Unhealthy for Sensitive Groups,PM2.5,90.0,76.0,0.0,21.0,71
2003-05-09,100.0,Moderate,PM2.5,90.0,74.0,0.01,19.0,65
2003-05-10,132.0,Unhealthy for Sensitive Groups,PM2.5,84.0,73.0,1.11,20.0,81
2003-05-11,46.0,Good,Ozone,76.0,64.0,0.02,19.0,61
2003-05-12,87.0,Moderate,Ozone,81.0,61.0,0.0,11.0,59
2003-05-13,73.0,Moderate,PM2.5,83.0,67.0,0.07,15.0,76
2003-05-14,71.0,Moderate,PM2.5,85.0,70.0,0.5,15.0,78
2003-05-15,74.0,Moderate,PM2.5,82.0,69.0,0.54,11.0,85
2003-05-16,112.0,Unhealthy for Sensitive Groups,Ozone,89.0,72.0,0.0,19.0,64
2003-05-17,53.0,Moderate,PM2.5,77.0,65.0,0.0,14.0,69
2003-05-18,174.0,Unhealthy,Ozone,84.0,63.0,0.0,7.0,74
2003-05-19,133.0,Unhealthy for Sensitive Groups,Ozone,90.0,69.0,0.0,12.0,70
2003-05-20,46.0,Good,PM2.5,78.0,61.0,0.3,16.0,85
2003-05-21,53.0,Moderate,PM2.5,70.0,62.0,0.01,9.0,75
2003-05-22,54.0,Moderate,PM2.5,74.0,61.0,0.0,5.0,78
2003-05-23,119.0,Unhealthy for Sensitive Groups,Ozone,82.0,64.0,0.0,7.0,74
2003-05-24,129.0,Unhealthy for Sensitive Groups,Ozone,87.0,68.0,0.01,9.0,72
2003-05-25,51.0,Moderate,Ozone,78.0,69.0,1.42,12.0,87
2003-05-26,59.0,Moderate,PM2.5,75.0,64.0,0.04,11.0,76
2003-05-27,80.0,Moderate,Ozone,79.0,65.0,0.0,8.0,67
2003-05-28,177.0,Unhealthy,Ozone,81.0,63.0,0.0,6.0,60
2003-05-29,159.0,Unhealthy,Ozone,90.0,66.0,0.0,7.0,60
2003-05-30,129.0,Unhealthy for Sensitive Groups,Ozone,96.0,71.0,0.0,12.0,57
2003-05-31,226.0,Very Unhealthy,Ozone,93.0,74.0,0.0,11.0,55
2003-06-01,154.0,Unhealthy,Ozone,92.0,71.0,0.03,12.0,65
2003-06-02,119.0,Unhealthy for Sensitive Groups,Ozone,89.0,73.0,0.29,13.0,69
2003-06-03,133.0,Unhealthy for Sensitive Groups,Ozone,89.0,70.0,0.0,7.0,67
2003-06-04,140.0,Unhealthy for Sensitive Groups,Ozone,87.0,71.0,0.08,11.0,63
2003-06-05,71.0,Moderate,PM2.5,75.0,70.0,2.07,12.0,89
2003-06-06,54.0,Moderate,Ozone,79.0,69.0,0.04,12.0,79
2003-06-07,151.0,Unhealthy,Ozone,83.0,64.0,0.0,5.0,69
2003-06-08,80.0,Moderate,Ozone,78.0,67.0,0.09,12.0,77
2003-06-09,151.0,Unhealthy,Ozone,90.0,67.0,0.0,11.0,71
2003-06-10,42.0,Good,Ozone,88.0,76.0,0.01,13.0,70
2003-06-11,54.0,Moderate,PM2.5,93.0,76.0,0.03,18.0,70
2003-06-12,44.0,Good,Ozone,87.0,72.0,0.77,14.0,84
2003-06-13,35.0,Good,NO2,83.0,71.0,0.33,12.0,83
2003-06-14,108.0,Unhealthy for Sensitive Groups,Ozone,85.0,68.0,0.0,5.0,76
2003-06-15,50.0,Good,Ozone,83.0,70.0,0.2,8.0,78
2003-06-16,58.0,Moderate,Ozone,83.0,69.0,0.11,8.0,80
2003-06-17,57.0,Moderate,PM2.5,81.0,69.0,0.07,7.0,82
2003-06-18,67.0,Moderate,Ozone,84.0,69.0,0.0,5.0,80
2003-06-19,87.0,Moderate,Ozone,86.0,68.0,0.0,6.0,76
2003-06-20,112.0,Unhealthy for Sensitive Groups,Ozone,87.0,70.0,0.01,10.0,73
2003-06-21,100.0,Moderate,Ozone,90.0,73.0,0.0,8.0,71
2003-06-22,65.0,Moderate,PM2.5,92.0,75.0,0.0,11.0,71
2003-06-23,58.0,Moderate,PM2.5,92.0,78.0,0.0,12.0,67
2003-06-24,53.0,Moderate,PM2.5,92.0,79.0,0.01,14.0,71
2003-06-25,51.0,Moderate,PM2.5,93.0,78.0,0.0,12.0,66
2003-06-26,34.0,Good,Ozone,82.0,73.0,0.89,15.0,84
2003-06-27,90.0,Moderate,Ozone,85.0,69.0,0.0,9.0,69
2003-06-28,164.0,Unhealthy,Ozone,87.0,67.0,0.0,8.0,67
2003-06-29,122.0,Unhealthy for Sensitive Groups,Ozone,89.0,69.0,0.0,8.0,65
2003-06-30,61.0,Moderate,PM2.5,89.0,71.0,0.0,8.0,71
2003-07-01,108.0,Unhealthy for Sensitive Groups,Ozone,90.0,73.0,0.0,6.0,70
2003-07-02,140.0,Unhealthy for Sensitive Groups,Ozone,94.0,74.0,0.0,5.0,58
2003-07-03,119.0,Unhealthy for Sensitive Groups,Ozone,94.0,75.0,0.0,8.0,54
2003-07-04,67.0,Moderate,Ozone,92.0,76.0,0.0,8.0,66
2003-07-05,57.0,Moderate,PM2.5,88.0,76.0,0.03,10.0,69
2003-07-06,57.0,Moderate,PM2.5,92.0,76.0,0.09,12.0,64
2003-07-07,48.0,Good,PM2.5,94.0,76.0,0.0,12.0,65
2003-07-08,49.0,Good,PM2.5,91.0,75.0,0.16,13.0,72
2003-07-09,38.0,Good,PM2.5,92.0,76.0,0.0,14.0,69
2003-07-10,46.0,Good,Ozone,94.0,76.0,0.12,13.0,69
2003-07-11,84.0,Moderate,Ozone,96.0,74.0,0.0,7.0,65
2003-07-12,74.0,Moderate,Ozone,97.0,76.0,0.0,10.0,62
2003-07-13,74.0,Moderate,Ozone,98.0,79.0,0.0,10.0,52
2003-07-14,100.0,Moderate,Ozone,98.0,79.0,0.0,10.0,53
2003-07-15,59.0,Moderate,PM2.5,96.0,78.0,0.0,11.0,50
2003-07-16,56.0,Moderate,PM2.5,95.0,76.0,0.0,10.0,62
2003-07-17,58.0,Moderate,PM2.5,94.0,76.0,0.0,8.0,61
2003-07-18,136.0,Unhealthy for Sensitive Groups,Ozone,98.0,79.0,0.0,8.0,51
2003-07-19,101.0,Unhealthy for Sensitive Groups,Ozone,99.0,80.0,0.0,10.0,47
2003-07-20,87.0,Moderate,Ozone,100.0,81.0,0.0,11.0,45
2003-07-21,56.0,Moderate,PM2.5,100.0,82.0,0.0,12.0,44
2003-07-22,74.0,Moderate,Ozone,98.0,82.0,0.0,13.0,48
2003-07-23,119.0,Unhealthy for Sensitive Groups,Ozone,92.0,76.0,0.04,10.0,61
2003-07-24,112.0,Unhealthy for Sensitive Groups,Ozone,93.0,74.0,0.0,9.0,51
2003-07-25,70.0,Moderate,PM2.5,93.0,76.0,0.0,10.0,62
2003-07-26,83.0,Moderate,PM2.5,95.0,78.0,0.0,12.0,54
2003-07-27,66.0,Moderate,PM2.5,95.0,78.0,0.0,12.0,50
2003-07-28,63.0,Moderate,PM2.5,97.0,79.0,0.0,10.0,50
2003-07-29,76.0,Moderate,PM2.5,98.0,80.0,0.0,10.0,44
2003-07-30,71.0,Moderate,Ozone,96.0,82.0,0.08,11.0,51
2003-07-31,147.0,Unhealthy for Sensitive Groups,Ozone,96.0,78.0,0.0,10.0,63
2003-08-01,74.0,Moderate,PM2.5,99.0,80.0,0.0,11.0,51
2003-08-02,58.0,Moderate,PM2.5,97.0,80.0,0.0,13.0,50
2003-08-03,81.0,Moderate,PM2.5,96.0,81.0,0.0,12.0,53
2003-08-04,72.0,Moderate,PM2.5,100.0,80.0,0.0,13.0,49
2003-08-05,59.0,Moderate,PM2.5,100.0,80.0,0.0,13.0,47
2003-08-06,169.0,Unhealthy,Ozone,103.0,82.0,0.0,11.0,41
2003-08-07,215.0,Very Unhealthy,Ozone,101.0,78.0,0.0,8.0,43
2003-08-08,150.0,Unhealthy for Sensitive Groups,Ozone,98.0,81.0,0.0,10.0,47
2003-08-09,77.0,Moderate,PM2.5,95.0,82.0,0.0,9.0,55
2003-08-10,166.0,Unhealthy,Ozone,94.0,76.0,0.0,6.0,56
2003-08-11,129.0,Unhealthy for Sensitive Groups,Ozone,93.0,76.0,0.24,12.0,61
2003-08-12,74.0,Moderate,Ozone,88.0,72.0,0.04,10.0,63
2003-08-13,77.0,Moderate,Ozone,87.0,72.0,0.02,12.0,63
2003-08-14,61.0,Moderate,PM2.5,87.0,72.0,0.01,9.0,67
2003-08-15,90.0,Moderate,Ozone,93.0,72.0,0.0,7.0,61
2003-08-16,93.0,Moderate,Ozone,95.0,76.0,0.0,6.0,58
2003-08-17,100.0,Moderate,Ozone,97.0,79.0,0.0,5.0,51
2003-08-18,112.0,Unhealthy for Sensitive Groups,Ozone,98.0,79.0,0.0,9.0,50
2003-08-19,93.0,Moderate,Ozone,97.0,80.0,0.0,9.0,52
2003-08-20,54.0,Moderate,PM2.5,97.0,80.0,0.0,9.0,51
2003-08-21,84.0,Moderate,Ozone,96.0,81.0,0.01,11.0,54
2003-08-22,87.0,Moderate,Ozone,96.0,77.0,0.02,9.0,63
2003-08-23,136.0,Unhealthy for Sensitive Groups,Ozone,96.0,77.0,0.0,7.0,59
2003-08-24,136.0,Unhealthy for Sensitive Groups,Ozone,96.0,78.0,0.0,6.0,54
2003-08-25,100.0,Moderate,Ozone,97.0,80.0,0.0,7.0,48
2003-08-26,66.0,Moderate,PM2.5,95.0,80.0,0.03,11.0,57
2003-08-27,71.0,Moderate,Ozone,94.0,78.0,0.06,9.0,67
2003-08-28,61.0,Moderate,PM2.5,96.0,79.0,0.02,11.0,62
2003-08-29,49.0,Good,Ozone,95.0,79.0,0.05,12.0,62
2003-08-30,41.0,Good,Ozone,92.0,79.0,0.0,11.0,65
2003-08-31,47.0,Good,PM2.5,81.0,75.0,0.95,9.0,88
2003-09-01,27.0,Good,PM2.5,76.0,72.0,1.39,13.0,93
2003-09-02,38.0,Good,Ozone,80.0,72.0,0.04,6.0,76
2003-09-03,52.0,Moderate,PM2.5,83.0,70.0,0.0,7.0,77
2003-09-04,54.0,Moderate,PM2.5,85.0,72.0,0.01,7.0,78
2003-09-05,101.0,Unhealthy for Sensitive Groups,Ozone,85.0,70.0,0.0,6.0,71
2003-09-06,108.0,Unhealthy for Sensitive Groups,Ozone,83.0,66.0,0.0,7.0,65
2003-09-07,119.0,Unhealthy for Sensitive Groups,Ozone,83.0,62.0,0.0,6.0,63
2003-09-08,87.0,Moderate,Ozone,86.0,65.0,0.0,7.0,60
2003-09-09,140.0,Unhealthy for Sensitive Groups,Ozone,88.0,66.0,0.0,8.0,61
2003-09-10,58.0,Moderate,PM2.5,90.0,71.0,0.02,13.0,67
2003-09-11,33.0,Good,PM2.5,87.0,74.0,0.45,13.0,84
2003-09-12,36.0,Good,PM2.5,74.0,66.0,0.2,8.0,87
2003-09-13,44.0,Good,Ozone,81.0,63.0,0.0,8.0,74
2003-09-14,35.0,Good,PM2.5,74.0,65.0,0.0,11.0,71
2003-09-15,74.0,Moderate,Ozone,81.0,61.0,0.0,6.0,65
2003-09-16,77.0,Moderate,Ozone,84.0,67.0,0.0,11.0,70
2003-09-17,108.0,Unhealthy for Sensitive Groups,Ozone,87.0,68.0,0.0,11.0,65
2003-09-18,64.0,Moderate,PM2.5,83.0,71.0,0.33,9.0,76
2003-09-19,36.0,Good,NO2,74.0,62.0,0.07,13.0,70
2003-09-20,68.0,Moderate,PM2.5,83.0,62.0,0.0,6.0,64
2003-09-21,95.0,Moderate,PM2.5,81.0,69.0,0.0,6.0,74
2003-09-22,73.0,Moderate,PM2.5,85.0,63.0,0.0,7.0,72
2003-09-23,100.0,Moderate,Ozone,86.0,65.0,0.0,8.0,63
2003-09-24,84.0,Moderate,Ozone,86.0,70.0,0.0,12.0,64
2003-09-25,115.0,Unhealthy for Sensitive Groups,Ozone,85.0,67.0,0.0,5.0,66
2003-09-26,97.0,Moderate,Ozone,85.0,71.0,0.01,6.0,67
2003-09-27,56.0,Moderate,PM2.5,86.0,69.0,0.0,13.0,61
2003-09-28,44.0,Good,Ozone,80.0,61.0,0.0,10.0,44
2003-09-29,46.0,Good,Ozone,80.0,61.0,0.0,10.0,39
2003-09-30,54.0,Moderate,Ozone,81.0,62.0,0.0,10.0,40
2003-10-01,61.0,Moderate,PM2.5,76.0,64.0,0.0,9.0,52
2003-10-02,58.0,Moderate,PM2.5,73.0,62.0,0.0,9.0,56
2003-10-03,67.0,Moderate,Ozone,80.0,59.0,0.0,10.0,45
2003-10-04,90.0,Moderate,Ozone,84.0,60.0,0.01,6.0,58
2003-10-05,56.0,Moderate,PM2.5,79.0,67.0,0.28,5.0,78
2003-10-06,78.0,Moderate,PM2.5,78.0,67.0,0.01,6.0,82
2003-10-07,82.0,Moderate,PM2.5,80.0,64.0,0.0,5.0,74
2003-10-08,83.0,Moderate,PM2.5,82.0,65.0,0.03,7.0,72
2003-10-09,61.0,Moderate,PM2.5,78.0,69.0,0.97,8.0,82
2003-10-10,52.0,Moderate,PM2.5,80.0,64.0,0.0,9.0,81
2003-10-11,70.0,Moderate,PM2.5,79.0,65.0,0.07,5.0,78
2003-10-12,55.0,Moderate,PM2.5,75.0,67.0,0.01,8.0,73
2003-10-13,61.0,Moderate,PM2.5,82.0,66.0,0.0,12.0,74
2003-10-14,43.0,Good,NO2,74.0,59.0,0.02,20.0,57
2003-10-15,56.0,Moderate,PM2.5,74.0,54.0,0.0,11.0,62
2003-10-16,54.0,Moderate,PM2.5,81.0,59.0,0.0,16.0,68
2003-10-17,48.0,Good,PM2.5,71.0,61.0,0.0,15.0,66
2003-10-18,60.0,Moderate,NO2,76.0,54.0,0.0,6.0,65
2003-10-19,61.0,Moderate,PM2.5,83.0,57.0,0.0,6.0,64
2003-10-20,87.0,Moderate,Ozone,85.0,59.0,0.0,8.0,64
2003-10-21,65.0,Moderate,PM2.5,87.0,61.0,0.0,8.0,59
2003-10-22,84.0,Moderate,Ozone,89.0,63.0,0.0,8.0,53
2003-10-23,74.0,Moderate,Ozone,87.0,59.0,0.0,7.0,52
2003-10-24,77.0,Moderate,Ozone,89.0,64.0,0.0,15.0,49
2003-10-25,49.0,Good,PM2.5,78.0,56.0,0.0,20.0,62
2003-10-26,35.0,Good,NO2,63.0,55.0,0.0,19.0,44
2003-10-27,48.0,Good,NO2,73.0,47.0,0.0,7.0,43
2003-10-28,52.0,Moderate,NO2,78.0,54.0,0.0,9.0,41
2003-10-29,48.0,Good,Ozone,83.0,54.0,0.0,19.0,50
2003-10-30,51.0,Moderate,PM2.5,85.0,64.0,0.0,21.0,66
2003-10-31,52.0,Moderate,PM2.5,85.0,74.0,0.06,15.0,76
2003-11-01,52.0,Moderate,PM2.5,83.0,69.0,0.0,11.0,72
2003-11-02,61.0,Moderate,PM2.5,80.0,66.0,0.0,12.0,69
2003-11-03,55.0,Moderate,PM2.5,81.0,69.0,0.0,15.0,71
2003-11-04,51.0,Moderate,PM2.5,80.0,70.0,0.0,13.0,71
2003-11-05,47.0,Good,PM2.5,74.0,57.0,0.07,11.0,83
2003-11-06,54.0,Moderate,PM2.5,56.0,49.0,0.0,13.0,73
2003-11-07,40.0,Good,PM2.5,55.0,45.0,0.39,12.0,82
2003-11-08,55.0,Moderate,PM2.5,52.0,50.0,0.09,7.0,89
2003-11-09,64.0,Moderate,PM2.5,55.0,50.0,0.03,6.0,80
2003-11-10,70.0,Moderate,PM2.5,73.0,52.0,0.0,11.0,68
2003-11-11,66.0,Moderate,PM2.5,79.0,62.0,0.0,17.0,74
2003-11-12,51.0,Moderate,PM2.5,79.0,63.0,0.0,16.0,67
2003-11-13,33.0,Good,Ozone,62.0,54.0,0.0,16.0,34
2003-11-14,44.0,Good,PM2.5,60.0,51.0,0.0,9.0,39
2003-11-15,54.0,Moderate,PM2.5,76.0,61.0,0.11,13.0,76
2003-11-16,51.0,Moderate,PM2.5,76.0,55.0,0.0,9.0,84
2003-11-17,41.0,Good,PM2.5,73.0,67.0,0.53,15.0,92
2003-11-18,43.0,Good,PM2.5,67.0,58.0,0.0,27.0,58
2003-11-19,60.0,Moderate,NO2,71.0,48.0,0.0,14.0,45
2003-11-20,62.0,Moderate,NO2,74.0,50.0,0.0,16.0,48
2003-11-21,40.0,Good,Ozone,74.0,55.0,0.0,16.0,57
2003-11-22,35.0,Good,Ozone,79.0,62.0,0.0,21.0,72
2003-11-23,33.0,Good,PM2.5,70.0,41.0,0.26,21.0,57
2003-11-24,45.0,Good,NO2,46.0,35.0,0.0,14.0,40
2003-11-25,36.0,Good,NO2,57.0,37.0,0.0,17.0,47
2003-11-26,57.0,Moderate,PM2.5,75.0,52.0,0.0,15.0,79
2003-11-27,46.0,Good,PM2.5,58.0,47.0,0.0,23.0,68
2003-11-28,55.0,Moderate,NO2,55.0,40.0,0.0,15.0,41
2003-11-29,60.0,Moderate,NO2,62.0,38.0,0.0,14.0,45
2003-11-30,46.0,Good,Ozone,67.0,45.0,0.0,15.0,54
2003-12-01,61.0,Moderate,PM2.5,66.0,46.0,0.0,8.0,80
2003-12-02,54.0,Moderate,PM2.5,62.0,51.0,0.0,12.0,56
2003-12-03,58.0,Moderate,PM2.5,61.0,48.0,0.0,14.0,66
2003-12-04,77.0,Moderate,PM2.5,58.0,40.0,0.0,6.0,74
2003-12-05,42.0,Good,PM2.5,50.0,40.0,0.0,17.0,49
2003-12-06,56.0,Moderate,PM2.5,48.0,33.0,0.0,9.0,57
2003-12-07,55.0,Moderate,PM2.5,60.0,38.0,0.0,17.0,55
2003-12-08,45.0,Good,PM2.5,73.0,51.0,0.0,17.0,64
2003-12-09,36.0,Good,PM2.5,67.0,42.0,0.1,26.0,64
2003-12-10,53.0,Moderate,NO2,52.0,40.0,0.0,25.0,45
2003-12-11,61.0,Moderate,NO2,58.0,34.0,0.0,11.0,57
2003-12-12,55.0,Moderate,PM2.5,49.0,41.0,1.05,12.0,77
2003-12-13,62.0,Moderate,PM2.5,45.0,36.0,0.04,12.0,77
2003-12-14,70.0,Moderate,PM2.5,57.0,29.0,0.0,16.0,71
2003-12-15,69.0,Moderate,PM2.5,69.0,49.0,0.0,20.0,62
2003-12-16,44.0,Good,NO2,54.0,39.0,0.0,20.0,47
2003-12-17,54.0,Moderate,PM2.5,62.0,32.0,0.0,11.0,51
2003-12-18,47.0,Good,NO2,57.0,42.0,0.0,14.0,51
2003-12-19,57.0,Moderate,NO2,57.0,37.0,0.0,8.0,53
2003-12-20,62.0,Moderate,PM2.5,62.0,36.0,0.0,15.0,53
2003-12-21,44.0,Good,PM2.5,68.0,46.0,0.0,19.0,65
2003-12-22,46.0,Good,PM2.5,72.0,54.0,0.02,21.0,72
2003-12-23,58.0,Moderate,PM2.5,56.0,43.0,0.0,20.0,55
2003-12-24,65.0,Moderate,NO2,60.0,36.0,0.0,8.0,57
2003-12-25,36.0,Good,Ozone,60.0,44.0,0.0,14.0,58
2003-12-26,57.0,Moderate,PM2.5,64.0,48.0,0.0,17.0,79
2003-12-27,52.0,Moderate,PM2.5,68.0,60.0,0.24,17.0,88
2003-12-28,52.0,Moderate,PM2.5,64.0,45.0,0.26,14.0,55
2003-12-29,69.0,Moderate,PM2.5,54.0,38.0,0.0,10.0,46
2003-12-30,51.0,Moderate,NO2,60.0,38.0,0.0,14.0,45
2003-12-31,39.0,Good,Ozone,64.0,41.0,0.0,13.0,70
2004-01-01,55.0,Moderate,PM2.5,69.0,59.0,0.02,14.0,88
2004-01-02,53.0,Moderate,PM2.5,76.0,60.0,0.0,18.0,81
2004-01-03,47.0,Good,PM2.5,75.0,65.0,0.02,21.0,79
2004-01-04,55.0,Moderate,PM2.5,70.0,45.0,0.03,17.0,70
2004-01-05,48.0,Good,PM2.5,43.0,32.0,0.0,16.0,52
2004-01-06,53.0,Moderate,PM2.5,37.0,26.0,0.0,14.0,48
2004-01-07,43.0,Good,PM2.5,44.0,28.0,0.0,13.0,48
2004-01-08,59.0,Moderate,PM2.5,65.0,40.0,0.0,13.0,68
2004-01-09,59.0,Moderate,PM2.5,52.0,39.0,0.0,13.0,64
2004-01-10,80.0,Moderate,PM2.5,52.0,32.0,0.0,6.0,66
2004-01-11,65.0,Moderate,PM2.5,62.0,38.0,0.0,12.0,63
2004-01-12,61.0,Moderate,PM2.5,64.0,44.0,0.0,12.0,73
2004-01-13,77.0,Moderate,PM2.5,68.0,50.0,0.0,7.0,79
2004-01-14,70.0,Moderate,PM2.5,71.0,45.0,0.0,5.0,83
2004-01-15,82.0,Moderate,PM2.5,64.0,52.0,0.11,9.0,85
2004-01-16,61.0,Moderate,PM2.5,62.0,57.0,0.65,13.0,97
2004-01-17,30.0,Good,NO2,67.0,55.0,0.72,12.0,84
2004-01-18,26.0,Good,PM2.5,53.0,41.0,0.22,16.0,73
2004-01-19,55.0,Moderate,PM2.5,44.0,31.0,0.0,10.0,55
2004-01-20,61.0,Moderate,PM2.5,49.0,30.0,0.0,8.0,67
2004-01-21,70.0,Moderate,PM2.5,53.0,32.0,0.0,6.0,72
2004-01-22,86.0,Moderate,PM2.5,58.0,37.0,0.0,6.0,77
2004-01-23,67.0,Moderate,PM2.5,62.0,36.0,0.0,11.0,79
2004-01-24,74.0,Moderate,PM2.5,61.0,55.0,0.28,12.0,90
2004-01-25,36.0,Good,Ozone,71.0,50.0,0.1,16.0,64
2004-01-26,53.0,Moderate,PM2.5,58.0,35.0,0.0,22.0,46
2004-01-27,52.0,Moderate,PM2.5,42.0,27.0,0.0,13.0,47
2004-01-28,53.0,Moderate,PM2.5,54.0,31.0,0.0,13.0,53
2004-01-29,53.0,Moderate,PM2.5,54.0,43.0,0.0,14.0,71
2004-01-30,77.0,Moderate,PM2.5,47.0,36.0,0.0,13.0,72
2004-01-31,86.0,Moderate,PM2.5,54.0,36.0,0.0,14.0,83
2004-02-01,71.0,Moderate,PM2.5,54.0,46.0,0.04,13.0,86
2004-02-02,57.0,Moderate,PM2.5,50.0,33.0,0.12,15.0,66
2004-02-03,60.0,Moderate,PM2.5,52.0,30.0,0.01,10.0,64
2004-02-04,47.0,Good,PM2.5,44.0,40.0,1.16,15.0,75
2004-02-05,56.0,Moderate,PM2.5,47.0,38.0,0.21,10.0,88
2004-02-06,57.0,Moderate,PM2.5,45.0,34.0,0.0,17.0,65
2004-02-07,60.0,Moderate,PM2.5,47.0,28.0,0.0,8.0,60
2004-02-08,47.0,Good,PM2.5,54.0,32.0,0.0,17.0,60
2004-02-09,67.0,Moderate,PM2.5,58.0,44.0,0.18,11.0,86
2004-02-10,54.0,Moderate,PM2.5,53.0,42.0,0.01,11.0,76
2004-02-11,34.0,Good,Ozone,46.0,41.0,0.62,13.0,85
2004-02-12,32.0,Good,PM2.5,44.0,35.0,0.0,16.0,66
2004-02-13,58.0,Moderate,PM2.5,41.0,27.0,0.02,9.0,61
2004-02-14,60.0,Moderate,PM2.5,38.0,32.0,0.35,12.0,86
2004-02-15,80.0,Moderate,PM2.5,49.0,24.0,0.0,7.0,80
2004-02-16,78.0,Moderate,PM2.5,58.0,32.0,0.01,8.0,76
2004-02-17,72.0,Moderate,PM2.5,59.0,36.0,0.07,10.0,76
2004-02-18,70.0,Moderate,PM2.5,65.0,37.0,0.0,14.0,71
2004-02-19,52.0,Moderate,PM2.5,69.0,49.0,0.0,25.0,70
2004-02-20,36.0,Good,NO2,65.0,50.0,0.0,19.0,65
2004-02-21,52.0,Moderate,PM2.5,64.0,41.0,0.0,8.0,58
2004-02-22,59.0,Moderate,PM2.5,69.0,43.0,0.0,10.0,67
2004-02-23,66.0,Moderate,PM2.5,64.0,54.0,0.17,8.0,83
2004-02-24,75.0,Moderate,PM2.5,57.0,49.0,0.82,15.0,95
2004-02-25,73.0,Moderate,PM2.5,50.0,40.0,0.95,16.0,76
2004-02-26,74.0,Moderate,PM2.5,55.0,35.0,0.0,9.0,64
2004-02-27,72.0,Moderate,PM10,60.0,35.0,0.0,11.0,69
2004-02-28,62.0,Moderate,PM2.5,57.0,42.0,0.01,17.0,80
2004-02-29,44.0,Good,Ozone,60.0,53.0,0.6,21.0,75
2004-03-01,48.0,Good,NO2,69.0,49.0,0.0,12.0,52
2004-03-02,43.0,Good,NO2,67.0,44.0,0.07,11.0,72
2004-03-03,58.0,Moderate,PM2.5,74.0,59.0,0.07,16.0,89
2004-03-04,47.0,Good,PM2.5,70.0,62.0,0.64,26.0,84
2004-03-05,48.0,Good,PM2.5,72.0,51.0,0.0,12.0,47
2004-03-06,40.0,Good,Ozone,68.0,47.0,0.0,12.0,67
2004-03-07,44.0,Good,Ozone,67.0,52.0,0.0,18.0,55
2004-03-08,50.0,Good,NO2,68.0,43.0,0.0,8.0,53
2004-03-09,48.0,Good,NO2,65.0,49.0,0.0,16.0,53
2004-03-10,54.0,Moderate,PM2.5,67.0,42.0,0.0,13.0,57
2004-03-11,58.0,Moderate,PM2.5,64.0,48.0,0.0,10.0,73
2004-03-12,62.0,Moderate,PM2.5,58.0,50.0,0.13,8.0,62
2004-03-13,73.0,Moderate,PM2.5,63.0,50.0,0.41,13.0,80
2004-03-14,65.0,Moderate,PM2.5,64.0,57.0,0.31,12.0,82
2004-03-15,69.0,Moderate,PM2.5,68.0,56.0,0.0,7.0,80
2004-03-16,41.0,Good,Ozone,68.0,48.0,0.0,8.0,65
2004-03-17,46.0,Good,PM2.5,80.0,51.0,0.0,21.0,73
2004-03-18,47.0,Good,PM2.5,78.0,61.0,0.0,21.0,76
2004-03-19,52.0,Moderate,PM2.5,77.0,65.0,0.01,15.0,82
2004-03-20,53.0,Moderate,PM2.5,80.0,66.0,0.07,13.0,79
2004-03-21,49.0,Good,Ozone,67.0,56.0,0.07,16.0,46
2004-03-22,55.0,Moderate,PM2.5,64.0,53.0,0.0,10.0,45
2004-03-23,67.0,Moderate,Ozone,73.0,52.0,0.0,17.0,56
2004-03-24,59.0,Moderate,PM2.5,69.0,60.0,0.32,18.0,80
2004-03-25,58.0,Moderate,PM2.5,76.0,63.0,0.01,18.0,80
2004-03-26,57.0,Moderate,PM2.5,74.0,66.0,0.0,17.0,77
2004-03-27,49.0,Good,PM2.5,76.0,62.0,0.01,23.0,72
2004-03-28,36.0,Good,Ozone,74.0,59.0,0.14,19.0,81
2004-03-29,50.0,Good,Ozone,72.0,50.0,0.0,8.0,64
2004-03-30,61.0,Moderate,Ozone,72.0,51.0,0.0,12.0,49
2004-03-31,77.0,Moderate,Ozone,71.0,46.0,0.0,8.0,55
2004-04-01,97.0,Moderate,Ozone,80.0,51.0,0.0,8.0,51
2004-04-02,65.0,Moderate,PM2.5,80.0,56.0,0.0,7.0,66
2004-04-03,115.0,Unhealthy for Sensitive Groups,Ozone,78.0,60.0,0.0,10.0,60
2004-04-04,84.0,Moderate,Ozone,75.0,54.0,0.0,11.0,42
2004-04-05,71.0,Moderate,Ozone,75.0,60.0,0.0,12.0,44
2004-04-06,48.0,Good,PM2.5,72.0,55.0,0.74,13.0,67
2004-04-07,40.0,Good,Ozone,72.0,60.0,0.06,15.0,78
2004-04-08,119.0,Unhealthy for Sensitive Groups,Ozone,77.0,55.0,0.0,8.0,69
2004-04-09,112.0,Unhealthy for Sensitive Groups,Ozone,80.0,57.0,0.0,14.0,62
2004-04-10,56.0,Moderate,PM2.5,77.0,54.0,0.08,17.0,73
2004-04-11,54.0,Moderate,PM2.5,53.0,51.0,0.13,16.0,75
2004-04-12,53.0,Moderate,PM2.5,60.0,48.0,0.13,14.0,67
2004-04-13,58.0,Moderate,PM2.5,62.0,46.0,0.0,13.0,57
2004-04-14,80.0,Moderate,Ozone,72.0,42.0,0.0,13.0,54
2004-04-15,61.0,Moderate,Ozone,79.0,54.0,0.0,19.0,60
2004-04-16,53.0,Moderate,PM2.5,81.0,58.0,0.0,17.0,66
2004-04-17,55.0,Moderate,PM2.5,82.0,61.0,0.0,18.0,64
2004-04-18,51.0,Moderate,PM2.5,79.0,64.0,0.0,21.0,61
2004-04-19,61.0,Moderate,PM2.5,74.0,65.0,0.1,19.0,71
2004-04-20,60.0,Moderate,PM2.5,77.0,63.0,0.0,22.0,69
2004-04-21,64.0,Moderate,PM2.5,82.0,65.0,0.0,18.0,70
2004-04-22,70.0,Moderate,PM2.5,82.0,69.0,0.01,18.0,72
2004-04-23,68.0,Moderate,PM2.5,82.0,69.0,0.3,15.0,78
2004-04-24,38.0,Good,Ozone,71.0,64.0,4.78,10.0,88
2004-04-25,49.0,Good,Ozone,77.0,62.0,0.38,7.0,75
2004-04-26,71.0,Moderate,Ozone,74.0,58.0,0.0,12.0,66
2004-04-27,101.0,Unhealthy for Sensitive Groups,Ozone,79.0,59.0,0.0,9.0,63
2004-04-28,84.0,Moderate,Ozone,74.0,61.0,0.0,17.0,62
2004-04-29,56.0,Moderate,PM2.5,78.0,62.0,0.39,15.0,79
2004-04-30,58.0,Moderate,PM2.5,79.0,66.0,0.37,10.0,85
2004-05-01,38.0,Good,Ozone,66.0,55.0,1.46,18.0,81
2004-05-02,74.0,Moderate,Ozone,72.0,47.0,0.0,10.0,63
2004-05-03,64.0,Moderate,Ozone,74.0,53.0,0.0,10.0,67
2004-05-04,74.0,Moderate,Ozone,81.0,61.0,0.0,14.0,56
2004-05-05,58.0,Moderate,Ozone,80.0,60.0,0.0,13.0,66
2004-05-06,57.0,Moderate,PM2.5,79.0,62.0,0.0,14.0,71
2004-05-07,61.0,Moderate,PM2.5,79.0,64.0,0.0,13.0,72
2004-05-08,62.0,Moderate,PM2.5,79.0,66.0,0.04,12.0,77
2004-05-09,59.0,Moderate,PM2.5,80.0,65.0,0.03,13.0,72
2004-05-10,58.0,Moderate,PM2.5,81.0,64.0,0.01,13.0,74
2004-05-11,57.0,Moderate,PM2.5,80.0,70.0,0.56,17.0,84
2004-05-12,57.0,Moderate,PM2.5,86.0,69.0,0.29,15.0,87
2004-05-13,46.0,Good,PM2.5,80.0,69.0,0.67,19.0,86
2004-05-14,28.0,Good,Ozone,69.0,57.0,0.21,14.0,76
2004-05-15,52.0,Moderate,PM2.5,72.0,58.0,0.0,7.0,73
2004-05-16,57.0,Moderate,PM2.5,80.0,61.0,0.0,8.0,75
2004-05-17,54.0,Moderate,PM2.5,83.0,66.0,0.0,12.0,75
2004-05-18,58.0,Moderate,PM2.5,84.0,69.0,0.02,15.0,78
2004-05-19,50.0,Good,PM2.5,85.0,70.0,0.0,15.0,74
2004-05-20,53.0,Moderate,PM2.5,85.0,70.0,0.0,13.0,71
2004-05-21,55.0,Moderate,PM2.5,84.0,69.0,0.0,16.0,69
2004-05-22,51.0,Moderate,PM2.5,83.0,70.0,0.0,19.0,70
2004-05-23,54.0,Moderate,PM2.5,83.0,72.0,0.0,19.0,70
2004-05-24,58.0,Moderate,PM2.5,86.0,72.0,0.0,16.0,69
2004-05-25,61.0,Moderate,PM2.5,84.0,72.0,0.0,19.0,68
2004-05-26,58.0,Moderate,PM2.5,86.0,71.0,0.0,17.0,65
2004-05-27,60.0,Moderate,PM2.5,88.0,73.0,0.13,19.0,71
2004-05-28,101.0,Unhealthy for Sensitive Groups,Ozone,87.0,67.0,0.0,9.0,71
2004-05-29,68.0,Moderate,PM2.5,89.0,74.0,0.01,19.0,71
2004-05-30,76.0,Moderate,PM2.5,93.0,78.0,0.02,21.0,65
2004-05-31,67.0,Moderate,Ozone,89.0,71.0,0.45,11.0,66
2004-06-01,100.0,Moderate,Ozone,90.0,67.0,0.15,12.0,75
2004-06-02,55.0,Moderate,PM2.5,87.0,71.0,0.71,14.0,84
2004-06-03,84.0,Moderate,Ozone,81.0,66.0,0.21,12.0,79
2004-06-04,136.0,Unhealthy for Sensitive Groups,Ozone,85.0,66.0,0.0,8.0,74
2004-06-05,55.0,Moderate,PM2.5,84.0,71.0,0.74,7.0,86
2004-06-06,61.0,Moderate,PM2.5,86.0,71.0,0.09,13.0,78
2004-06-07,55.0,Moderate,PM2.5,87.0,72.0,0.4,18.0,78
2004-06-08,40.0,Good,PM2.5,76.0,72.0,1.1,16.0,89
2004-06-09,59.0,Moderate,PM2.5,82.0,72.0,0.48,18.0,83
2004-06-10,52.0,Moderate,PM2.5,85.0,72.0,0.18,18.0,79
2004-06-11,55.0,Moderate,PM2.5,87.0,73.0,0.0,16.0,76
2004-06-12,46.0,Good,PM2.5,87.0,75.0,0.0,16.0,74
2004-06-13,51.0,Moderate,Ozone,85.0,75.0,0.04,15.0,74
2004-06-14,49.0,Good,PM2.5,87.0,73.0,0.02,10.0,79
2004-06-15,54.0,Moderate,PM2.5,85.0,73.0,0.09,6.0,83
2004-06-16,105.0,Unhealthy for Sensitive Groups,Ozone,86.0,71.0,0.05,8.0,81
2004-06-17,60.0,Moderate,PM2.5,90.0,74.0,0.0,8.0,75
2004-06-18,64.0,Moderate,PM2.5,90.0,75.0,0.0,7.0,74
2004-06-19,61.0,Moderate,PM2.5,88.0,74.0,0.64,9.0,85
2004-06-20,84.0,Moderate,Ozone,86.0,71.0,0.35,11.0,86
2004-06-21,66.0,Moderate,PM2.5,87.0,74.0,0.19,11.0,80
2004-06-22,39.0,Good,Ozone,79.0,73.0,0.59,12.0,82
2004-06-23,122.0,Unhealthy for Sensitive Groups,Ozone,84.0,69.0,0.0,7.0,75
2004-06-24,105.0,Unhealthy for Sensitive Groups,Ozone,85.0,70.0,0.02,7.0,78
2004-06-25,54.0,Moderate,PM2.5,86.0,70.0,0.02,9.0,81
2004-06-26,58.0,Moderate,PM2.5,82.0,71.0,0.69,9.0,91
2004-06-27,43.0,Good,Ozone,81.0,69.0,0.7,9.0,90
2004-06-28,50.0,Good,PM2.5,83.0,69.0,0.45,5.0,88
2004-06-29,57.0,Moderate,PM2.5,82.0,71.0,1.47,7.0,91
2004-06-30,35.0,Good,PM2.5,82.0,72.0,0.85,11.0,92
2004-07-01,44.0,Good,PM2.5,86.0,73.0,0.02,11.0,81
2004-07-02,56.0,Moderate,PM2.5,90.0,74.0,0.0,14.0,74
2004-07-03,57.0,Moderate,PM2.5,91.0,75.0,0.0,13.0,73
2004-07-04,71.0,Moderate,PM2.5,91.0,75.0,0.0,13.0,73
2004-07-05,54.0,Moderate,PM2.5,89.0,75.0,0.0,14.0,71
2004-07-06,52.0,Moderate,PM2.5,90.0,75.0,0.0,11.0,72
2004-07-07,53.0,Moderate,PM2.5,90.0,76.0,0.0,11.0,70
2004-07-08,53.0,Moderate,PM2.5,90.0,76.0,0.03,12.0,74
2004-07-09,46.0,Good,PM2.5,89.0,75.0,0.01,12.0,73
2004-07-10,47.0,Good,Ozone,89.0,74.0,0.0,10.0,73
2004-07-11,61.0,Moderate,PM2.5,90.0,74.0,0.0,10.0,67
2004-07-12,56.0,Moderate,PM2.5,90.0,74.0,0.0,10.0,63
2004-07-13,65.0,Moderate,PM2.5,93.0,76.0,0.0,10.0,57
2004-07-14,100.0,Moderate,Ozone,95.0,76.0,0.0,8.0,57
2004-07-15,119.0,Unhealthy for Sensitive Groups,Ozone,96.0,76.0,0.0,8.0,55
2004-07-16,164.0,Unhealthy,Ozone,98.0,77.0,0.0,9.0,52
2004-07-17,93.0,Moderate,Ozone,94.0,78.0,0.0,10.0,55
2004-07-18,74.0,Moderate,Ozone,90.0,74.0,0.0,11.0,52
2004-07-19,161.0,Unhealthy,Ozone,91.0,73.0,0.0,7.0,57
2004-07-20,140.0,Unhealthy for Sensitive Groups,Ozone,93.0,73.0,0.0,6.0,60
2004-07-21,154.0,Unhealthy,Ozone,91.0,75.0,0.0,8.0,59
2004-07-22,64.0,Moderate,PM2.5,93.0,76.0,0.0,10.0,58
2004-07-23,55.0,Moderate,PM2.5,94.0,77.0,0.0,10.0,58
2004-07-24,47.0,Good,Ozone,94.0,78.0,0.01,13.0,58
2004-07-25,36.0,Good,Ozone,83.0,74.0,0.16,13.0,67
2004-07-26,56.0,Moderate,PM2.5,84.0,70.0,0.0,10.0,62
2004-07-27,93.0,Moderate,Ozone,83.0,71.0,0.0,6.0,66
2004-07-28,76.0,Moderate,PM2.5,86.0,72.0,0.25,10.0,71
2004-07-29,43.0,Good,PM2.5,83.0,73.0,1.77,9.0,88
2004-07-30,129.0,Unhealthy for Sensitive Groups,Ozone,86.0,72.0,0.04,6.0,80
2004-07-31,156.0,Unhealthy,Ozone,90.0,72.0,0.0,5.0,76
2004-08-01,122.0,Unhealthy for Sensitive Groups,Ozone,92.0,75.0,0.0,5.0,75
2004-08-02,182.0,Unhealthy,Ozone,93.0,76.0,0.0,6.0,72
2004-08-03,101.0,Unhealthy for Sensitive Groups,Ozone,94.0,76.0,0.0,5.0,71
2004-08-04,161.0,Unhealthy,Ozone,96.0,78.0,0.0,8.0,65
2004-08-05,126.0,Unhealthy for Sensitive Groups,Ozone,93.0,80.0,0.03,10.0,67
2004-08-06,84.0,Moderate,Ozone,87.0,76.0,0.0,10.0,64
2004-08-07,93.0,Moderate,Ozone,85.0,72.0,0.0,9.0,57
2004-08-08,112.0,Unhealthy for Sensitive Groups,Ozone,87.0,72.0,0.0,8.0,55
2004-08-09,192.0,Unhealthy,Ozone,90.0,76.0,0.0,7.0,58
2004-08-10,195.0,Unhealthy,Ozone,92.0,72.0,0.0,6.0,63
2004-08-11,74.0,Moderate,Ozone,89.0,74.0,0.24,16.0,64
2004-08-12,54.0,Moderate,Ozone,83.0,65.0,0.0,11.0,59
2004-08-13,97.0,Moderate,Ozone,83.0,69.0,0.0,8.0,62
2004-08-14,119.0,Unhealthy for Sensitive Groups,Ozone,84.0,68.0,0.0,8.0,58
2004-08-15,105.0,Unhealthy for Sensitive Groups,Ozone,86.0,70.0,0.0,8.0,50
2004-08-16,90.0,Moderate,Ozone,88.0,70.0,0.0,6.0,51
2004-08-17,133.0,Unhealthy for Sensitive Groups,Ozone,90.0,70.0,0.0,9.0,51
2004-08-18,143.0,Unhealthy for Sensitive Groups,Ozone,91.0,71.0,0.0,11.0,50
2004-08-19,37.0,Good,PM2.5,80.0,74.0,0.93,11.0,80
2004-08-20,49.0,Good,Ozone,84.0,75.0,0.07,9.0,82
2004-08-21,55.0,Moderate,PM2.5,81.0,72.0,0.04,7.0,83
2004-08-22,53.0,Moderate,PM2.5,87.0,72.0,0.01,12.0,82
2004-08-23,43.0,Good,PM2.5,87.0,75.0,0.59,13.0,83
2004-08-24,43.0,Good,PM2.5,90.0,77.0,0.0,16.0,73
2004-08-25,50.0,Good,PM2.5,92.0,77.0,0.0,15.0,69
2004-08-26,53.0,Moderate,PM2.5,92.0,78.0,0.0,15.0,66
2004-08-27,78.0,Moderate,PM2.5,92.0,76.0,0.0,15.0,63
2004-08-28,46.0,Good,PM2.5,86.0,78.0,0.0,10.0,71
2004-08-29,61.0,Moderate,Ozone,88.0,73.0,0.02,7.0,64
2004-08-30,71.0,Moderate,Ozone,88.0,66.0,0.0,9.0,55
2004-08-31,67.0,Moderate,PM2.5,87.0,66.0,0.0,8.0,60
2004-09-01,84.0,Moderate,Ozone,87.0,67.0,0.0,6.0,59
2004-09-02,112.0,Unhealthy for Sensitive Groups,Ozone,87.0,68.0,0.0,7.0,58
2004-09-03,100.0,Moderate,Ozone,87.0,68.0,0.0,8.0,60
2004-09-04,59.0,Moderate,PM2.5,89.0,73.0,0.01,9.0,67
2004-09-05,43.0,Good,PM2.5,90.0,76.0,0.0,9.0,64
2004-09-06,46.0,Good,Ozone,81.0,74.0,0.69,12.0,69
2004-09-07,44.0,Good,Ozone,83.0,67.0,0.0,14.0,48
2004-09-08,54.0,Moderate,Ozone,81.0,63.0,0.0,10.0,48
2004-09-09,100.0,Moderate,Ozone,83.0,60.0,0.0,6.0,57
2004-09-10,174.0,Unhealthy,Ozone,86.0,64.0,0.0,5.0,58
2004-09-11,151.0,Unhealthy,Ozone,89.0,68.0,0.0,6.0,56
2004-09-12,115.0,Unhealthy for Sensitive Groups,Ozone,91.0,70.0,0.0,6.0,53
2004-09-13,75.0,Moderate,PM2.5,91.0,69.0,0.0,8.0,52
2004-09-14,55.0,Moderate,PM2.5,90.0,75.0,0.26,12.0,69
2004-09-15,59.0,Moderate,PM2.5,88.0,75.0,0.0,10.0,74
2004-09-16,112.0,Unhealthy for Sensitive Groups,Ozone,91.0,73.0,0.0,6.0,65
2004-09-17,112.0,Unhealthy for Sensitive Groups,Ozone,94.0,72.0,0.0,6.0,62
2004-09-18,90.0,Moderate,Ozone,93.0,75.0,0.0,9.0,55
2004-09-19,101.0,Unhealthy for Sensitive Groups,Ozone,92.0,76.0,0.0,9.0,40
2004-09-20,112.0,Unhealthy for Sensitive Groups,Ozone,89.0,69.0,0.0,10.0,39
2004-09-21,71.0,Moderate,PM2.5,88.0,70.0,0.0,11.0,53
2004-09-22,59.0,Moderate,PM2.5,87.0,69.0,0.0,12.0,52
2004-09-23,64.0,Moderate,Ozone,88.0,69.0,0.0,9.0,52
2004-09-24,52.0,Moderate,PM2.5,87.0,70.0,0.0,11.0,65
2004-09-25,60.0,Moderate,PM2.5,85.0,67.0,0.0,9.0,67
2004-09-26,80.0,Moderate,Ozone,87.0,69.0,0.0,9.0,58
2004-09-27,90.0,Moderate,Ozone,86.0,66.0,0.0,6.0,51
2004-09-28,65.0,Moderate,PM2.5,84.0,67.0,0.0,7.0,49
2004-09-29,97.0,Moderate,Ozone,85.0,64.0,0.0,6.0,49
2004-09-30,101.0,Unhealthy for Sensitive Groups,Ozone,87.0,65.0,0.01,14.0,49
2004-10-01,126.0,Unhealthy for Sensitive Groups,Ozone,88.0,71.0,0.17,13.0,61
2004-10-02,38.0,Good,PM2.5,76.0,66.0,0.02,14.0,60
2004-10-03,55.0,Moderate,PM2.5,81.0,62.0,0.05,8.0,62
2004-10-04,45.0,Good,PM2.5,74.0,65.0,0.72,12.0,85
2004-10-05,64.0,Moderate,PM2.5,79.0,65.0,0.0,9.0,75
2004-10-06,72.0,Moderate,PM2.5,83.0,67.0,0.24,9.0,72
2004-10-07,55.0,Moderate,PM2.5,80.0,69.0,0.21,10.0,86
2004-10-08,47.0,Good,PM2.5,81.0,68.0,0.03,10.0,81
2004-10-09,72.0,Moderate,PM2.5,69.0,65.0,0.2,13.0,87
2004-10-10,25.0,Good,Ozone,67.0,63.0,0.08,11.0,89
2004-10-11,25.0,Good,Ozone,71.0,65.0,0.09,11.0,86
2004-10-12,45.0,Good,Ozone,72.0,60.0,0.0,13.0,62
2004-10-13,49.0,Good,PM2.5,77.0,59.0,0.0,11.0,67
2004-10-14,37.0,Good,NO2,65.0,52.0,0.04,17.0,54
2004-10-15,40.0,Good,PM2.5,80.0,57.0,0.0,12.0,52
2004-10-16,52.0,Moderate,PM2.5,74.0,56.0,0.0,13.0,65
2004-10-17,57.0,Moderate,PM2.5,86.0,57.0,0.0,17.0,76
2004-10-18,52.0,Moderate,PM2.5,90.0,72.0,0.01,21.0,64
2004-10-19,55.0,Moderate,PM2.5,89.0,65.0,0.0,9.0,46
2004-10-20,63.0,Moderate,PM2.5,88.0,60.0,0.0,7.0,64
2004-10-21,69.0,Moderate,PM2.5,88.0,72.0,0.01,12.0,77
2004-10-22,54.0,Moderate,PM2.5,85.0,70.0,0.15,14.0,82
2004-10-23,38.0,Good,NO2,82.0,64.0,0.17,12.0,65
2004-10-24,55.0,Moderate,PM2.5,80.0,58.0,0.0,12.0,71
2004-10-25,25.0,Good,NO2,82.0,71.0,0.92,12.0,89
2004-10-26,46.0,Good,PM2.5,82.0,69.0,0.01,14.0,80
2004-10-27,50.0,Good,PM2.5,83.0,72.0,0.02,11.0,83
2004-10-28,53.0,Moderate,PM2.5,82.0,71.0,0.0,15.0,78
2004-10-29,57.0,Moderate,PM2.5,83.0,71.0,0.01,19.0,74
2004-10-30,51.0,Moderate,PM2.5,79.0,61.0,0.11,11.0,61
2004-10-31,44.0,Good,PM2.5,80.0,65.0,0.26,14.0,83
2004-11-01,23.0,Good,PM2.5,71.0,63.0,1.36,16.0,82
2004-11-02,28.0,Good,PM2.5,66.0,56.0,0.27,13.0,87
2004-11-03,20.0,Good,NO2,57.0,51.0,0.19,14.0,76
2004-11-04,43.0,Good,NO2,64.0,42.0,0.0,10.0,68
2004-11-05,65.0,Moderate,PM2.5,67.0,45.0,0.0,8.0,72
2004-11-06,48.0,Good,PM2.5,75.0,50.0,0.0,9.0,66
2004-11-07,55.0,Moderate,PM2.5,74.0,53.0,0.0,7.0,70
2004-11-08,68.0,Moderate,PM2.5,73.0,54.0,0.0,9.0,80
2004-11-09,52.0,Moderate,PM2.5,68.0,53.0,0.0,10.0,64
2004-11-10,57.0,Moderate,PM2.5,71.0,54.0,0.05,16.0,71
2004-11-11,38.0,Good,PM2.5,65.0,50.0,0.01,17.0,65
2004-11-12,57.0,Moderate,PM2.5,55.0,47.0,0.0,12.0,63
2004-11-13,62.0,Moderate,PM2.5,56.0,52.0,0.05,11.0,70
2004-11-14,73.0,Moderate,PM2.5,55.0,49.0,0.17,10.0,81
2004-11-15,75.0,Moderate,PM2.5,65.0,53.0,0.04,10.0,88
2004-11-16,63.0,Moderate,PM2.5,69.0,61.0,0.16,12.0,89
2004-11-17,52.0,Moderate,PM2.5,66.0,52.0,1.61,13.0,93
2004-11-18,59.0,Moderate,PM2.5,64.0,51.0,0.0,5.0,89
2004-11-19,65.0,Moderate,PM2.5,67.0,55.0,0.0,4.0,83
2004-11-20,72.0,Moderate,PM2.5,69.0,56.0,0.31,9.0,87
2004-11-21,39.0,Good,PM2.5,67.0,60.0,0.45,8.0,90
2004-11-22,28.0,Good,PM2.5,62.0,58.0,0.53,12.0,97
2004-11-23,40.0,Good,PM2.5,68.0,59.0,0.77,10.0,93
2004-11-24,29.0,Good,Ozone,59.0,44.0,0.1,21.0,68
2004-11-25,32.0,Good,PM2.5,59.0,37.0,0.0,14.0,67
2004-11-26,37.0,Good,Ozone,72.0,50.0,0.0,22.0,74
2004-11-27,49.0,Good,PM2.5,64.0,47.0,0.0,20.0,58
2004-11-28,42.0,Good,PM2.5,60.0,42.0,0.02,15.0,69
2004-11-29,54.0,Moderate,PM2.5,64.0,48.0,0.98,16.0,88
2004-11-30,34.0,Good,PM2.5,48.0,37.0,0.17,17.0,71
2004-12-01,36.0,Good,NO2,56.0,33.0,0.0,10.0,68
2004-12-02,56.0,Moderate,PM2.5,56.0,38.0,0.0,7.0,73
2004-12-03,61.0,Moderate,NO2,56.0,36.0,0.0,7.0,73
2004-12-04,57.0,Moderate,PM2.5,59.0,39.0,0.0,10.0,83
2004-12-05,69.0,Moderate,PM2.5,63.0,51.0,0.1,12.0,90
2004-12-06,44.0,Good,PM2.5,70.0,57.0,0.44,17.0,83
2004-12-07,39.0,Good,NO2,62.0,49.0,0.0,16.0,57
2004-12-08,62.0,Moderate,PM2.5,64.0,46.0,0.0,11.0,78
2004-12-09,36.0,Good,NO2,66.0,48.0,0.0,12.0,63
2004-12-10,33.0,Good,Ozone,61.0,51.0,0.0,18.0,46
2004-12-11,32.0,Good,NO2,59.0,41.0,0.0,10.0,56
2004-12-12,36.0,Good,Ozone,69.0,50.0,0.0,14.0,65
2004-12-13,32.0,Good,Ozone,53.0,42.0,0.0,15.0,43
2004-12-14,39.0,Good,PM2.5,44.0,32.0,0.0,13.0,50
2004-12-15,56.0,Moderate,PM2.5,47.0,28.0,0.0,11.0,66
2004-12-16,63.0,Moderate,PM2.5,54.0,37.0,0.0,7.0,74
2004-12-17,69.0,Moderate,PM2.5,57.0,35.0,0.0,7.0,81
2004-12-18,39.0,Good,PM2.5,60.0,40.0,0.0,9.0,70
2004-12-19,32.0,Good,NO2,52.0,39.0,0.0,10.0,65
2004-12-20,40.0,Good,Ozone,67.0,41.0,0.0,22.0,52
2004-12-21,35.0,Good,PM2.5,64.0,49.0,0.0,16.0,63
2004-12-22,27.0,Good,PM2.5,47.0,29.0,0.3,18.0,66
2004-12-23,37.0,Good,PM2.5,34.0,24.0,0.0,13.0,45
2004-12-24,55.0,Moderate,PM2.5,32.0,23.0,0.0,12.0,44
2004-12-25,64.0,Moderate,PM2.5,44.0,24.0,0.0,7.0,63
2004-12-26,55.0,Moderate,PM2.5,58.0,28.0,0.0,9.0,72
2004-12-27,46.0,Good,PM2.5,56.0,34.0,0.0,10.0,70
2004-12-28,55.0,Moderate,PM2.5,64.0,46.0,0.0,15.0,75
2004-12-29,59.0,Moderate,PM2.5,66.0,50.0,0.0,16.0,85
2004-12-30,45.0,Good,PM2.5,71.0,57.0,0.0,21.0,82
2004-12-31,50.0,Good,PM2.5,72.0,61.0,0.0,14.0,85
2005-01-01,48.0,Good,PM2.5,71.0,60.0,0.0,13.0,83
2005-01-02,44.0,Good,PM2.5,67.0,61.0,1.32,13.0,96
2005-01-03,51.0,Moderate,PM2.5,69.0,65.0,0.81,16.0,97
2005-01-04,53.0,Moderate,PM2.5,72.0,65.0,0.06,19.0,91
2005-01-05,39.0,Good,PM2.5,67.0,37.0,0.33,17.0,87
2005-01-06,51.0,Moderate,PM2.5,37.0,27.0,0.0,14.0,52
2005-01-07,63.0,Moderate,PM2.5,54.0,35.0,0.33,8.0,81
2005-01-08,69.0,Moderate,PM2.5,50.0,34.0,0.0,8.0,88
2005-01-09,58.0,Moderate,PM2.5,69.0,42.0,0.0,12.0,82
2005-01-10,54.0,Moderate,PM2.5,72.0,60.0,0.01,15.0,87
2005-01-11,44.0,Good,PM2.5,73.0,61.0,0.0,19.0,81
2005-01-12,55.0,Moderate,PM2.5,70.0,61.0,0.43,20.0,84
2005-01-13,49.0,Good,PM2.5,60.0,38.0,0.0,20.0,48
2005-01-14,38.0,Good,NO2,52.0,33.0,0.0,7.0,61
2005-01-15,47.0,Good,PM2.5,50.0,35.0,0.0,10.0,68
2005-01-16,67.0,Moderate,PM2.5,39.0,29.0,0.0,12.0,66
2005-01-17,69.0,Moderate,PM2.5,45.0,27.0,0.0,7.0,73
2005-01-18,56.0,Moderate,PM2.5,45.0,30.0,0.0,8.0,66
2005-01-19,63.0,Moderate,PM2.5,63.0,40.0,0.0,9.0,74
2005-01-20,77.0,Moderate,PM2.5,68.0,40.0,0.0,8.0,85
2005-01-21,69.0,Moderate,PM2.5,72.0,46.0,0.0,9.0,79
2005-01-22,38.0,Good,PM2.5,60.0,36.0,0.0,21.0,55
2005-01-23,52.0,Moderate,PM2.5,40.0,27.0,0.0,12.0,47
2005-01-24,54.0,Moderate,PM2.5,58.0,33.0,0.0,13.0,53
2005-01-25,56.0,Moderate,PM2.5,74.0,46.0,0.0,13.0,52
2005-01-26,46.0,Good,PM2.5,66.0,48.0,0.0,11.0,69
2005-01-27,57.0,Moderate,PM2.5,52.0,42.0,0.57,13.0,72
2005-01-28,71.0,Moderate,PM2.5,44.0,39.0,0.22,10.0,86
2005-01-29,59.0,Moderate,PM2.5,48.0,39.0,0.0,5.0,84
2005-01-30,61.0,Moderate,PM2.5,46.0,40.0,0.61,10.0,82
2005-01-31,53.0,Moderate,PM2.5,45.0,41.0,0.02,11.0,85
2005-02-01,65.0,Moderate,PM2.5,44.0,39.0,0.52,12.0,83
2005-02-02,82.0,Moderate,PM2.5,45.0,37.0,0.15,13.0,81
2005-02-03,81.0,Moderate,PM2.5,54.0,38.0,0.0,8.0,72
2005-02-04,87.0,Moderate,PM2.5,56.0,35.0,0.0,5.0,77
2005-02-05,64.0,Moderate,PM2.5,58.0,40.0,0.0,11.0,77
2005-02-06,65.0,Moderate,PM2.5,65.0,50.0,0.4,13.0,88
2005-02-07,32.0,Good,PM2.5,59.0,44.0,0.0,10.0,83
2005-02-08,55.0,Moderate,PM2.5,57.0,39.0,0.01,6.0,85
2005-02-09,55.0,Moderate,PM2.5,54.0,40.0,0.0,15.0,71
2005-02-10,59.0,Moderate,PM2.5,56.0,32.0,0.0,5.0,65
2005-02-11,52.0,Moderate,PM2.5,58.0,43.0,0.0,7.0,61
2005-02-12,52.0,Moderate,PM2.5,59.0,47.0,0.28,17.0,77
2005-02-13,33.0,Good,NO2,73.0,58.0,0.0,20.0,72
2005-02-14,44.0,Good,NO2,75.0,46.0,0.0,10.0,66
2005-02-15,55.0,Moderate,PM2.5,79.0,55.0,0.0,15.0,68
2005-02-16,33.0,Good,PM2.5,61.0,48.0,0.0,14.0,59
2005-02-17,36.0,Good,PM2.5,55.0,42.0,0.0,12.0,52
2005-02-18,58.0,Moderate,PM2.5,57.0,45.0,0.0,5.0,61
2005-02-19,60.0,Moderate,PM2.5,61.0,50.0,0.05,15.0,75
2005-02-20,60.0,Moderate,PM2.5,78.0,61.0,0.0,17.0,80
2005-02-21,53.0,Moderate,PM2.5,78.0,57.0,0.0,15.0,69
2005-02-22,67.0,Moderate,PM2.5,76.0,49.0,0.05,9.0,78
2005-02-23,56.0,Moderate,PM2.5,68.0,57.0,1.04,10.0,91
2005-02-24,48.0,Good,PM2.5,56.0,46.0,0.17,13.0,80
2005-02-25,52.0,Moderate,PM2.5,57.0,38.0,0.0,5.0,74
2005-02-26,61.0,Moderate,PM2.5,54.0,43.0,0.24,6.0,78
2005-02-27,49.0,Good,PM2.5,54.0,47.0,0.26,8.0,78
2005-02-28,47.0,Good,PM2.5,60.0,42.0,0.0,9.0,64
2005-03-01,37.0,Good,PM2.5,53.0,39.0,0.02,13.0,56
2005-03-02,65.0,Moderate,PM2.5,58.0,44.0,0.43,9.0,83
2005-03-03,62.0,Moderate,PM2.5,59.0,46.0,0.0,6.0,80
2005-03-04,63.0,Moderate,PM2.5,61.0,46.0,0.1,10.0,84
2005-03-05,84.0,Moderate,PM2.5,65.0,44.0,0.0,6.0,85
2005-03-06,66.0,Moderate,PM2.5,67.0,51.0,0.02,13.0,81
2005-03-07,48.0,Good,PM2.5,71.0,55.0,0.03,17.0,72
2005-03-08,41.0,Good,Ozone,61.0,41.0,0.0,11.0,53
2005-03-09,42.0,Good,NO2,63.0,48.0,0.1,20.0,59
2005-03-10,50.0,Good,PM2.5,76.0,41.0,0.0,14.0,62
2005-03-11,53.0,Moderate,PM10,67.0,49.0,0.01,12.0,45
2005-03-12,61.0,Moderate,Ozone,81.0,52.0,0.0,20.0,48
2005-03-13,56.0,Moderate,PM2.5,68.0,51.0,0.0,19.0,57
2005-03-14,52.0,Moderate,PM2.5,60.0,42.0,0.0,11.0,45
2005-03-15,51.0,Moderate,PM2.5,50.0,45.0,0.11,14.0,61
2005-03-16,64.0,Moderate,PM2.5,50.0,42.0,0.0,13.0,64
2005-03-17,66.0,Moderate,PM2.5,58.0,36.0,0.0,12.0,65
2005-03-18,61.0,Moderate,Ozone,73.0,48.0,0.0,19.0,55
2005-03-19,55.0,Moderate,PM2.5,69.0,49.0,0.0,12.0,58
2005-03-20,61.0,Moderate,Ozone,72.0,52.0,0.0,14.0,74
2005-03-21,43.0,Good,NO2,75.0,58.0,0.24,18.0,78
2005-03-22,37.0,Good,PM2.5,62.0,51.0,0.0,20.0,56
2005-03-23,62.0,Moderate,PM2.5,62.0,42.0,0.0,10.0,66
2005-03-24,71.0,Moderate,Ozone,76.0,52.0,0.0,18.0,65
2005-03-25,56.0,Moderate,PM2.5,68.0,52.0,0.03,13.0,71
2005-03-26,56.0,Moderate,PM2.5,57.0,49.0,1.76,14.0,85
2005-03-27,60.0,Moderate,PM2.5,54.0,41.0,0.52,17.0,75
2005-03-28,49.0,Good,Ozone,73.0,39.0,0.0,14.0,66
2005-03-29,52.0,Moderate,PM2.5,72.0,55.0,0.0,20.0,67
2005-03-30,50.0,Good,NO2,78.0,60.0,0.0,16.0,64
2005-03-31,49.0,Good,PM2.5,75.0,52.0,0.04,8.0,67
2005-04-01,47.0,Good,PM2.5,63.0,50.0,0.01,24.0,61
2005-04-02,61.0,Moderate,Ozone,71.0,42.0,0.0,10.0,52
2005-04-03,74.0,Moderate,Ozone,74.0,49.0,0.0,14.0,48
2005-04-04,55.0,Moderate,PM2.5,77.0,57.0,0.0,21.0,66
2005-04-05,57.0,Moderate,PM2.5,82.0,62.0,0.1,21.0,70
2005-04-06,38.0,Good,Ozone,69.0,58.0,0.0,22.0,56
2005-04-07,58.0,Moderate,Ozone,72.0,57.0,0.0,19.0,62
2005-04-08,77.0,Moderate,Ozone,75.0,52.0,0.0,9.0,71
2005-04-09,101.0,Unhealthy for Sensitive Groups,Ozone,80.0,57.0,0.0,19.0,61
2005-04-10,60.0,Moderate,PM2.5,74.0,61.0,0.09,19.0,75
2005-04-11,43.0,Good,Ozone,72.0,59.0,0.33,18.0,64
2005-04-12,54.0,Moderate,Ozone,74.0,52.0,0.0,12.0,44
2005-04-13,54.0,Moderate,Ozone,73.0,51.0,0.0,12.0,53
2005-04-14,64.0,Moderate,Ozone,73.0,51.0,0.0,8.0,67
2005-04-15,75.0,Moderate,PM2.5,75.0,53.0,0.0,7.0,61
2005-04-16,105.0,Unhealthy for Sensitive Groups,Ozone,78.0,53.0,0.0,8.0,59
2005-04-17,74.0,Moderate,Ozone,78.0,59.0,0.0,14.0,56
2005-04-18,61.0,Moderate,PM2.5,75.0,64.0,0.01,17.0,66
2005-04-19,61.0,Moderate,PM2.5,76.0,64.0,0.0,16.0,67
2005-04-20,57.0,Moderate,PM2.5,77.0,64.0,0.0,15.0,74
2005-04-21,67.0,Moderate,PM2.5,81.0,68.0,0.0,14.0,74
2005-04-22,59.0,Moderate,PM2.5,80.0,63.0,0.11,16.0,57
2005-04-23,44.0,Good,Ozone,67.0,54.0,0.0,17.0,40
2005-04-24,52.0,Moderate,PM2.5,69.0,47.0,0.0,6.0,49
2005-04-25,61.0,Moderate,PM2.5,70.0,51.0,0.25,18.0,72
2005-04-26,48.0,Good,Ozone,75.0,53.0,0.0,16.0,55
2005-04-27,90.0,Moderate,Ozone,83.0,51.0,0.0,19.0,48
2005-04-28,74.0,Moderate,Ozone,91.0,65.0,0.0,22.0,44
2005-04-29,63.0,Moderate,PM2.5,82.0,62.0,0.01,16.0,66
2005-04-30,46.0,Good,Ozone,68.0,51.0,0.0,15.0,54
2005-05-01,77.0,Moderate,Ozone,73.0,50.0,0.0,8.0,52
2005-05-02,46.0,Good,Ozone,68.0,53.0,0.1,17.0,60
2005-05-03,44.0,Good,Ozone,67.0,52.0,0.0,11.0,61
2005-05-04,58.0,Moderate,PM2.5,65.0,51.0,0.3,8.0,76
2005-05-05,61.0,Moderate,Ozone,74.0,54.0,0.08,6.0,72
2005-05-06,147.0,Unhealthy for Sensitive Groups,Ozone,81.0,58.0,0.0,12.0,59
2005-05-07,93.0,Moderate,Ozone,80.0,64.0,0.0,16.0,57
2005-05-08,48.0,Good,PM2.5,80.0,65.0,0.44,15.0,75
2005-05-09,54.0,Moderate,PM2.5,82.0,61.0,0.01,15.0,76
2005-05-10,76.0,Moderate,PM2.5,87.0,69.0,0.0,15.0,71
2005-05-11,74.0,Moderate,PM2.5,86.0,68.0,0.0,16.0,64
2005-05-12,63.0,Moderate,PM2.5,86.0,69.0,0.02,16.0,65
2005-05-13,63.0,Moderate,PM2.5,86.0,67.0,0.0,16.0,62
2005-05-14,64.0,Moderate,Ozone,82.0,68.0,0.04,18.0,63
2005-05-15,64.0,Moderate,Ozone,79.0,58.0,0.0,9.0,53
2005-05-16,101.0,Unhealthy for Sensitive Groups,Ozone,80.0,63.0,0.0,10.0,45
2005-05-17,105.0,Unhealthy for Sensitive Groups,Ozone,84.0,63.0,0.0,15.0,54
2005-05-18,60.0,Moderate,PM2.5,84.0,67.0,0.0,16.0,63
2005-05-19,58.0,Moderate,PM2.5,85.0,70.0,0.0,13.0,67
2005-05-20,179.0,Unhealthy,Ozone,92.0,71.0,0.0,7.0,64
2005-05-21,190.0,Unhealthy,Ozone,95.0,70.0,0.0,7.0,59
2005-05-22,159.0,Unhealthy,Ozone,97.0,72.0,0.0,8.0,49
2005-05-23,112.0,Unhealthy for Sensitive Groups,Ozone,95.0,76.0,0.0,12.0,44
2005-05-24,65.0,Moderate,PM2.5,94.0,73.0,0.0,11.0,54
2005-05-25,66.0,Moderate,PM2.5,90.0,73.0,0.06,9.0,62
2005-05-26,126.0,Unhealthy for Sensitive Groups,Ozone,85.0,72.0,0.02,10.0,64
2005-05-27,115.0,Unhealthy for Sensitive Groups,Ozone,84.0,69.0,0.0,10.0,62
2005-05-28,59.0,Moderate,PM2.5,77.0,69.0,0.74,9.0,84
2005-05-29,44.0,Good,PM2.5,78.0,68.0,0.95,8.0,89
2005-05-30,63.0,Moderate,PM2.5,79.0,69.0,0.54,8.0,85
2005-05-31,60.0,Moderate,PM2.5,81.0,67.0,0.02,7.0,77
2005-06-01,112.0,Unhealthy for Sensitive Groups,Ozone,82.0,68.0,0.09,7.0,75
2005-06-02,105.0,Unhealthy for Sensitive Groups,Ozone,88.0,68.0,0.0,11.0,74
2005-06-03,62.0,Moderate,PM2.5,85.0,73.0,0.02,16.0,73
2005-06-04,66.0,Moderate,PM2.5,88.0,74.0,0.08,17.0,75
2005-06-05,48.0,Good,Ozone,89.0,72.0,0.05,13.0,71
2005-06-06,51.0,Moderate,PM2.5,88.0,74.0,0.1,11.0,72
2005-06-07,54.0,Moderate,PM2.5,90.0,74.0,0.02,14.0,73
2005-06-08,53.0,Moderate,PM2.5,90.0,76.0,0.0,15.0,72
2005-06-09,58.0,Moderate,PM2.5,89.0,75.0,0.0,14.0,66
2005-06-10,54.0,Moderate,PM2.5,90.0,74.0,0.0,15.0,62
2005-06-11,60.0,Moderate,PM2.5,91.0,75.0,0.0,13.0,62
2005-06-12,56.0,Moderate,PM2.5,93.0,76.0,0.0,16.0,58
2005-06-13,58.0,Moderate,PM2.5,90.0,76.0,0.0,15.0,63
2005-06-14,112.0,Unhealthy for Sensitive Groups,Ozone,91.0,73.0,0.01,10.0,72
2005-06-15,197.0,Unhealthy,Ozone,95.0,74.0,0.0,6.0,55
2005-06-16,147.0,Unhealthy for Sensitive Groups,Ozone,97.0,77.0,0.02,10.0,56
2005-06-17,115.0,Unhealthy for Sensitive Groups,Ozone,95.0,78.0,0.0,13.0,57
2005-06-18,87.0,Moderate,Ozone,91.0,74.0,0.0,10.0,66
2005-06-19,112.0,Unhealthy for Sensitive Groups,Ozone,92.0,75.0,0.0,11.0,54
2005-06-20,150.0,Unhealthy for Sensitive Groups,Ozone,91.0,71.0,0.0,8.0,48
2005-06-21,164.0,Unhealthy,Ozone,91.0,70.0,0.0,6.0,49
2005-06-22,156.0,Unhealthy,Ozone,94.0,72.0,0.0,5.0,47
2005-06-23,151.0,Unhealthy,Ozone,93.0,75.0,0.0,7.0,48
2005-06-24,126.0,Unhealthy for Sensitive Groups,Ozone,94.0,77.0,0.0,7.0,44
2005-06-25,122.0,Unhealthy for Sensitive Groups,Ozone,93.0,76.0,0.0,5.0,46
2005-06-26,108.0,Unhealthy for Sensitive Groups,Ozone,93.0,76.0,0.0,6.0,47
2005-06-27,140.0,Unhealthy for Sensitive Groups,Ozone,94.0,77.0,0.0,6.0,46
2005-06-28,126.0,Unhealthy for Sensitive Groups,Ozone,95.0,77.0,0.0,7.0,45
2005-06-29,140.0,Unhealthy for Sensitive Groups,Ozone,97.0,77.0,0.0,8.0,46
2005-06-30,93.0,Moderate,Ozone,98.0,79.0,0.0,9.0,46
2005-07-01,52.0,Moderate,PM2.5,96.0,81.0,0.0,11.0,56
2005-07-02,164.0,Unhealthy,Ozone,94.0,78.0,0.04,7.0,66
2005-07-03,57.0,Moderate,PM2.5,100.0,78.0,0.0,13.0,57
2005-07-04,56.0,Moderate,PM2.5,95.0,78.0,0.15,18.0,60
2005-07-05,97.0,Moderate,Ozone,95.0,79.0,0.0,10.0,61
2005-07-06,156.0,Unhealthy,Ozone,93.0,76.0,0.0,9.0,64
2005-07-07,60.0,Moderate,PM2.5,91.0,76.0,0.03,9.0,63
2005-07-08,126.0,Unhealthy for Sensitive Groups,Ozone,93.0,73.0,0.0,7.0,60
2005-07-09,126.0,Unhealthy for Sensitive Groups,Ozone,94.0,75.0,0.0,8.0,59
2005-07-10,100.0,Moderate,Ozone,94.0,77.0,0.0,8.0,57
2005-07-11,156.0,Unhealthy,Ozone,96.0,78.0,0.01,9.0,56
2005-07-12,136.0,Unhealthy for Sensitive Groups,Ozone,96.0,79.0,0.0,7.0,57
2005-07-13,97.0,Moderate,Ozone,96.0,80.0,0.03,6.0,56
2005-07-14,164.0,Unhealthy,Ozone,96.0,77.0,0.0,9.0,57
2005-07-15,147.0,Unhealthy for Sensitive Groups,Ozone,91.0,77.0,0.22,10.0,68
2005-07-16,55.0,Moderate,PM2.5,87.0,73.0,0.55,9.0,81
2005-07-17,36.0,Good,PM2.5,90.0,76.0,0.37,12.0,82
2005-07-18,55.0,Moderate,PM2.5,90.0,76.0,0.05,12.0,76
2005-07-19,58.0,Moderate,PM2.5,93.0,76.0,0.0,8.0,67
2005-07-20,54.0,Moderate,PM2.5,93.0,77.0,0.0,10.0,64
2005-07-21,54.0,Moderate,PM2.5,94.0,77.0,0.02,6.0,68
2005-07-22,93.0,Moderate,Ozone,96.0,79.0,0.0,7.0,62
2005-07-23,74.0,Moderate,Ozone,97.0,78.0,0.0,9.0,61
2005-07-24,44.0,Good,PM2.5,97.0,80.0,0.0,11.0,57
2005-07-25,57.0,Moderate,PM2.5,97.0,80.0,0.0,12.0,51
2005-07-26,66.0,Moderate,PM2.5,98.0,80.0,0.0,12.0,50
2005-07-27,43.0,Good,PM2.5,85.0,73.0,0.28,13.0,82
2005-07-28,44.0,Good,Ozone,85.0,72.0,0.0,8.0,66
2005-07-29,159.0,Unhealthy,Ozone,91.0,71.0,0.0,8.0,59
2005-07-30,136.0,Unhealthy for Sensitive Groups,Ozone,94.0,73.0,0.0,8.0,52
2005-07-31,105.0,Unhealthy for Sensitive Groups,Ozone,95.0,71.0,0.0,8.0,45
2005-08-01,93.0,Moderate,Ozone,97.0,76.0,0.0,8.0,46
2005-08-02,159.0,Unhealthy,Ozone,98.0,76.0,0.0,6.0,44
2005-08-03,105.0,Unhealthy for Sensitive Groups,Ozone,97.0,78.0,0.08,9.0,56
2005-08-04,80.0,Moderate,Ozone,96.0,78.0,0.06,9.0,64
2005-08-05,84.0,Moderate,Ozone,95.0,78.0,0.01,6.0,58
2005-08-06,154.0,Unhealthy,Ozone,95.0,76.0,0.0,6.0,52
2005-08-07,126.0,Unhealthy for Sensitive Groups,Ozone,95.0,78.0,0.07,4.0,59
2005-08-08,67.0,Moderate,PM2.5,90.0,76.0,0.17,4.0,70
2005-08-09,52.0,Moderate,PM2.5,85.0,77.0,0.22,6.0,77
2005-08-10,47.0,Good,PM2.5,86.0,74.0,0.02,9.0,78
2005-08-11,78.0,Moderate,PM2.5,93.0,76.0,0.0,12.0,68
2005-08-12,64.0,Moderate,PM2.5,93.0,76.0,0.0,13.0,61
2005-08-13,58.0,Moderate,PM2.5,94.0,78.0,0.02,14.0,61
2005-08-14,48.0,Good,PM2.5,91.0,80.0,0.03,10.0,67
2005-08-15,50.0,Good,PM2.5,93.0,78.0,0.0,11.0,67
2005-08-16,52.0,Moderate,PM2.5,89.0,77.0,0.04,9.0,78
2005-08-17,53.0,Moderate,PM2.5,95.0,78.0,0.0,10.0,61
2005-08-18,41.0,Good,Ozone,97.0,79.0,0.0,12.0,53
2005-08-19,43.0,Good,PM2.5,98.0,80.0,0.01,13.0,54
2005-08-20,46.0,Good,PM2.5,99.0,80.0,0.0,10.0,55
2005-08-21,119.0,Unhealthy for Sensitive Groups,Ozone,97.0,80.0,0.0,6.0,49
2005-08-22,187.0,Unhealthy,Ozone,99.0,80.0,0.0,6.0,48
2005-08-23,129.0,Unhealthy for Sensitive Groups,Ozone,101.0,82.0,0.0,8.0,44
2005-08-24,108.0,Unhealthy for Sensitive Groups,Ozone,99.0,83.0,0.0,10.0,47
2005-08-25,100.0,Moderate,Ozone,99.0,82.0,0.0,8.0,49
2005-08-26,126.0,Unhealthy for Sensitive Groups,Ozone,100.0,82.0,0.0,6.0,50
2005-08-27,136.0,Unhealthy for Sensitive Groups,Ozone,101.0,83.0,0.05,13.0,49
2005-08-28,126.0,Unhealthy for Sensitive Groups,Ozone,93.0,78.0,0.0,8.0,63
2005-08-29,61.0,Moderate,Ozone,94.0,80.0,0.0,14.0,51
2005-08-30,105.0,Unhealthy for Sensitive Groups,Ozone,95.0,76.0,0.0,7.0,44
2005-08-31,147.0,Unhealthy for Sensitive Groups,Ozone,98.0,73.0,0.0,9.0,40
2005-09-01,182.0,Unhealthy,Ozone,97.0,74.0,0.0,10.0,38
2005-09-02,129.0,Unhealthy for Sensitive Groups,Ozone,96.0,78.0,0.0,9.0,40
2005-09-03,129.0,Unhealthy for Sensitive Groups,Ozone,95.0,75.0,0.0,8.0,39
2005-09-04,122.0,Unhealthy for Sensitive Groups,Ozone,94.0,80.0,0.0,9.0,39
2005-09-05,115.0,Unhealthy for Sensitive Groups,Ozone,92.0,73.0,0.0,9.0,33
2005-09-06,150.0,Unhealthy for Sensitive Groups,Ozone,94.0,72.0,0.0,8.0,42
2005-09-07,112.0,Unhealthy for Sensitive Groups,Ozone,93.0,78.0,0.0,10.0,38
2005-09-08,115.0,Unhealthy for Sensitive Groups,Ozone,92.0,73.0,0.0,7.0,40
2005-09-09,147.0,Unhealthy for Sensitive Groups,Ozone,93.0,71.0,0.0,6.0,43
2005-09-10,122.0,Unhealthy for Sensitive Groups,Ozone,93.0,73.0,0.0,11.0,47
2005-09-11,84.0,Moderate,Ozone,88.0,76.0,0.01,12.0,70
2005-09-12,67.0,Moderate,PM2.5,88.0,75.0,0.01,11.0,68
2005-09-13,51.0,Moderate,PM2.5,94.0,76.0,0.0,12.0,63
2005-09-14,40.0,Good,Ozone,97.0,78.0,0.0,12.0,56
2005-09-15,47.0,Good,PM2.5,94.0,78.0,0.08,14.0,67
2005-09-16,50.0,Good,Ozone,82.0,69.0,0.16,11.0,67
2005-09-17,71.0,Moderate,Ozone,95.0,68.0,0.0,8.0,61
2005-09-18,48.0,Good,PM2.5,97.0,79.0,0.0,11.0,54
2005-09-19,55.0,Moderate,PM2.5,97.0,78.0,0.0,10.0,52
2005-09-20,129.0,Unhealthy for Sensitive Groups,Ozone,97.0,77.0,0.0,7.0,49
2005-09-21,115.0,Unhealthy for Sensitive Groups,Ozone,98.0,76.0,0.0,5.0,48
2005-09-22,147.0,Unhealthy for Sensitive Groups,Ozone,99.0,78.0,0.0,5.0,43
2005-09-23,60.0,Moderate,PM2.5,98.0,81.0,0.0,15.0,40
2005-09-24,50.0,Good,PM2.5,89.0,80.0,0.09,26.0,56
2005-09-25,77.0,Moderate,Ozone,100.0,76.0,0.0,15.0,48
2005-09-26,151.0,Unhealthy,Ozone,98.0,80.0,0.0,12.0,42
2005-09-27,122.0,Unhealthy for Sensitive Groups,Ozone,97.0,77.0,0.0,11.0,58
2005-09-28,174.0,Unhealthy,Ozone,100.0,77.0,0.0,15.0,59
2005-09-29,38.0,Good,PM2.5,80.0,65.0,0.0,18.0,48
2005-09-30,59.0,Moderate,PM2.5,82.0,69.0,0.0,10.0,57
2005-10-01,75.0,Moderate,PM2.5,90.0,72.0,0.0,15.0,65
2005-10-02,55.0,Moderate,PM2.5,91.0,74.0,0.0,13.0,64
2005-10-03,54.0,Moderate,PM2.5,94.0,76.0,0.0,11.0,59
2005-10-04,60.0,Moderate,PM2.5,91.0,76.0,0.0,11.0,56
2005-10-05,62.0,Moderate,PM2.5,91.0,74.0,0.0,10.0,54
2005-10-06,25.0,Good,Ozone,82.0,61.0,0.09,16.0,63
2005-10-07,25.0,Good,Ozone,67.0,56.0,0.07,13.0,49
2005-10-08,40.0,Good,NO2,72.0,58.0,0.07,8.0,45
2005-10-09,56.0,Moderate,PM2.5,79.0,55.0,0.0,10.0,44
2005-10-10,62.0,Moderate,PM2.5,75.0,61.0,0.12,10.0,52
2005-10-11,75.0,Moderate,PM2.5,79.0,67.0,0.0,6.0,60
2005-10-12,77.0,Moderate,Ozone,84.0,66.0,0.0,7.0,58
2005-10-13,78.0,Moderate,PM2.5,82.0,62.0,0.0,8.0,60
2005-10-14,84.0,Moderate,Ozone,85.0,63.0,0.0,8.0,49
2005-10-15,77.0,Moderate,Ozone,84.0,64.0,0.0,6.0,46
2005-10-16,97.0,Moderate,Ozone,85.0,63.0,0.0,6.0,41
2005-10-17,112.0,Unhealthy for Sensitive Groups,Ozone,89.0,63.0,0.0,9.0,48
2005-10-18,84.0,Moderate,Ozone,92.0,69.0,0.0,11.0,50
2005-10-19,61.0,Moderate,PM2.5,91.0,70.0,0.0,15.0,44
2005-10-20,42.0,Good,Ozone,83.0,69.0,0.0,14.0,48
2005-10-21,35.0,Good,Ozone,75.0,60.0,0.0,13.0,52
2005-10-22,50.0,Good,NO2,76.0,57.0,0.0,9.0,51
2005-10-23,37.0,Good,NO2,66.0,49.0,0.0,19.0,49
2005-10-24,33.0,Good,NO2,63.0,45.0,0.0,11.0,43
2005-10-25,54.0,Moderate,PM2.5,68.0,44.0,0.0,6.0,48
2005-10-26,67.0,Moderate,Ozone,75.0,48.0,0.0,10.0,36
2005-10-27,100.0,Moderate,Ozone,74.0,52.0,0.0,9.0,48
2005-10-28,74.0,Moderate,Ozone,72.0,50.0,0.0,9.0,47
2005-10-29,65.0,Moderate,PM2.5,71.0,51.0,0.0,10.0,40
2005-10-30,70.0,Moderate,PM2.5,77.0,59.0,0.0,13.0,54
2005-10-31,54.0,Moderate,PM2.5,71.0,56.0,0.94,17.0,71
2005-11-01,45.0,Good,NO2,67.0,48.0,0.0,13.0,44
2005-11-02,52.0,Moderate,PM2.5,77.0,48.0,0.0,12.0,42
2005-11-03,58.0,Moderate,Ozone,78.0,54.0,0.0,17.0,42
2005-11-04,39.0,Good,Ozone,79.0,61.0,0.0,16.0,63
2005-11-05,52.0,Moderate,PM2.5,85.0,64.0,0.0,17.0,63
2005-11-06,58.0,Moderate,PM2.5,78.0,60.0,0.0,12.0,54
2005-11-07,53.0,Moderate,PM2.5,85.0,65.0,0.0,13.0,71
2005-11-08,38.0,Good,PM2.5,85.0,69.0,0.0,14.0,70
2005-11-09,49.0,Good,PM2.5,86.0,70.0,0.0,15.0,69
2005-11-10,51.0,Moderate,PM2.5,70.0,60.0,0.0,12.0,43
2005-11-11,66.0,Moderate,PM2.5,75.0,54.0,0.0,14.0,63
2005-11-12,57.0,Moderate,PM2.5,81.0,68.0,0.01,20.0,73
2005-11-13,44.0,Good,PM2.5,79.0,63.0,0.0,12.0,68
2005-11-14,69.0,Moderate,PM2.5,79.0,59.0,0.2,16.0,62
2005-11-15,38.0,Good,PM2.5,74.0,50.0,0.04,23.0,53
2005-11-16,39.0,Good,NO2,52.0,40.0,0.0,17.0,30
2005-11-17,56.0,Moderate,PM2.5,57.0,37.0,0.0,8.0,44
2005-11-18,55.0,Moderate,PM2.5,58.0,40.0,0.0,7.0,43
2005-11-19,44.0,Good,PM2.5,65.0,45.0,0.0,8.0,36
2005-11-20,27.0,Good,Ozone,59.0,48.0,0.0,12.0,55
2005-11-21,52.0,Moderate,PM2.5,62.0,40.0,0.0,8.0,59
2005-11-22,59.0,Moderate,PM2.5,66.0,46.0,0.0,8.0,52
2005-11-23,61.0,Moderate,PM2.5,79.0,48.0,0.0,8.0,41
2005-11-24,68.0,Moderate,PM2.5,73.0,46.0,0.0,11.0,49
2005-11-25,39.0,Good,PM2.5,63.0,51.0,0.01,13.0,62
2005-11-26,58.0,Moderate,PM2.5,66.0,59.0,0.13,12.0,90
2005-11-27,54.0,Moderate,PM2.5,79.0,59.0,0.0,20.0,61
2005-11-28,27.0,Good,Ozone,59.0,49.0,0.0,18.0,34
2005-11-29,41.0,Good,PM2.5,55.0,40.0,0.0,10.0,35
2005-11-30,62.0,Moderate,PM2.5,64.0,37.0,0.0,17.0,49
2005-12-01,37.0,Good,PM2.5,56.0,42.0,0.0,17.0,40
2005-12-02,56.0,Moderate,PM2.5,66.0,37.0,0.0,19.0,55
2005-12-03,56.0,Moderate,PM2.5,85.0,55.0,0.0,19.0,45
2005-12-04,61.0,Moderate,PM2.5,52.0,41.0,0.0,14.0,51
2005-12-05,73.0,Moderate,PM2.5,48.0,34.0,0.0,12.0,46
2005-12-06,66.0,Moderate,PM2.5,58.0,33.0,0.0,13.0,40
2005-12-07,63.0,Moderate,PM2.5,44.0,29.0,0.17,17.0,67
2005-12-08,51.0,Moderate,PM2.5,32.0,22.0,0.03,16.0,52
2005-12-09,63.0,Moderate,PM2.5,41.0,22.0,0.0,6.0,46
2005-12-10,54.0,Moderate,PM2.5,55.0,29.0,0.0,7.0,47
2005-12-11,46.0,Good,PM2.5,63.0,32.0,0.0,8.0,47
2005-12-12,59.0,Moderate,PM2.5,65.0,44.0,0.0,7.0,38
2005-12-13,55.0,Moderate,PM2.5,68.0,40.0,0.11,17.0,58
2005-12-14,46.0,Good,PM2.5,61.0,46.0,0.02,16.0,67
2005-12-15,41.0,Good,NO2,55.0,37.0,0.0,14.0,37
2005-12-16,57.0,Moderate,PM2.5,51.0,36.0,0.0,9.0,40
2005-12-17,34.0,Good,NO2,47.0,40.0,0.0,8.0,63
2005-12-18,56.0,Moderate,PM2.5,53.0,42.0,0.0,5.0,56
2005-12-19,65.0,Moderate,PM2.5,47.0,38.0,0.0,8.0,61
2005-12-20,81.0,Moderate,PM2.5,44.0,40.0,0.14,6.0,73
2005-12-21,104.0,Unhealthy for Sensitive Groups,PM2.5,51.0,40.0,0.0,7.0,66
2005-12-22,72.0,Moderate,PM2.5,61.0,36.0,0.0,14.0,67
2005-12-23,42.0,Good,PM2.5,69.0,45.0,0.0,18.0,61
2005-12-24,33.0,Good,Ozone,64.0,51.0,0.0,24.0,49
2005-12-25,38.0,Good,NO2,63.0,46.0,0.0,16.0,42
2005-12-26,42.0,Good,Ozone,77.0,45.0,0.0,17.0,39
2005-12-27,44.0,Good,PM2.5,80.0,58.0,0.0,19.0,36
2005-12-28,39.0,Good,NO2,66.0,50.0,0.0,12.0,41
2005-12-29,41.0,Good,NO2,71.0,44.0,0.0,15.0,47
2005-12-30,49.0,Good,PM2.5,65.0,53.0,0.0,16.0,45
2005-12-31,55.0,Moderate,PM2.5,72.0,41.0,0.0,16.0,40
2006-01-01,77.0,Moderate,PM2.5,82.0,59.0,0.0,20.0,51
2006-01-02,65.0,Moderate,PM2.5,71.0,54.0,0.0,14.0,35
2006-01-03,53.0,Moderate,PM2.5,81.0,46.0,0.0,14.0,39
2006-01-04,45.0,Good,PM2.5,67.0,53.0,0.0,15.0,33
2006-01-05,33.0,Good,Ozone,63.0,46.0,0.0,19.0,39
2006-01-06,40.0,Good,NO2,58.0,43.0,0.0,13.0,33
2006-01-07,40.0,Good,Ozone,79.0,45.0,0.0,19.0,24
2006-01-08,53.0,Moderate,PM2.5,80.0,58.0,0.0,19.0,20
2006-01-09,66.0,Moderate,PM2.5,74.0,51.0,0.01,19.0,64
2006-01-10,39.0,Good,NO2,55.0,40.0,0.0,16.0,52
2006-01-11,55.0,Moderate,PM2.5,70.0,41.0,0.0,15.0,38
2006-01-12,53.0,Moderate,PM2.5,75.0,54.0,0.0,21.0,59
2006-01-13,35.0,Good,NO2,60.0,46.0,0.0,21.0,36
2006-01-14,37.0,Good,NO2,65.0,36.0,0.0,12.0,36
2006-01-15,40.0,Good,Ozone,70.0,52.0,0.0,18.0,32
2006-01-16,42.0,Good,PM2.5,74.0,57.0,0.0,19.0,50
2006-01-17,38.0,Good,NO2,56.0,42.0,0.0,22.0,32
2006-01-18,35.0,Good,Ozone,72.0,42.0,0.0,19.0,23
2006-01-19,51.0,Moderate,PM2.5,74.0,54.0,0.0,21.0,52
2006-01-20,47.0,Good,PM2.5,73.0,52.0,0.0,18.0,59
2006-01-21,33.0,Good,Ozone,58.0,40.0,0.0,15.0,45
2006-01-22,26.0,Good,PM2.5,52.0,45.0,1.11,12.0,82
2006-01-23,56.0,Moderate,PM2.5,57.0,42.0,0.0,11.0,63
2006-01-24,57.0,Moderate,PM2.5,66.0,36.0,0.0,7.0,63
2006-01-25,56.0,Moderate,PM2.5,66.0,39.0,0.0,7.0,58
2006-01-26,37.0,Good,NO2,56.0,47.0,0.0,11.0,49
2006-01-27,57.0,Moderate,PM2.5,64.0,43.0,0.0,11.0,62
2006-01-28,33.0,Good,NO2,68.0,55.0,1.06,16.0,76
2006-01-29,52.0,Moderate,PM2.5,71.0,42.0,0.0,13.0,42
2006-01-30,44.0,Good,NO2,63.0,45.0,0.0,12.0,39
2006-01-31,42.0,Good,NO2,66.0,40.0,0.0,16.0,44
2006-02-01,54.0,Moderate,PM2.5,67.0,53.0,0.02,14.0,76
2006-02-02,58.0,Moderate,NO2,70.0,50.0,0.0,10.0,75
2006-02-03,52.0,Moderate,NO2,62.0,46.0,0.27,15.0,63
2006-02-04,39.0,Good,NO2,58.0,39.0,0.0,9.0,54
2006-02-05,49.0,Good,Ozone,70.0,39.0,0.0,19.0,57
2006-02-06,38.0,Good,NO2,57.0,43.0,0.0,18.0,43
2006-02-07,58.0,Moderate,PM2.5,58.0,35.0,0.0,8.0,57
2006-02-08,47.0,Good,NO2,69.0,41.0,0.0,9.0,43
2006-02-09,54.0,Moderate,PM2.5,61.0,39.0,0.0,13.0,51
2006-02-10,62.0,Moderate,PM2.5,56.0,42.0,0.17,20.0,68
2006-02-11,34.0,Good,Ozone,47.0,36.0,0.0,22.0,29
2006-02-12,38.0,Good,Ozone,56.0,28.0,0.0,19.0,37
2006-02-13,39.0,Good,NO2,58.0,32.0,0.0,11.0,46
2006-02-14,46.0,Good,Ozone,69.0,41.0,0.0,17.0,43
2006-02-15,53.0,Moderate,PM2.5,75.0,55.0,0.0,20.0,72
2006-02-16,64.0,Moderate,PM2.5,83.0,53.0,0.08,21.0,69
2006-02-17,42.0,Good,PM2.5,51.0,38.0,0.0,21.0,41
2006-02-18,55.0,Moderate,PM2.5,41.0,30.0,0.11,14.0,78
2006-02-19,62.0,Moderate,PM2.5,33.0,30.0,0.0,10.0,72
2006-02-20,67.0,Moderate,PM2.5,44.0,32.0,0.0,6.0,74
2006-02-21,75.0,Moderate,PM2.5,46.0,37.0,0.02,8.0,87
2006-02-22,70.0,Moderate,PM2.5,51.0,43.0,0.04,10.0,95
2006-02-23,68.0,Moderate,PM2.5,56.0,38.0,0.0,7.0,65
2006-02-24,59.0,Moderate,PM2.5,59.0,41.0,0.22,10.0,68
2006-02-25,51.0,Moderate,PM2.5,52.0,49.0,0.91,10.0,93
2006-02-26,45.0,Good,NO2,58.0,38.0,0.0,9.0,67
2006-02-27,51.0,Moderate,Ozone,69.0,46.0,0.0,19.0,59
2006-02-28,54.0,Moderate,PM2.5,77.0,54.0,0.0,17.0,66
2006-03-01,57.0,Moderate,PM2.5,84.0,59.0,0.0,17.0,65
2006-03-02,48.0,Good,Ozone,76.0,60.0,0.0,16.0,53
2006-03-03,48.0,Good,Ozone,70.0,54.0,0.0,11.0,38
2006-03-04,61.0,Moderate,PM2.5,69.0,53.0,0.0,11.0,48
2006-03-05,82.0,Moderate,PM2.5,75.0,57.0,0.0,14.0,72
2006-03-06,71.0,Moderate,PM2.5,80.0,54.0,0.0,8.0,74
2006-03-07,58.0,Moderate,PM2.5,77.0,60.0,0.0,19.0,74
2006-03-08,53.0,Moderate,PM2.5,77.0,65.0,0.2,22.0,70
2006-03-09,43.0,Good,NO2,71.0,57.0,0.0,27.0,43
2006-03-10,63.0,Moderate,PM2.5,81.0,53.0,0.02,19.0,43
2006-03-11,76.0,Moderate,PM2.5,79.0,66.0,0.06,15.0,79
2006-03-12,69.0,Moderate,PM2.5,85.0,69.0,0.0,22.0,68
2006-03-13,57.0,Moderate,PM2.5,75.0,56.0,0.02,21.0,32
2006-03-14,52.0,Moderate,NO2,65.0,46.0,0.0,9.0,35
2006-03-15,60.0,Moderate,PM2.5,67.0,48.0,0.0,16.0,35
2006-03-16,54.0,Moderate,NO2,77.0,59.0,0.0,16.0,50
2006-03-17,48.0,Good,Ozone,69.0,50.0,0.0,12.0,31
2006-03-18,65.0,Moderate,PM2.5,61.0,51.0,1.42,15.0,84
2006-03-19,30.0,Good,Ozone,55.0,50.0,1.77,14.0,98
2006-03-20,44.0,Good,Ozone,72.0,53.0,0.6,19.0,65
2006-03-21,39.0,Good,Ozone,56.0,41.0,0.0,17.0,50
2006-03-22,59.0,Moderate,PM2.5,53.0,39.0,0.0,11.0,65
2006-03-23,56.0,Moderate,PM2.5,46.0,37.0,0.02,16.0,66
2006-03-24,56.0,Moderate,NO2,55.0,33.0,0.0,6.0,63
2006-03-25,80.0,Moderate,Ozone,64.0,39.0,0.0,8.0,64
2006-03-26,97.0,Moderate,Ozone,69.0,46.0,0.0,20.0,52
2006-03-27,57.0,Moderate,PM2.5,70.0,56.0,0.0,19.0,69
2006-03-28,56.0,Moderate,PM2.5,71.0,55.0,0.06,11.0,76
2006-03-29,53.0,Moderate,PM2.5,73.0,55.0,0.08,14.0,83
2006-03-30,59.0,Moderate,PM2.5,78.0,64.0,0.01,23.0,74
2006-03-31,65.0,Moderate,PM2.5,84.0,66.0,0.0,18.0,71
2006-04-01,62.0,Moderate,PM2.5,81.0,66.0,0.05,19.0,80
2006-04-02,65.0,Moderate,PM2.5,85.0,69.0,0.02,19.0,72
2006-04-03,47.0,Good,Ozone,76.0,62.0,0.0,14.0,55
2006-04-04,67.0,Moderate,PM2.5,77.0,55.0,0.0,9.0,59
2006-04-05,60.0,Moderate,PM2.5,83.0,65.0,0.0,18.0,63
2006-04-06,60.0,Moderate,PM2.5,84.0,67.0,0.02,21.0,60
2006-04-07,53.0,Moderate,PM2.5,86.0,60.0,0.0,22.0,38
2006-04-08,49.0,Good,PM2.5,72.0,55.0,0.0,19.0,49
2006-04-09,77.0,Moderate,Ozone,76.0,51.0,0.0,8.0,53
2006-04-10,101.0,Unhealthy for Sensitive Groups,Ozone,79.0,56.0,0.0,15.0,47
2006-04-11,56.0,Moderate,PM2.5,79.0,60.0,0.0,18.0,51
2006-04-12,60.0,Moderate,PM2.5,82.0,65.0,0.0,14.0,59
2006-04-13,57.0,Moderate,PM2.5,85.0,64.0,0.0,12.0,64
2006-04-14,51.0,Moderate,PM2.5,86.0,64.0,0.0,16.0,47
2006-04-15,48.0,Good,PM2.5,89.0,66.0,0.0,21.0,55
2006-04-16,55.0,Moderate,PM2.5,94.0,69.0,0.0,22.0,54
2006-04-17,68.0,Moderate,PM2.5,99.0,70.0,0.0,15.0,52
2006-04-18,93.0,Moderate,Ozone,97.0,72.0,0.05,15.0,49
2006-04-19,87.0,Moderate,Ozone,81.0,68.0,0.14,14.0,40
2006-04-20,58.0,Moderate,PM2.5,75.0,66.0,2.15,10.0,83
2006-04-21,90.0,Moderate,Ozone,78.0,62.0,0.83,6.0,75
2006-04-22,93.0,Moderate,Ozone,81.0,60.0,0.0,8.0,73
2006-04-23,60.0,Moderate,PM2.5,84.0,66.0,0.0,14.0,68
2006-04-24,66.0,Moderate,PM2.5,79.0,68.0,0.61,14.0,79
2006-04-25,52.0,Moderate,PM2.5,76.0,59.0,0.19,17.0,80
2006-04-26,41.0,Good,PM2.5,69.0,53.0,0.0,12.0,66
2006-04-27,54.0,Moderate,Ozone,75.0,51.0,0.0,9.0,72
2006-04-28,63.0,Moderate,PM2.5,75.0,63.0,0.39,19.0,77
2006-04-29,42.0,Good,Ozone,72.0,63.0,0.38,19.0,78
2006-04-30,80.0,Moderate,Ozone,81.0,58.0,0.0,17.0,53
2006-05-01,77.0,Moderate,Ozone,85.0,64.0,0.0,17.0,52
2006-05-02,64.0,Moderate,PM2.5,85.0,69.0,0.0,19.0,72
2006-05-03,61.0,Moderate,PM2.5,84.0,69.0,0.01,16.0,71
2006-05-04,84.0,Moderate,Ozone,81.0,69.0,0.31,13.0,77
2006-05-05,48.0,Good,PM2.5,77.0,65.0,0.04,11.0,81
2006-05-06,42.0,Good,PM2.5,73.0,64.0,2.13,13.0,84
2006-05-07,52.0,Moderate,PM2.5,73.0,63.0,0.01,9.0,78
2006-05-08,65.0,Moderate,PM2.5,82.0,63.0,0.02,13.0,79
2006-05-09,97.0,Moderate,PM2.5,91.0,72.0,0.0,16.0,76
2006-05-10,60.0,Moderate,PM2.5,80.0,64.0,0.0,18.0,71
2006-05-11,46.0,Good,Ozone,73.0,56.0,0.0,13.0,57
2006-05-12,87.0,Moderate,Ozone,84.0,56.0,0.0,10.0,52
2006-05-13,108.0,Unhealthy for Sensitive Groups,Ozone,88.0,65.0,0.02,13.0,52
2006-05-14,80.0,Moderate,Ozone,82.0,65.0,0.42,13.0,70
2006-05-15,50.0,Good,Ozone,74.0,60.0,0.0,16.0,53
2006-05-16,58.0,Moderate,Ozone,77.0,56.0,0.0,15.0,59
2006-05-17,77.0,Moderate,Ozone,80.0,56.0,0.0,8.0,57
2006-05-18,119.0,Unhealthy for Sensitive Groups,Ozone,89.0,61.0,0.0,9.0,48
2006-05-19,101.0,Unhealthy for Sensitive Groups,Ozone,94.0,67.0,0.0,13.0,44
2006-05-20,71.0,Moderate,Ozone,93.0,71.0,0.0,15.0,51
2006-05-21,46.0,Good,PM2.5,89.0,68.0,0.0,13.0,55
2006-05-22,62.0,Moderate,PM2.5,88.0,70.0,0.0,12.0,60
2006-05-23,73.0,Moderate,PM2.5,87.0,71.0,0.0,13.0,64
2006-05-24,53.0,Moderate,PM2.5,91.0,73.0,0.0,13.0,58
2006-05-25,55.0,Moderate,PM2.5,92.0,74.0,0.0,12.0,59
2006-05-26,53.0,Moderate,PM2.5,91.0,74.0,0.0,14.0,58
2006-05-27,52.0,Moderate,PM2.5,91.0,74.0,0.0,19.0,56
2006-05-28,54.0,Moderate,PM2.5,87.0,76.0,0.11,17.0,69
2006-05-29,54.0,Moderate,PM2.5,87.0,71.0,0.07,14.0,78
2006-05-30,46.0,Good,PM2.5,85.0,72.0,0.15,12.0,78
2006-05-31,61.0,Moderate,PM2.5,83.0,70.0,0.29,12.0,72
2006-06-01,93.0,Moderate,Ozone,84.0,70.0,0.0,5.0,70
2006-06-02,101.0,Unhealthy for Sensitive Groups,Ozone,87.0,71.0,0.0,9.0,67
2006-06-03,147.0,Unhealthy for Sensitive Groups,Ozone,87.0,67.0,0.0,8.0,55
2006-06-04,126.0,Unhealthy for Sensitive Groups,Ozone,93.0,70.0,0.0,10.0,53
2006-06-05,101.0,Unhealthy for Sensitive Groups,Ozone,94.0,76.0,0.0,12.0,55
2006-06-06,136.0,Unhealthy for Sensitive Groups,Ozone,98.0,76.0,0.0,11.0,48
2006-06-07,126.0,Unhealthy for Sensitive Groups,Ozone,94.0,73.0,0.0,10.0,58
2006-06-08,129.0,Unhealthy for Sensitive Groups,Ozone,93.0,71.0,0.0,8.0,58
2006-06-09,143.0,Unhealthy for Sensitive Groups,Ozone,95.0,75.0,0.0,9.0,50
2006-06-10,126.0,Unhealthy for Sensitive Groups,Ozone,98.0,78.0,0.0,10.0,42
2006-06-11,87.0,Moderate,Ozone,95.0,77.0,0.0,12.0,43
2006-06-12,147.0,Unhealthy for Sensitive Groups,Ozone,96.0,76.0,0.0,8.0,45
2006-06-13,159.0,Unhealthy,Ozone,93.0,76.0,0.0,9.0,59
2006-06-14,133.0,Unhealthy for Sensitive Groups,Ozone,91.0,72.0,0.0,8.0,46
2006-06-15,150.0,Unhealthy for Sensitive Groups,Ozone,94.0,73.0,0.0,14.0,41
2006-06-16,59.0,Moderate,PM2.5,92.0,77.0,0.02,19.0,58
2006-06-17,71.0,Moderate,Ozone,90.0,78.0,0.27,19.0,69
2006-06-18,151.0,Unhealthy,Ozone,90.0,72.0,0.15,9.0,73
2006-06-19,49.0,Good,Ozone,92.0,73.0,0.0,13.0,68
2006-06-20,46.0,Good,PM2.5,89.0,73.0,0.0,14.0,68
2006-06-21,53.0,Moderate,PM2.5,93.0,75.0,0.0,14.0,65
2006-06-22,53.0,Moderate,PM2.5,94.0,77.0,0.0,11.0,58
2006-06-23,46.0,Good,Ozone,93.0,77.0,0.07,9.0,67
2006-06-24,93.0,Moderate,Ozone,90.0,76.0,0.19,6.0,68
2006-06-25,90.0,Moderate,Ozone,93.0,76.0,0.0,16.0,52
2006-06-26,74.0,Moderate,Ozone,87.0,74.0,0.0,13.0,39
2006-06-27,164.0,Unhealthy,Ozone,90.0,67.0,0.0,7.0,39
2006-06-28,133.0,Unhealthy for Sensitive Groups,Ozone,93.0,69.0,0.0,6.0,34
2006-06-29,101.0,Unhealthy for Sensitive Groups,Ozone,94.0,70.0,0.0,6.0,38
2006-06-30,129.0,Unhealthy for Sensitive Groups,Ozone,95.0,71.0,0.0,6.0,39
2006-07-01,84.0,Moderate,Ozone,94.0,75.0,0.0,13.0,46
2006-07-02,50.0,Good,PM2.5,92.0,75.0,0.03,12.0,58
2006-07-03,39.0,Good,Ozone,90.0,76.0,0.06,11.0,64
2006-07-04,46.0,Good,PM2.5,92.0,75.0,0.09,11.0,68
2006-07-05,54.0,Moderate,PM2.5,93.0,75.0,0.1,10.0,71
2006-07-06,100.0,Moderate,Ozone,92.0,75.0,0.0,13.0,60
2006-07-07,156.0,Unhealthy,Ozone,91.0,72.0,0.0,10.0,45
2006-07-08,97.0,Moderate,Ozone,94.0,73.0,0.0,6.0,45
2006-07-09,64.0,Moderate,Ozone,94.0,78.0,0.01,13.0,56
2006-07-10,61.0,Moderate,PM2.5,98.0,79.0,0.0,15.0,54
2006-07-11,72.0,Moderate,PM2.5,100.0,79.0,0.0,17.0,51
2006-07-12,73.0,Moderate,PM2.5,102.0,79.0,0.0,16.0,48
2006-07-13,62.0,Moderate,PM2.5,102.0,80.0,0.0,15.0,45
2006-07-14,52.0,Moderate,PM2.5,102.0,81.0,0.0,14.0,44
2006-07-15,54.0,Moderate,PM2.5,100.0,82.0,0.0,10.0,43
2006-07-16,54.0,Moderate,PM2.5,101.0,84.0,0.0,6.0,40
2006-07-17,100.0,Moderate,Ozone,103.0,86.0,0.0,8.0,36
2006-07-18,136.0,Unhealthy for Sensitive Groups,Ozone,105.0,84.0,0.0,8.0,34
2006-07-19,119.0,Unhealthy for Sensitive Groups,Ozone,101.0,83.0,0.0,11.0,41
2006-07-20,122.0,Unhealthy for Sensitive Groups,Ozone,101.0,85.0,0.0,8.0,38
2006-07-21,164.0,Unhealthy,Ozone,99.0,82.0,0.0,7.0,39
2006-07-22,112.0,Unhealthy for Sensitive Groups,Ozone,96.0,83.0,0.0,12.0,42
2006-07-23,90.0,Moderate,Ozone,91.0,77.0,0.01,12.0,45
2006-07-24,90.0,Moderate,Ozone,96.0,77.0,0.01,12.0,52
2006-07-25,41.0,Good,PM2.5,96.0,78.0,0.0,15.0,55
2006-07-26,39.0,Good,PM2.5,93.0,76.0,0.0,12.0,62
2006-07-27,62.0,Moderate,PM2.5,99.0,79.0,0.01,17.0,60
2006-07-28,74.0,Moderate,PM2.5,100.0,78.0,0.0,15.0,52
2006-07-29,52.0,Moderate,PM2.5,100.0,79.0,0.0,15.0,49
2006-07-30,37.0,Good,PM2.5,101.0,81.0,0.0,15.0,44
2006-07-31,42.0,Good,PM2.5,99.0,81.0,0.0,16.0,49
2006-08-01,63.0,Moderate,PM2.5,101.0,81.0,0.0,16.0,49
2006-08-02,95.0,Moderate,PM2.5,100.0,80.0,0.0,17.0,48
2006-08-03,76.0,Moderate,PM2.5,100.0,81.0,0.0,14.0,46
2006-08-04,69.0,Moderate,PM2.5,101.0,82.0,0.0,12.0,42
2006-08-05,75.0,Moderate,PM2.5,102.0,84.0,0.0,13.0,40
2006-08-06,71.0,Moderate,PM2.5,102.0,85.0,0.0,11.0,38
2006-08-07,61.0,Moderate,PM2.5,91.0,81.0,0.24,9.0,59
2006-08-08,56.0,Moderate,PM2.5,98.0,80.0,0.0,11.0,54
2006-08-09,45.0,Good,PM2.5,102.0,81.0,0.0,12.0,46
2006-08-10,44.0,Good,Ozone,103.0,83.0,0.0,12.0,40
2006-08-11,45.0,Good,Ozone,101.0,83.0,0.0,13.0,45
2006-08-12,49.0,Good,PM2.5,99.0,84.0,0.0,13.0,44
2006-08-13,47.0,Good,PM2.5,102.0,83.0,0.0,13.0,43
2006-08-14,53.0,Moderate,PM2.5,102.0,82.0,0.0,11.0,42
2006-08-15,55.0,Moderate,PM2.5,101.0,83.0,0.0,8.0,35
2006-08-16,55.0,Moderate,PM2.5,103.0,83.0,0.0,9.0,38
2006-08-17,67.0,Moderate,Ozone,103.0,83.0,0.0,9.0,37
2006-08-18,119.0,Unhealthy for Sensitive Groups,Ozone,102.0,85.0,0.0,9.0,40
2006-08-19,100.0,Moderate,Ozone,100.0,85.0,0.0,9.0,41
2006-08-20,93.0,Moderate,Ozone,99.0,85.0,0.0,9.0,43
2006-08-21,119.0,Unhealthy for Sensitive Groups,Ozone,99.0,86.0,0.0,11.0,40
2006-08-22,164.0,Unhealthy,Ozone,99.0,83.0,0.06,13.0,50
2006-08-23,122.0,Unhealthy for Sensitive Groups,Ozone,100.0,81.0,0.03,12.0,54
2006-08-24,100.0,Moderate,Ozone,102.0,83.0,0.0,12.0,49
2006-08-25,58.0,Moderate,Ozone,102.0,84.0,0.0,13.0,43
2006-08-26,44.0,Good,Ozone,99.0,84.0,0.0,11.0,47
2006-08-27,55.0,Moderate,PM2.5,98.0,83.0,0.02,12.0,49
2006-08-28,41.0,Good,PM2.5,86.0,77.0,0.82,5.0,74
2006-08-29,67.0,Moderate,Ozone,86.0,75.0,0.23,10.0,67
2006-08-30,115.0,Unhealthy for Sensitive Groups,Ozone,87.0,69.0,0.0,6.0,58
2006-08-31,161.0,Unhealthy,Ozone,92.0,71.0,0.0,6.0,52
2006-09-01,177.0,Unhealthy,Ozone,95.0,75.0,0.0,6.0,46
2006-09-02,105.0,Unhealthy for Sensitive Groups,Ozone,91.0,76.0,0.0,11.0,49
2006-09-03,66.0,Moderate,PM2.5,83.0,75.0,0.08,11.0,70
2006-09-04,70.0,Moderate,PM2.5,75.0,71.0,0.27,7.0,83
2006-09-05,57.0,Moderate,PM2.5,83.0,69.0,0.22,9.0,67
2006-09-06,84.0,Moderate,Ozone,84.0,65.0,0.0,8.0,52
2006-09-07,133.0,Unhealthy for Sensitive Groups,Ozone,86.0,64.0,0.0,5.0,50
2006-09-08,136.0,Unhealthy for Sensitive Groups,Ozone,88.0,69.0,0.0,8.0,49
2006-09-09,101.0,Unhealthy for Sensitive Groups,Ozone,89.0,72.0,0.0,7.0,49
2006-09-10,80.0,Moderate,Ozone,90.0,72.0,0.0,5.0,54
2006-09-11,61.0,Moderate,Ozone,94.0,75.0,0.0,6.0,56
2006-09-12,67.0,Moderate,Ozone,89.0,75.0,0.0,11.0,54
2006-09-13,74.0,Moderate,Ozone,85.0,65.0,0.0,10.0,47
2006-09-14,112.0,Unhealthy for Sensitive Groups,Ozone,89.0,63.0,0.0,9.0,42
2006-09-15,60.0,Moderate,PM2.5,94.0,72.0,0.0,14.0,46
2006-09-16,42.0,Good,PM2.5,96.0,78.0,0.0,16.0,61
2006-09-17,34.0,Good,PM2.5,86.0,74.0,0.69,16.0,76
2006-09-18,41.0,Good,Ozone,81.0,66.0,0.03,13.0,58
2006-09-19,67.0,Moderate,Ozone,83.0,60.0,0.0,6.0,51
2006-09-20,90.0,Moderate,Ozone,87.0,62.0,0.0,13.0,46
2006-09-21,52.0,Moderate,PM2.5,90.0,67.0,0.0,22.0,51
2006-09-22,54.0,Moderate,PM2.5,97.0,78.0,0.0,22.0,62
2006-09-23,52.0,Moderate,PM2.5,83.0,74.0,0.24,19.0,70
2006-09-24,40.0,Good,Ozone,75.0,64.0,0.0,13.0,48
2006-09-25,51.0,Moderate,NO2,80.0,57.0,0.0,6.0,56
2006-09-26,67.0,Moderate,Ozone,87.0,60.0,0.0,11.0,45
2006-09-27,80.0,Moderate,Ozone,93.0,70.0,0.0,14.0,43
2006-09-28,34.0,Good,NO2,77.0,66.0,0.0,16.0,38
2006-09-29,58.0,Moderate,Ozone,87.0,59.0,0.0,12.0,39
2006-09-30,50.0,Good,PM2.5,96.0,71.0,0.0,12.0,56
2006-10-01,42.0,Good,PM2.5,95.0,75.0,0.0,14.0,53
2006-10-02,51.0,Moderate,PM2.5,94.0,75.0,0.0,12.0,51
2006-10-03,53.0,Moderate,PM2.5,93.0,74.0,0.0,12.0,51
2006-10-04,67.0,Moderate,Ozone,91.0,72.0,0.0,11.0,52
2006-10-05,108.0,Unhealthy for Sensitive Groups,Ozone,91.0,73.0,0.0,8.0,49
2006-10-06,84.0,Moderate,Ozone,88.0,71.0,0.0,10.0,49
2006-10-07,74.0,Moderate,Ozone,84.0,64.0,0.0,9.0,40
2006-10-08,101.0,Unhealthy for Sensitive Groups,Ozone,83.0,62.0,0.0,7.0,33
2006-10-09,108.0,Unhealthy for Sensitive Groups,Ozone,85.0,61.0,0.0,6.0,37
2006-10-10,62.0,Moderate,PM2.5,79.0,69.0,0.15,10.0,64
2006-10-11,54.0,Moderate,PM2.5,79.0,59.0,0.0,10.0,56
2006-10-12,34.0,Good,NO2,69.0,59.0,0.0,19.0,47
2006-10-13,49.0,Good,NO2,76.0,52.0,0.0,7.0,39
2006-10-14,53.0,Moderate,PM2.5,77.0,60.0,0.02,10.0,48
2006-10-15,46.0,Good,PM2.5,70.0,64.0,1.38,11.0,84
2006-10-16,35.0,Good,NO2,73.0,66.0,0.73,12.0,90
2006-10-17,53.0,Moderate,PM2.5,85.0,62.0,0.0,12.0,66
2006-10-18,54.0,Moderate,PM2.5,83.0,62.0,0.02,16.0,70
2006-10-19,38.0,Good,NO2,62.0,51.0,0.03,16.0,60
2006-10-20,57.0,Moderate,PM2.5,69.0,46.0,0.0,11.0,60
2006-10-21,44.0,Good,Ozone,76.0,55.0,0.0,19.0,60
2006-10-22,31.0,Good,Ozone,60.0,44.0,0.0,17.0,53
2006-10-23,54.0,Moderate,PM2.5,67.0,47.0,0.0,7.0,54
2006-10-24,44.0,Good,PM2.5,74.0,50.0,0.0,13.0,54
2006-10-25,39.0,Good,PM2.5,70.0,62.0,0.45,14.0,88
2006-10-26,49.0,Good,PM2.5,84.0,66.0,0.0,13.0,76
2006-10-27,34.0,Good,Ozone,68.0,55.0,0.0,26.0,48
2006-10-28,45.0,Good,NO2,73.0,52.0,0.0,11.0,50
2006-10-29,44.0,Good,Ozone,79.0,54.0,0.0,15.0,49
2006-10-30,39.0,Good,Ozone,78.0,60.0,0.0,20.0,66
2006-10-31,48.0,Good,PM2.5,74.0,53.0,0.0,14.0,69
2006-11-01,42.0,Good,PM2.5,58.0,49.0,0.11,13.0,60
2006-11-02,42.0,Good,NO2,57.0,45.0,0.0,12.0,48
2006-11-03,40.0,Good,NO2,61.0,41.0,0.0,9.0,50
2006-11-04,55.0,Moderate,PM2.5,63.0,52.0,0.0,12.0,57
2006-11-05,62.0,Moderate,PM2.5,69.0,58.0,1.13,11.0,87
2006-11-06,39.0,Good,NO2,65.0,58.0,0.25,11.0,84
2006-11-07,63.0,Moderate,PM2.5,73.0,48.0,0.0,8.0,72
2006-11-08,52.0,Moderate,PM2.5,80.0,59.0,0.0,12.0,61
2006-11-09,58.0,Moderate,PM2.5,82.0,64.0,0.0,16.0,76
2006-11-10,54.0,Moderate,PM2.5,76.0,59.0,0.0,18.0,71
2006-11-11,38.0,Good,NO2,58.0,47.0,0.0,16.0,58
2006-11-12,47.0,Good,PM2.5,63.0,42.0,0.02,13.0,63
2006-11-13,56.0,Moderate,PM2.5,64.0,51.0,0.0,9.0,76
2006-11-14,55.0,Moderate,PM2.5,76.0,53.0,0.0,16.0,64
2006-11-15,25.0,Good,Ozone,70.0,49.0,0.03,30.0,48
2006-11-16,52.0,Moderate,PM2.5,56.0,41.0,0.0,17.0,48
2006-11-17,55.0,Moderate,NO2,68.0,43.0,0.0,10.0,46
2006-11-18,60.0,Moderate,PM2.5,67.0,42.0,0.0,8.0,62
2006-11-19,47.0,Good,PM2.5,60.0,42.0,0.0,8.0,53
2006-11-20,63.0,Moderate,PM2.5,58.0,38.0,0.0,5.0,60
2006-11-21,53.0,Moderate,PM2.5,66.0,40.0,0.0,12.0,46
2006-11-22,54.0,Moderate,PM2.5,72.0,47.0,0.0,11.0,44
2006-11-23,42.0,Good,PM2.5,75.0,49.0,0.0,12.0,58
2006-11-24,31.0,Good,Ozone,74.0,55.0,0.0,13.0,73
2006-11-25,57.0,Moderate,PM2.5,71.0,54.0,0.0,13.0,72
2006-11-26,63.0,Moderate,PM2.5,72.0,56.0,0.0,12.0,70
2006-11-27,51.0,Moderate,PM2.5,72.0,63.0,0.0,15.0,83
2006-11-28,53.0,Moderate,PM2.5,78.0,64.0,0.05,15.0,81
2006-11-29,41.0,Good,PM2.5,75.0,66.0,0.39,17.0,85
2006-11-30,26.0,Good,Ozone,65.0,31.0,1.33,22.0,77
2006-12-01,54.0,Moderate,PM2.5,47.0,29.0,0.0,18.0,55
2006-12-02,57.0,Moderate,PM2.5,52.0,35.0,0.0,7.0,62
2006-12-03,54.0,Moderate,PM2.5,45.0,33.0,0.0,16.0,58
2006-12-04,55.0,Moderate,PM2.5,49.0,28.0,0.0,7.0,58
2006-12-05,53.0,Moderate,PM2.5,57.0,33.0,0.0,13.0,49
2006-12-06,54.0,Moderate,PM2.5,60.0,45.0,0.0,13.0,65
2006-12-07,35.0,Good,PM2.5,48.0,33.0,0.0,18.0,53
2006-12-08,50.0,Good,PM2.5,41.0,26.0,0.0,8.0,46
2006-12-09,55.0,Moderate,PM2.5,51.0,33.0,0.0,12.0,37
2006-12-10,62.0,Moderate,PM2.5,52.0,43.0,0.02,12.0,66
2006-12-11,44.0,Good,PM2.5,71.0,53.0,0.01,15.0,82
2006-12-12,54.0,Moderate,PM2.5,65.0,44.0,0.0,8.0,64
2006-12-13,62.0,Moderate,NO2,69.0,40.0,0.0,9.0,57
2006-12-14,53.0,Moderate,PM2.5,71.0,48.0,0.0,11.0,53
2006-12-15,59.0,Moderate,PM2.5,73.0,55.0,0.0,14.0,78
2006-12-16,46.0,Good,PM2.5,75.0,61.0,0.0,21.0,77
2006-12-17,47.0,Good,PM2.5,76.0,62.0,0.01,16.0,79
2006-12-18,58.0,Moderate,PM2.5,72.0,60.0,0.03,9.0,87
2006-12-19,90.0,Moderate,PM2.5,64.0,56.0,0.08,14.0,90
2006-12-20,51.0,Moderate,PM2.5,64.0,53.0,0.54,18.0,79
2006-12-21,32.0,Good,NO2,60.0,43.0,0.0,9.0,58
2006-12-22,38.0,Good,NO2,53.0,38.0,0.0,11.0,58
2006-12-23,57.0,Moderate,PM2.5,54.0,37.0,0.0,9.0,73
2006-12-24,61.0,Moderate,PM2.5,47.0,44.0,0.58,9.0,83
2006-12-25,31.0,Good,Ozone,50.0,41.0,0.33,21.0,63
2006-12-26,35.0,Good,NO2,50.0,32.0,0.0,12.0,51
2006-12-27,33.0,Good,Ozone,60.0,39.0,0.0,19.0,55
2006-12-28,36.0,Good,PM2.5,65.0,48.0,0.0,20.0,79
2006-12-29,77.0,Moderate,Ozone,64.0,59.0,1.47,20.0,92
2006-12-30,40.0,Good,Ozone,62.0,49.0,0.64,14.0,70
2006-12-31,34.0,Good,PM2.5,51.0,41.0,0.0,15.0,56
2007-01-01,45.0,Good,Ozone,49.0,35.0,0.0,11.0,58
2007-01-02,50.0,Good,NO2,51.0,31.0,0.0,6.0,69
2007-01-03,71.0,Moderate,PM2.5,51.0,37.0,0.0,8.0,76
2007-01-04,46.0,Good,PM2.5,59.0,44.0,0.62,10.0,84
2007-01-05,56.0,Moderate,PM2.5,63.0,44.0,0.0,9.0,86
2007-01-06,53.0,Moderate,PM2.5,53.0,45.0,0.01,12.0,78
2007-01-07,30.0,Good,Ozone,57.0,40.0,0.02,16.0,66
2007-01-08,48.0,Good,NO2,59.0,33.0,0.0,9.0,60
2007-01-09,50.0,Good,NO2,58.0,38.0,0.0,11.0,58
2007-01-10,46.0,Good,NO2,62.0,38.0,0.0,18.0,59
2007-01-11,31.0,Good,PM2.5,67.0,52.0,0.0,25.0,76
2007-01-12,43.0,Good,PM2.5,68.0,62.0,0.44,17.0,88
2007-01-13,24.0,Good,PM2.5,63.0,35.0,1.8,12.0,98
2007-01-14,41.0,Good,PM2.5,37.0,33.0,0.5,12.0,93
2007-01-15,30.0,Good,Ozone,35.0,28.0,0.19,15.0,63
2007-01-16,35.0,Good,PM2.5,34.0,28.0,0.0,13.0,47
2007-01-17,57.0,Moderate,PM2.5,32.0,29.0,0.03,8.0,60
2007-01-18,68.0,Moderate,PM2.5,40.0,30.0,0.03,8.0,82
2007-01-19,61.0,Moderate,PM2.5,42.0,36.0,0.15,9.0,79
2007-01-20,37.0,Good,PM2.5,40.0,36.0,0.76,12.0,91
2007-01-21,30.0,Good,Ozone,58.0,35.0,0.0,10.0,75
2007-01-22,52.0,Moderate,PM2.5,44.0,33.0,0.0,15.0,70
2007-01-23,68.0,Moderate,PM2.5,47.0,30.0,0.01,7.0,72
2007-01-24,62.0,Moderate,PM2.5,51.0,37.0,0.0,9.0,69
2007-01-25,62.0,Moderate,PM2.5,56.0,34.0,0.0,7.0,76
2007-01-26,56.0,Moderate,NO2,60.0,33.0,0.0,9.0,72
2007-01-27,45.0,Good,PM2.5,60.0,42.0,0.03,17.0,67
2007-01-28,36.0,Good,NO2,43.0,31.0,0.0,13.0,52
2007-01-29,50.0,Good,PM2.5,51.0,32.0,0.0,11.0,62
2007-01-30,39.0,Good,PM2.5,47.0,35.0,0.0,15.0,59
2007-01-31,49.0,Good,PM2.5,43.0,29.0,0.06,11.0,64
2007-02-01,68.0,Moderate,PM2.5,42.0,34.0,0.31,9.0,92
2007-02-02,65.0,Moderate,PM2.5,38.0,29.0,0.02,10.0,73
2007-02-03,60.0,Moderate,PM2.5,52.0,25.0,0.0,13.0,67
2007-02-04,63.0,Moderate,PM2.5,56.0,31.0,0.0,10.0,79
2007-02-05,62.0,Moderate,PM2.5,61.0,34.0,0.0,7.0,82
2007-02-06,53.0,Moderate,PM2.5,67.0,45.0,0.0,15.0,72
2007-02-07,49.0,Good,PM2.5,70.0,49.0,0.0,11.0,78
2007-02-08,93.0,Moderate,PM2.5,56.0,42.0,0.01,11.0,80
2007-02-09,52.0,Moderate,PM2.5,45.0,38.0,0.01,9.0,77
2007-02-10,73.0,Moderate,PM2.5,46.0,37.0,0.0,6.0,71
2007-02-11,69.0,Moderate,PM2.5,49.0,40.0,0.0,11.0,75
2007-02-12,66.0,Moderate,PM2.5,60.0,48.0,0.33,14.0,92
2007-02-13,59.0,Moderate,PM2.5,55.0,35.0,0.0,21.0,69
2007-02-14,61.0,Moderate,PM2.5,35.0,29.0,0.0,13.0,57
2007-02-15,53.0,Moderate,PM2.5,34.0,26.0,0.0,12.0,57
2007-02-16,82.0,Moderate,NO2,44.0,21.0,0.0,15.0,58
2007-02-17,37.0,Good,NO2,56.0,36.0,0.0,20.0,55
2007-02-18,35.0,Good,NO2,59.0,32.0,0.0,12.0,59
2007-02-19,40.0,Good,Ozone,68.0,44.0,0.0,19.0,59
2007-02-20,44.0,Good,PM2.5,77.0,55.0,0.0,18.0,58
2007-02-21,57.0,Moderate,NO2,74.0,44.0,0.0,7.0,51
2007-02-22,65.0,Moderate,NO2,77.0,44.0,0.0,10.0,62
2007-02-23,58.0,Moderate,PM2.5,69.0,57.0,0.03,17.0,80
2007-02-24,71.0,Moderate,PM2.5,69.0,55.0,0.22,28.0,56
2007-02-25,45.0,Good,NO2,61.0,44.0,0.0,17.0,39
2007-02-26,40.0,Good,Ozone,74.0,49.0,0.0,15.0,37
2007-02-27,59.0,Moderate,PM2.5,78.0,46.0,0.0,17.0,55
2007-02-28,65.0,Moderate,PM2.5,77.0,62.0,0.0,21.0,74
2007-03-01,52.0,Moderate,PM2.5,67.0,51.0,0.0,18.0,42
2007-03-02,46.0,Good,NO2,62.0,44.0,0.0,12.0,34
2007-03-03,45.0,Good,NO2,53.0,41.0,0.0,15.0,34
2007-03-04,47.0,Good,NO2,57.0,34.0,0.0,9.0,37
2007-03-05,43.0,Good,NO2,69.0,35.0,0.0,8.0,35
2007-03-06,58.0,Moderate,Ozone,70.0,45.0,0.0,11.0,29
2007-03-07,53.0,Moderate,PM2.5,74.0,47.0,0.0,11.0,53
2007-03-08,55.0,Moderate,PM2.5,77.0,49.0,0.0,8.0,54
2007-03-09,54.0,Moderate,PM2.5,79.0,57.0,0.02,12.0,56
2007-03-10,71.0,Moderate,Ozone,81.0,50.0,0.0,8.0,47
2007-03-11,55.0,Moderate,PM2.5,78.0,62.0,0.0,12.0,55
2007-03-12,60.0,Moderate,PM2.5,71.0,61.0,0.94,9.0,86
2007-03-13,58.0,Moderate,PM2.5,76.0,61.0,0.41,10.0,91
2007-03-14,42.0,Good,NO2,71.0,57.0,0.0,9.0,81
2007-03-15,52.0,Moderate,PM2.5,77.0,52.0,0.0,16.0,75
2007-03-16,45.0,Good,PM2.5,66.0,52.0,0.03,15.0,55
2007-03-17,59.0,Moderate,PM2.5,69.0,44.0,0.0,11.0,56
2007-03-18,55.0,Moderate,PM2.5,72.0,57.0,0.0,16.0,76
2007-03-19,53.0,Moderate,PM2.5,75.0,64.0,0.0,20.0,72
2007-03-20,56.0,Moderate,PM2.5,74.0,62.0,0.06,18.0,75
2007-03-21,57.0,Moderate,PM2.5,77.0,64.0,0.06,20.0,77
2007-03-22,62.0,Moderate,PM2.5,73.0,62.0,0.01,14.0,77
2007-03-23,53.0,Moderate,PM2.5,75.0,64.0,0.0,16.0,73
2007-03-24,51.0,Moderate,PM2.5,79.0,61.0,0.04,15.0,73
2007-03-25,52.0,Moderate,PM2.5,77.0,66.0,0.0,12.0,74
2007-03-26,49.0,Good,PM2.5,75.0,65.0,0.72,15.0,82
2007-03-27,38.0,Good,Ozone,77.0,62.0,0.22,13.0,80
2007-03-28,54.0,Moderate,PM2.5,78.0,66.0,0.0,16.0,76
2007-03-29,56.0,Moderate,PM2.5,75.0,66.0,0.43,16.0,85
2007-03-30,52.0,Moderate,PM2.5,71.0,66.0,0.4,20.0,90
2007-03-31,47.0,Good,Ozone,70.0,52.0,0.21,13.0,68
2007-04-01,51.0,Moderate,Ozone,79.0,51.0,0.0,10.0,64
2007-04-02,55.0,Moderate,PM2.5,78.0,59.0,0.04,14.0,75
2007-04-03,57.0,Moderate,PM2.5,83.0,67.0,0.04,16.0,78
2007-04-04,42.0,Good,Ozone,69.0,58.0,0.0,15.0,44
2007-04-05,42.0,Good,PM2.5,64.0,51.0,0.0,11.0,40
2007-04-06,40.0,Good,PM2.5,58.0,46.0,0.0,15.0,49
2007-04-07,34.0,Good,Ozone,45.0,40.0,0.04,14.0,43
2007-04-08,44.0,Good,Ozone,51.0,38.0,0.0,7.0,50
2007-04-09,53.0,Moderate,PM2.5,58.0,41.0,0.03,8.0,54
2007-04-10,55.0,Moderate,PM2.5,75.0,53.0,0.2,17.0,75
2007-04-11,45.0,Good,Ozone,72.0,53.0,0.0,17.0,51
2007-04-12,51.0,Moderate,Ozone,77.0,47.0,0.0,14.0,42
2007-04-13,56.0,Moderate,PM2.5,74.0,60.0,0.59,19.0,73
2007-04-14,37.0,Good,Ozone,58.0,48.0,0.0,21.0,68
2007-04-15,58.0,Moderate,PM2.5,68.0,42.0,0.0,7.0,59
2007-04-16,64.0,Moderate,Ozone,73.0,47.0,0.0,12.0,55
2007-04-17,55.0,Moderate,PM2.5,63.0,54.0,0.24,13.0,82
2007-04-18,53.0,Moderate,NO2,68.0,57.0,0.0,14.0,75
2007-04-19,67.0,Moderate,Ozone,78.0,51.0,0.0,9.0,69
2007-04-20,97.0,Moderate,Ozone,80.0,61.0,0.0,13.0,67
2007-04-21,101.0,Unhealthy for Sensitive Groups,Ozone,80.0,58.0,0.0,17.0,61
2007-04-22,67.0,Moderate,PM2.5,77.0,63.0,0.01,17.0,70
2007-04-23,68.0,Moderate,PM2.5,80.0,65.0,0.01,16.0,73
2007-04-24,66.0,Moderate,PM2.5,78.0,68.0,0.98,20.0,86
2007-04-25,37.0,Good,Ozone,71.0,61.0,0.02,17.0,68
2007-04-26,46.0,Good,Ozone,71.0,53.0,0.0,13.0,57
2007-04-27,77.0,Moderate,Ozone,81.0,54.0,0.0,9.0,61
2007-04-28,151.0,Unhealthy,Ozone,82.0,60.0,0.0,6.0,66
2007-04-29,87.0,Moderate,Ozone,84.0,60.0,0.0,9.0,68
2007-04-30,51.0,Moderate,PM2.5,82.0,68.0,0.39,14.0,76
2007-05-01,32.0,Good,Ozone,70.0,66.0,1.1,13.0,94
2007-05-02,42.0,Good,PM2.5,78.0,67.0,0.06,11.0,86
2007-05-03,35.0,Good,Ozone,76.0,64.0,0.15,14.0,85
2007-05-04,67.0,Moderate,PM2.5,84.0,65.0,0.01,14.0,80
2007-05-05,65.0,Moderate,PM2.5,82.0,70.0,0.11,21.0,81
2007-05-06,55.0,Moderate,PM2.5,84.0,74.0,0.0,19.0,75
2007-05-07,58.0,Moderate,PM2.5,85.0,70.0,0.31,17.0,79
2007-05-08,59.0,Moderate,PM2.5,83.0,69.0,0.0,8.0,73
2007-05-09,61.0,Moderate,PM2.5,80.0,68.0,0.3,7.0,84
2007-05-10,57.0,Moderate,PM2.5,80.0,67.0,0.24,7.0,73
2007-05-11,67.0,Moderate,Ozone,80.0,63.0,0.0,7.0,76
2007-05-12,58.0,Moderate,PM2.5,84.0,64.0,0.0,4.0,72
2007-05-13,71.0,Moderate,Ozone,84.0,66.0,0.0,5.0,70
2007-05-14,84.0,Moderate,Ozone,87.0,67.0,0.02,7.0,70
2007-05-15,87.0,Moderate,Ozone,87.0,70.0,0.0,13.0,59
2007-05-16,48.0,Good,Ozone,78.0,63.0,0.0,14.0,54
2007-05-17,84.0,Moderate,Ozone,80.0,59.0,0.0,8.0,48
2007-05-18,97.0,Moderate,Ozone,80.0,64.0,0.0,7.0,47
2007-05-19,80.0,Moderate,Ozone,77.0,62.0,0.09,8.0,52
2007-05-20,100.0,Moderate,Ozone,84.0,62.0,0.0,8.0,48
2007-05-21,66.0,Moderate,PM2.5,78.0,67.0,0.17,14.0,71
2007-05-22,55.0,Moderate,PM2.5,80.0,66.0,0.49,16.0,85
2007-05-23,59.0,Moderate,PM2.5,83.0,70.0,0.06,15.0,76
2007-05-24,55.0,Moderate,PM2.5,83.0,71.0,0.13,15.0,80
2007-05-25,44.0,Good,PM2.5,75.0,68.0,1.34,6.0,92
2007-05-26,55.0,Moderate,PM2.5,74.0,68.0,0.93,12.0,91
2007-05-27,36.0,Good,PM2.5,75.0,67.0,0.98,11.0,92
2007-05-28,37.0,Good,PM2.5,76.0,66.0,0.57,10.0,90
2007-05-29,35.0,Good,Ozone,77.0,68.0,0.58,10.0,87
2007-05-30,37.0,Good,Ozone,79.0,67.0,0.4,12.0,87
2007-05-31,48.0,Good,PM2.5,84.0,67.0,0.16,12.0,81
2007-06-01,53.0,Moderate,PM2.5,83.0,71.0,0.0,14.0,75
2007-06-02,119.0,Unhealthy for Sensitive Groups,Ozone,82.0,68.0,0.37,8.0,80
2007-06-03,58.0,Moderate,Ozone,82.0,69.0,0.02,8.0,79
2007-06-04,46.0,Good,PM2.5,83.0,68.0,0.12,7.0,74
2007-06-05,126.0,Unhealthy for Sensitive Groups,Ozone,87.0,65.0,0.0,8.0,67
2007-06-06,77.0,Moderate,Ozone,87.0,69.0,0.0,17.0,65
2007-06-07,65.0,Moderate,PM2.5,89.0,74.0,0.0,21.0,71
2007-06-08,57.0,Moderate,PM2.5,83.0,74.0,0.15,15.0,80
2007-06-09,61.0,Moderate,PM2.5,88.0,73.0,0.11,7.0,81
2007-06-10,68.0,Moderate,PM2.5,90.0,74.0,0.0,8.0,70
2007-06-11,72.0,Moderate,PM2.5,91.0,75.0,0.0,8.0,65
2007-06-12,66.0,Moderate,PM2.5,91.0,73.0,0.0,6.0,67
2007-06-13,63.0,Moderate,PM2.5,90.0,74.0,0.02,12.0,68
2007-06-14,57.0,Moderate,PM2.5,87.0,73.0,0.79,9.0,76
2007-06-15,48.0,Good,Ozone,83.0,72.0,0.83,10.0,84
2007-06-16,34.0,Good,Ozone,77.0,69.0,1.48,10.0,92
2007-06-17,38.0,Good,PM2.5,79.0,71.0,0.77,15.0,92
2007-06-18,46.0,Good,PM2.5,88.0,73.0,0.12,17.0,78
2007-06-19,57.0,Moderate,PM2.5,90.0,73.0,0.27,12.0,77
2007-06-20,52.0,Moderate,PM2.5,85.0,72.0,0.59,9.0,86
2007-06-21,58.0,Moderate,PM2.5,83.0,74.0,0.04,9.0,82
2007-06-22,54.0,Moderate,PM2.5,85.0,72.0,0.21,8.0,82
2007-06-23,73.0,Moderate,PM2.5,86.0,73.0,0.0,13.0,70
2007-06-24,72.0,Moderate,PM2.5,85.0,70.0,0.02,12.0,72
2007-06-25,58.0,Moderate,PM2.5,82.0,74.0,0.51,13.0,83
2007-06-26,65.0,Moderate,PM2.5,83.0,74.0,1.0,15.0,91
2007-06-27,61.0,Moderate,PM2.5,82.0,71.0,3.3,12.0,92
2007-06-28,54.0,Moderate,PM2.5,81.0,72.0,1.0,13.0,91
2007-06-29,61.0,Moderate,PM2.5,86.0,73.0,0.14,11.0,80
2007-06-30,51.0,Moderate,PM2.5,85.0,73.0,0.32,9.0,84
2007-07-01,47.0,Good,PM2.5,86.0,74.0,0.3,7.0,83
2007-07-02,60.0,Moderate,PM2.5,85.0,73.0,0.47,10.0,87
2007-07-03,55.0,Moderate,PM2.5,86.0,72.0,0.16,7.0,85
2007-07-04,40.0,Good,PM2.5,84.0,72.0,0.69,8.0,88
2007-07-05,42.0,Good,PM2.5,78.0,71.0,0.33,11.0,92
2007-07-06,48.0,Good,PM2.5,83.0,71.0,0.61,8.0,86
2007-07-07,112.0,Unhealthy for Sensitive Groups,Ozone,89.0,71.0,0.0,8.0,74
2007-07-08,61.0,Moderate,PM2.5,87.0,73.0,0.05,11.0,82
2007-07-09,61.0,Moderate,PM2.5,88.0,76.0,0.07,13.0,82
2007-07-10,64.0,Moderate,PM2.5,86.0,76.0,0.17,16.0,80
2007-07-11,68.0,Moderate,PM2.5,90.0,76.0,0.26,7.0,82
2007-07-12,67.0,Moderate,PM2.5,90.0,75.0,0.0,7.0,74
2007-07-13,44.0,Good,PM2.5,87.0,74.0,1.59,10.0,82
2007-07-14,48.0,Good,Ozone,84.0,72.0,0.21,6.0,79
2007-07-15,77.0,Moderate,Ozone,88.0,70.0,0.0,5.0,74
2007-07-16,90.0,Moderate,Ozone,89.0,71.0,0.0,8.0,70
2007-07-17,55.0,Moderate,PM2.5,88.0,73.0,0.01,10.0,76
2007-07-18,61.0,Moderate,PM2.5,89.0,72.0,0.0,14.0,74
2007-07-19,45.0,Good,PM2.5,87.0,72.0,0.07,13.0,76
2007-07-20,44.0,Good,PM2.5,86.0,74.0,0.24,8.0,82
2007-07-21,55.0,Moderate,PM2.5,88.0,72.0,0.03,8.0,81
2007-07-22,61.0,Moderate,PM2.5,89.0,74.0,0.01,8.0,78
2007-07-23,90.0,Moderate,Ozone,87.0,73.0,0.01,8.0,74
2007-07-24,108.0,Unhealthy for Sensitive Groups,Ozone,86.0,68.0,0.0,7.0,63
2007-07-25,136.0,Unhealthy for Sensitive Groups,Ozone,87.0,70.0,0.0,7.0,64
2007-07-26,54.0,Moderate,PM2.5,87.0,70.0,0.04,9.0,76
2007-07-27,48.0,Good,PM2.5,85.0,73.0,0.09,6.0,80
2007-07-28,55.0,Moderate,PM2.5,86.0,74.0,0.22,9.0,81
2007-07-29,58.0,Moderate,PM2.5,87.0,75.0,0.23,6.0,82
2007-07-30,57.0,Moderate,PM2.5,88.0,75.0,0.2,5.0,83
2007-07-31,65.0,Moderate,PM2.5,90.0,76.0,0.36,6.0,81
2007-08-01,56.0,Moderate,PM2.5,88.0,76.0,0.26,7.0,87
2007-08-02,63.0,Moderate,PM2.5,88.0,75.0,0.04,6.0,83
2007-08-03,70.0,Moderate,PM2.5,90.0,74.0,0.0,5.0,75
2007-08-04,66.0,Moderate,PM2.5,90.0,76.0,0.0,8.0,70
2007-08-05,59.0,Moderate,PM2.5,91.0,76.0,0.0,10.0,68
2007-08-06,53.0,Moderate,PM2.5,93.0,77.0,0.0,12.0,65
2007-08-07,62.0,Moderate,PM2.5,93.0,76.0,0.0,12.0,66
2007-08-08,66.0,Moderate,PM2.5,94.0,78.0,0.0,13.0,65
2007-08-09,70.0,Moderate,PM2.5,95.0,76.0,0.0,10.0,62
2007-08-10,80.0,Moderate,Ozone,94.0,73.0,0.0,6.0,62
2007-08-11,105.0,Unhealthy for Sensitive Groups,Ozone,96.0,78.0,0.0,6.0,62
2007-08-12,133.0,Unhealthy for Sensitive Groups,Ozone,97.0,77.0,0.0,6.0,62
2007-08-13,112.0,Unhealthy for Sensitive Groups,Ozone,100.0,79.0,0.0,7.0,55
2007-08-14,179.0,Unhealthy,Ozone,99.0,75.0,0.0,6.0,54
2007-08-15,133.0,Unhealthy for Sensitive Groups,Ozone,99.0,82.0,0.0,8.0,51
2007-08-16,70.0,Moderate,PM2.5,96.0,80.0,0.0,10.0,56
2007-08-17,53.0,Moderate,PM2.5,90.0,79.0,0.06,10.0,75
2007-08-18,46.0,Good,PM2.5,89.0,78.0,0.08,14.0,78
2007-08-19,67.0,Moderate,PM2.5,93.0,79.0,0.0,14.0,64
2007-08-20,67.0,Moderate,PM2.5,95.0,79.0,0.0,13.0,60
2007-08-21,54.0,Moderate,PM2.5,94.0,76.0,0.0,11.0,56
2007-08-22,55.0,Moderate,PM2.5,96.0,78.0,0.0,11.0,57
2007-08-23,49.0,Good,PM2.5,97.0,80.0,0.0,13.0,57
2007-08-24,43.0,Good,PM2.5,96.0,79.0,0.0,14.0,55
2007-08-25,57.0,Moderate,PM2.5,94.0,79.0,0.0,11.0,53
2007-08-26,58.0,Moderate,PM2.5,95.0,77.0,0.0,6.0,53
2007-08-27,71.0,Moderate,Ozone,96.0,77.0,0.0,6.0,50
2007-08-28,77.0,Moderate,Ozone,94.0,76.0,0.0,7.0,57
2007-08-29,57.0,Moderate,PM2.5,94.0,77.0,0.02,9.0,61
2007-08-30,58.0,Moderate,Ozone,93.0,76.0,0.1,11.0,66
2007-08-31,77.0,Moderate,Ozone,92.0,76.0,0.01,8.0,63
2007-09-01,90.0,Moderate,Ozone,92.0,75.0,0.0,10.0,50
2007-09-02,76.0,Moderate,PM2.5,91.0,71.0,0.0,8.0,49
2007-09-03,73.0,Moderate,PM2.5,85.0,76.0,0.02,5.0,66
2007-09-04,46.0,Good,PM2.5,85.0,75.0,0.21,8.0,75
2007-09-05,38.0,Good,PM2.5,86.0,74.0,2.94,16.0,84
2007-09-06,44.0,Good,PM2.5,89.0,76.0,0.0,13.0,73
2007-09-07,49.0,Good,PM2.5,90.0,76.0,0.0,13.0,72
2007-09-08,42.0,Good,PM2.5,90.0,77.0,0.0,9.0,71
2007-09-09,37.0,Good,PM2.5,89.0,77.0,0.08,8.0,74
2007-09-10,33.0,Good,NO2,83.0,74.0,0.25,9.0,86
2007-09-11,33.0,Good,Ozone,78.0,71.0,0.0,12.0,73
2007-09-12,52.0,Moderate,PM2.5,80.0,65.0,0.0,7.0,69
2007-09-13,59.0,Moderate,PM2.5,82.0,70.0,0.01,5.0,75
2007-09-14,59.0,Moderate,PM2.5,86.0,69.0,0.03,7.0,75
2007-09-15,62.0,Moderate,PM2.5,85.0,69.0,0.0,10.0,71
2007-09-16,62.0,Moderate,PM2.5,87.0,70.0,0.0,8.0,68
2007-09-17,71.0,Moderate,Ozone,89.0,68.0,0.0,8.0,62
2007-09-18,76.0,Moderate,PM2.5,89.0,70.0,0.0,9.0,57
2007-09-19,65.0,Moderate,PM2.5,88.0,74.0,0.0,8.0,69
2007-09-20,87.0,Moderate,Ozone,88.0,73.0,0.0,8.0,61
2007-09-21,129.0,Unhealthy for Sensitive Groups,Ozone,88.0,68.0,0.0,7.0,57
2007-09-22,133.0,Unhealthy for Sensitive Groups,Ozone,89.0,69.0,0.0,9.0,54
2007-09-23,88.0,Moderate,PM2.5,86.0,69.0,0.07,7.0,64
2007-09-24,81.0,Moderate,PM2.5,89.0,71.0,0.0,10.0,55
2007-09-25,63.0,Moderate,PM2.5,89.0,72.0,0.0,8.0,62
2007-09-26,53.0,Moderate,PM2.5,90.0,74.0,0.0,9.0,66
2007-09-27,77.0,Moderate,Ozone,91.0,71.0,0.02,11.0,71
2007-09-28,58.0,Moderate,Ozone,89.0,71.0,0.0,10.0,58
2007-09-29,61.0,Moderate,Ozone,87.0,68.0,0.0,9.0,44
2007-09-30,51.0,Moderate,PM2.5,89.0,75.0,0.0,14.0,65
2007-10-01,43.0,Good,PM2.5,90.0,74.0,0.0,9.0,69
2007-10-02,56.0,Moderate,PM2.5,91.0,76.0,0.0,12.0,60
2007-10-03,68.0,Moderate,PM2.5,87.0,75.0,0.03,11.0,57
2007-10-04,93.0,Moderate,Ozone,90.0,74.0,0.0,10.0,50
2007-10-05,56.0,Moderate,PM2.5,89.0,74.0,0.0,9.0,61
2007-10-06,51.0,Moderate,PM2.5,81.0,76.0,0.07,10.0,84
2007-10-07,51.0,Moderate,PM2.5,87.0,75.0,0.07,10.0,78
2007-10-08,44.0,Good,PM2.5,88.0,73.0,0.0,10.0,75
2007-10-09,53.0,Moderate,PM2.5,84.0,70.0,0.0,11.0,57
2007-10-10,52.0,Moderate,PM2.5,82.0,59.0,0.0,7.0,53
2007-10-11,61.0,Moderate,Ozone,83.0,61.0,0.0,7.0,59
2007-10-12,84.0,Moderate,Ozone,84.0,62.0,0.0,10.0,53
2007-10-13,84.0,Moderate,Ozone,85.0,65.0,0.0,14.0,49
2007-10-14,52.0,Moderate,PM2.5,84.0,67.0,0.11,15.0,63
2007-10-15,50.0,Good,PM2.5,73.0,66.0,1.56,13.0,87
2007-10-16,56.0,Moderate,PM2.5,73.0,62.0,0.0,11.0,84
2007-10-17,56.0,Moderate,PM2.5,84.0,67.0,0.0,16.0,78
2007-10-18,44.0,Good,NO2,82.0,63.0,0.0,14.0,41
2007-10-19,53.0,Moderate,NO2,76.0,54.0,0.0,7.0,47
2007-10-20,67.0,Moderate,Ozone,84.0,60.0,0.0,17.0,51
2007-10-21,47.0,Good,Ozone,84.0,66.0,0.0,18.0,59
2007-10-22,23.0,Good,Ozone,73.0,53.0,0.52,21.0,76
2007-10-23,40.0,Good,NO2,67.0,51.0,0.0,17.0,45
2007-10-24,36.0,Good,NO2,69.0,55.0,0.0,19.0,46
2007-10-25,42.0,Good,NO2,64.0,48.0,0.0,11.0,50
2007-10-26,53.0,Moderate,PM2.5,66.0,47.0,0.0,7.0,61
2007-10-27,58.0,Moderate,PM2.5,69.0,47.0,0.0,8.0,68
2007-10-28,54.0,Moderate,PM2.5,71.0,51.0,0.0,6.0,69
2007-10-29,56.0,Moderate,PM2.5,70.0,50.0,0.0,6.0,68
2007-10-30,65.0,Moderate,PM2.5,72.0,48.0,0.0,9.0,60
2007-10-31,84.0,Moderate,Ozone,78.0,54.0,0.0,10.0,62
2007-11-01,61.0,Moderate,PM2.5,67.0,55.0,0.0,12.0,63
2007-11-02,69.0,Moderate,PM2.5,71.0,56.0,0.0,8.0,74
2007-11-03,69.0,Moderate,PM2.5,72.0,53.0,0.0,6.0,75
2007-11-04,70.0,Moderate,PM2.5,82.0,57.0,0.0,12.0,66
2007-11-05,68.0,Moderate,PM2.5,82.0,63.0,0.0,19.0,59
2007-11-06,34.0,Good,NO2,64.0,51.0,0.0,18.0,29
2007-11-07,35.0,Good,NO2,61.0,49.0,0.0,8.0,35
2007-11-08,62.0,Moderate,PM2.5,76.0,50.0,0.0,11.0,55
2007-11-09,59.0,Moderate,PM2.5,81.0,59.0,0.0,9.0,70
2007-11-10,53.0,Moderate,PM2.5,78.0,60.0,0.0,13.0,77
2007-11-11,52.0,Moderate,PM2.5,77.0,65.0,0.0,17.0,66
2007-11-12,52.0,Moderate,PM2.5,79.0,65.0,0.02,13.0,71
2007-11-13,56.0,Moderate,PM2.5,80.0,65.0,0.0,11.0,69
2007-11-14,55.0,Moderate,PM2.5,82.0,61.0,0.0,20.0,52
2007-11-15,41.0,Good,NO2,60.0,47.0,0.0,19.0,24
2007-11-16,39.0,Good,NO2,65.0,46.0,0.0,16.0,30
2007-11-17,51.0,Moderate,PM2.5,78.0,56.0,0.0,14.0,49
2007-11-18,39.0,Good,PM2.5,76.0,61.0,0.0,8.0,80
2007-11-19,53.0,Moderate,PM2.5,77.0,57.0,0.0,11.0,76
2007-11-20,50.0,Good,PM2.5,80.0,63.0,0.01,18.0,74
2007-11-21,49.0,Good,PM2.5,75.0,46.0,0.04,18.0,71
2007-11-22,25.0,Good,PM2.5,48.0,38.0,0.03,15.0,51
2007-11-23,48.0,Good,PM2.5,49.0,37.0,0.0,10.0,39
2007-11-24,29.0,Good,PM2.5,49.0,40.0,0.56,13.0,71
2007-11-25,15.0,Good,PM2.5,43.0,40.0,0.88,13.0,89
2007-11-26,52.0,Moderate,PM2.5,55.0,40.0,0.0,13.0,72
2007-11-27,47.0,Good,PM2.5,59.0,39.0,0.0,9.0,70
2007-11-28,49.0,Good,NO2,65.0,46.0,0.0,15.0,74
2007-11-29,53.0,Moderate,PM2.5,59.0,43.0,0.0,16.0,54
2007-11-30,64.0,Moderate,PM2.5,64.0,48.0,0.0,9.0,83
2007-12-01,62.0,Moderate,PM2.5,70.0,61.0,0.0,17.0,83
2007-12-02,34.0,Good,PM2.5,77.0,50.0,0.05,16.0,66
2007-12-03,39.0,Good,NO2,53.0,38.0,0.0,13.0,49
2007-12-04,42.0,Good,NO2,65.0,39.0,0.0,9.0,59
2007-12-05,52.0,Moderate,PM2.5,69.0,44.0,0.0,14.0,66
2007-12-06,54.0,Moderate,PM2.5,64.0,43.0,0.0,14.0,66
2007-12-07,55.0,Moderate,PM2.5,78.0,58.0,0.0,15.0,80
2007-12-08,71.0,Moderate,PM2.5,78.0,65.0,0.01,12.0,82
2007-12-09,46.0,Good,PM2.5,69.0,39.0,1.12,13.0,93
2007-12-10,44.0,Good,PM2.5,53.0,38.0,0.02,9.0,89
2007-12-11,51.0,Moderate,PM2.5,72.0,52.0,0.82,16.0,94
2007-12-12,26.0,Good,PM2.5,50.0,38.0,0.7,15.0,86
2007-12-13,69.0,Moderate,PM2.5,50.0,37.0,0.0,8.0,83
2007-12-14,63.0,Moderate,PM2.5,48.0,38.0,0.57,9.0,93
2007-12-15,29.0,Good,PM2.5,46.0,36.0,0.55,24.0,76
2007-12-16,43.0,Good,PM2.5,47.0,29.0,0.0,13.0,63
2007-12-17,51.0,Moderate,PM2.5,52.0,31.0,0.0,12.0,62
2007-12-18,52.0,Moderate,PM2.5,66.0,42.0,0.0,13.0,73
2007-12-19,59.0,Moderate,PM2.5,64.0,38.0,0.0,10.0,80
2007-12-20,52.0,Moderate,PM2.5,61.0,46.0,0.0,12.0,73
2007-12-21,56.0,Moderate,PM2.5,67.0,41.0,0.0,14.0,69
2007-12-22,37.0,Good,PM2.5,59.0,35.0,0.0,22.0,61
2007-12-23,34.0,Good,NO2,50.0,28.0,0.0,17.0,48
2007-12-24,49.0,Good,PM2.5,53.0,31.0,0.0,6.0,61
2007-12-25,43.0,Good,Ozone,57.0,34.0,0.0,13.0,61
2007-12-26,51.0,Moderate,PM2.5,45.0,41.0,0.67,16.0,74
2007-12-27,57.0,Moderate,PM2.5,47.0,38.0,0.0,11.0,74
2007-12-28,56.0,Moderate,PM2.5,49.0,36.0,0.11,11.0,76
2007-12-29,55.0,Moderate,PM2.5,51.0,29.0,0.0,7.0,74
2007-12-30,54.0,Moderate,PM2.5,58.0,38.0,0.0,9.0,62
2007-12-31,37.0,Good,NO2,55.0,39.0,0.0,16.0,51
2008-01-01,31.0,Good,Ozone,48.0,31.0,0.0,14.0,45
2008-01-02,38.0,Good,PM2.5,41.0,27.0,0.0,8.0,59
2008-01-03,42.0,Good,PM2.5,43.0,27.0,0.0,12.0,55
2008-01-04,54.0,Moderate,PM2.5,60.0,35.0,0.0,21.0,74
2008-01-05,32.0,Good,Ozone,73.0,56.0,0.0,18.0,76
2008-01-06,47.0,Good,PM2.5,74.0,59.0,0.0,21.0,76
2008-01-07,52.0,Moderate,PM2.5,74.0,65.0,0.11,19.0,83
2008-01-08,34.0,Good,PM2.5,69.0,45.0,0.13,20.0,68
2008-01-09,46.0,Good,PM2.5,58.0,40.0,0.0,12.0,65
2008-01-10,41.0,Good,NO2,58.0,43.0,0.0,17.0,51
2008-01-11,47.0,Good,PM2.5,62.0,36.0,0.0,11.0,60
2008-01-12,52.0,Moderate,PM2.5,55.0,44.0,0.0,13.0,60
2008-01-13,56.0,Moderate,PM2.5,57.0,35.0,0.0,6.0,72
2008-01-14,65.0,Moderate,PM2.5,61.0,38.0,0.0,7.0,65
2008-01-15,52.0,Moderate,PM2.5,62.0,37.0,0.0,10.0,58
2008-01-16,59.0,Moderate,PM2.5,56.0,45.0,0.0,12.0,68
2008-01-17,34.0,Good,NO2,45.0,31.0,0.0,16.0,53
2008-01-18,53.0,Moderate,PM2.5,43.0,30.0,0.05,6.0,60
2008-01-19,48.0,Good,PM2.5,42.0,28.0,0.0,14.0,54
2008-01-20,43.0,Good,PM2.5,50.0,26.0,0.0,15.0,53
2008-01-21,38.0,Good,PM2.5,44.0,40.0,0.13,15.0,71
2008-01-22,63.0,Moderate,PM2.5,46.0,34.0,0.02,13.0,80
2008-01-23,66.0,Moderate,PM2.5,41.0,31.0,0.0,8.0,56
2008-01-24,37.0,Good,PM2.5,42.0,29.0,0.01,12.0,44
2008-01-25,56.0,Moderate,PM2.5,38.0,34.0,0.07,9.0,77
2008-01-26,74.0,Moderate,PM2.5,56.0,32.0,0.0,5.0,82
2008-01-27,58.0,Moderate,PM2.5,61.0,31.0,0.0,11.0,76
2008-01-28,66.0,Moderate,PM2.5,64.0,48.0,0.0,21.0,84
2008-01-29,39.0,Good,PM2.5,71.0,39.0,0.01,29.0,59
2008-01-30,35.0,Good,NO2,54.0,33.0,0.0,17.0,42
2008-01-31,50.0,Good,PM2.5,54.0,36.0,0.23,26.0,62
2008-02-01,41.0,Good,PM2.5,56.0,27.0,0.0,16.0,54
2008-02-02,49.0,Good,PM2.5,65.0,43.0,0.0,15.0,51
2008-02-03,59.0,Moderate,PM2.5,76.0,55.0,0.01,14.0,80
2008-02-04,66.0,Moderate,PM2.5,74.0,63.0,0.02,20.0,84
2008-02-05,56.0,Moderate,PM2.5,76.0,47.0,0.12,17.0,75
2008-02-06,41.0,Good,NO2,52.0,35.0,0.0,17.0,46
2008-02-07,43.0,Good,NO2,55.0,41.0,0.0,20.0,45
2008-02-08,42.0,Good,NO2,71.0,39.0,0.0,18.0,41
2008-02-09,46.0,Good,NO2,66.0,40.0,0.0,8.0,47
2008-02-10,56.0,Moderate,PM2.5,72.0,39.0,0.0,8.0,52
2008-02-11,38.0,Good,Ozone,70.0,53.0,0.04,15.0,82
2008-02-12,47.0,Good,PM2.5,61.0,43.0,0.63,17.0,66
2008-02-13,56.0,Moderate,PM2.5,57.0,33.0,0.0,15.0,57
2008-02-14,43.0,Good,PM2.5,70.0,46.0,0.0,20.0,59
2008-02-15,94.0,Moderate,PM2.5,61.0,44.0,0.04,12.0,82
2008-02-16,35.0,Good,PM2.5,61.0,42.0,2.21,14.0,96
2008-02-17,31.0,Good,NO2,57.0,39.0,0.0,18.0,68
2008-02-18,42.0,Good,NO2,56.0,37.0,0.0,7.0,59
2008-02-19,40.0,Good,Ozone,64.0,39.0,0.0,12.0,59
2008-02-20,54.0,Moderate,PM2.5,68.0,49.0,0.0,12.0,77
2008-02-21,59.0,Moderate,PM2.5,63.0,42.0,0.05,12.0,92
2008-02-22,62.0,Moderate,PM2.5,50.0,37.0,0.0,10.0,69
2008-02-23,56.0,Moderate,PM2.5,64.0,37.0,0.0,15.0,74
2008-02-24,63.0,Moderate,PM2.5,59.0,44.0,0.0,10.0,79
2008-02-25,54.0,Moderate,PM2.5,85.0,46.0,0.0,24.0,66
2008-02-26,37.0,Good,Ozone,56.0,40.0,0.0,23.0,47
2008-02-27,42.0,Good,NO2,61.0,32.0,0.0,12.0,50
2008-02-28,48.0,Good,Ozone,69.0,45.0,0.0,22.0,45
2008-02-29,49.0,Good,PM2.5,70.0,54.0,0.0,18.0,71
2008-03-01,53.0,Moderate,PM2.5,74.0,50.0,0.02,15.0,80
2008-03-02,39.0,Good,PM2.5,72.0,60.0,0.94,23.0,79
2008-03-03,27.0,Good,Ozone,66.0,35.0,2.2,20.0,86
2008-03-04,35.0,Good,Ozone,56.0,34.0,0.04,16.0,60
2008-03-05,40.0,Good,Ozone,66.0,45.0,0.0,14.0,44
2008-03-06,54.0,Moderate,PM2.5,50.0,35.0,0.81,16.0,79
2008-03-07,39.0,Good,Ozone,50.0,35.0,0.11,15.0,59
2008-03-08,37.0,Good,Ozone,50.0,26.0,0.0,11.0,50
2008-03-09,53.0,Moderate,PM2.5,67.0,40.0,0.12,11.0,65
2008-03-10,47.0,Good,PM2.5,60.0,50.0,0.2,10.0,84
2008-03-11,52.0,Moderate,PM2.5,66.0,43.0,0.0,8.0,79
2008-03-12,61.0,Moderate,Ozone,75.0,48.0,0.0,15.0,54
2008-03-13,56.0,Moderate,PM2.5,73.0,54.0,0.0,19.0,67
2008-03-14,58.0,Moderate,PM2.5,80.0,48.0,0.0,11.0,58
2008-03-15,56.0,Moderate,PM2.5,66.0,54.0,0.0,17.0,60
2008-03-16,56.0,Moderate,PM2.5,73.0,47.0,0.0,17.0,66
2008-03-17,63.0,Moderate,PM2.5,78.0,65.0,0.26,23.0,76
2008-03-18,39.0,Good,PM2.5,71.0,52.0,1.64,23.0,90
2008-03-19,49.0,Good,NO2,64.0,48.0,0.38,23.0,58
2008-03-20,53.0,Moderate,PM2.5,70.0,45.0,0.0,15.0,51
2008-03-21,77.0,Moderate,Ozone,72.0,50.0,0.0,16.0,56
2008-03-22,51.0,Moderate,PM2.5,71.0,51.0,0.0,13.0,61
2008-03-23,52.0,Moderate,PM2.5,57.0,47.0,0.01,17.0,51
2008-03-24,48.0,Good,Ozone,62.0,38.0,0.0,13.0,52
2008-03-25,61.0,Moderate,Ozone,75.0,51.0,0.0,21.0,58
2008-03-26,54.0,Moderate,PM2.5,78.0,59.0,0.0,21.0,72
2008-03-27,55.0,Moderate,PM2.5,82.0,63.0,0.0,22.0,67
2008-03-28,66.0,Moderate,PM2.5,70.0,56.0,0.01,16.0,77
2008-03-29,72.0,Moderate,PM2.5,66.0,53.0,0.7,8.0,87
2008-03-30,65.0,Moderate,PM2.5,78.0,61.0,0.65,14.0,87
2008-03-31,54.0,Moderate,PM2.5,77.0,68.0,0.25,23.0,89
2008-04-01,44.0,Good,PM2.5,69.0,54.0,0.08,19.0,71
2008-04-02,59.0,Moderate,PM2.5,66.0,57.0,0.03,11.0,77
2008-04-03,62.0,Moderate,PM2.5,79.0,63.0,0.52,22.0,85
2008-04-04,41.0,Good,PM2.5,67.0,52.0,1.33,17.0,75
2008-04-05,55.0,Moderate,PM2.5,66.0,44.0,0.0,7.0,67
2008-04-06,59.0,Moderate,PM2.5,76.0,51.0,0.0,15.0,71
2008-04-07,64.0,Moderate,PM2.5,79.0,57.0,0.0,14.0,76
2008-04-08,63.0,Moderate,PM2.5,78.0,65.0,0.25,18.0,81
2008-04-09,53.0,Moderate,PM2.5,78.0,59.0,1.61,21.0,88
2008-04-10,58.0,Moderate,Ozone,79.0,65.0,0.28,25.0,62
2008-04-11,51.0,Moderate,Ozone,68.0,53.0,0.0,13.0,48
2008-04-12,47.0,Good,Ozone,67.0,49.0,0.0,13.0,52
2008-04-13,48.0,Good,Ozone,62.0,48.0,0.0,17.0,48
2008-04-14,64.0,Moderate,Ozone,62.0,42.0,0.0,6.0,55
2008-04-15,101.0,Unhealthy for Sensitive Groups,Ozone,71.0,47.0,0.0,16.0,50
2008-04-16,56.0,Moderate,PM2.5,78.0,53.0,0.0,21.0,59
2008-04-17,53.0,Moderate,PM2.5,75.0,62.0,0.02,21.0,67
2008-04-18,50.0,Good,Ozone,69.0,50.0,0.25,15.0,56
2008-04-19,105.0,Unhealthy for Sensitive Groups,Ozone,82.0,53.0,0.0,12.0,46
2008-04-20,55.0,Moderate,PM2.5,77.0,58.0,0.0,18.0,59
2008-04-21,65.0,Moderate,PM2.5,84.0,67.0,0.01,16.0,73
2008-04-22,80.0,Moderate,PM2.5,85.0,67.0,0.0,11.0,76
2008-04-23,64.0,Moderate,PM2.5,84.0,66.0,0.11,12.0,74
2008-04-24,55.0,Moderate,PM2.5,82.0,66.0,0.35,18.0,75
2008-04-25,57.0,Moderate,PM2.5,83.0,65.0,0.02,18.0,68
2008-04-26,42.0,Good,PM2.5,73.0,56.0,0.01,12.0,72
2008-04-27,44.0,Good,Ozone,65.0,54.0,0.16,17.0,73
2008-04-28,61.0,Moderate,Ozone,76.0,45.0,0.0,10.0,52
2008-04-29,74.0,Moderate,Ozone,80.0,53.0,0.0,17.0,40
2008-04-30,71.0,Moderate,Ozone,82.0,58.0,0.0,22.0,53
2008-05-01,55.0,Moderate,PM2.5,82.0,68.0,0.0,22.0,68
2008-05-02,93.0,Moderate,Ozone,78.0,63.0,0.07,22.0,56
2008-05-03,51.0,Moderate,Ozone,70.0,53.0,0.0,19.0,50
2008-05-04,74.0,Moderate,Ozone,77.0,51.0,0.0,6.0,56
2008-05-05,61.0,Moderate,PM2.5,74.0,61.0,0.27,11.0,73
2008-05-06,64.0,Moderate,PM2.5,77.0,63.0,0.01,16.0,85
2008-05-07,53.0,Moderate,PM2.5,83.0,67.0,0.15,19.0,69
2008-05-08,90.0,Moderate,Ozone,81.0,62.0,0.0,13.0,65
2008-05-09,97.0,Moderate,Ozone,86.0,70.0,0.0,12.0,60
2008-05-10,72.0,Moderate,PM2.5,88.0,69.0,0.02,15.0,70
2008-05-11,48.0,Good,Ozone,76.0,59.0,0.0,16.0,37
2008-05-12,58.0,Moderate,Ozone,77.0,53.0,0.01,15.0,52
2008-05-13,74.0,Moderate,PM2.5,82.0,68.0,0.01,16.0,76
2008-05-14,52.0,Moderate,PM2.5,75.0,68.0,0.65,10.0,91
2008-05-15,42.0,Good,Ozone,71.0,64.0,0.0,11.0,74
2008-05-16,71.0,Moderate,Ozone,75.0,59.0,0.0,8.0,65
2008-05-17,97.0,Moderate,Ozone,81.0,58.0,0.0,11.0,59
2008-05-18,61.0,Moderate,Ozone,87.0,62.0,0.0,12.0,49
2008-05-19,80.0,Moderate,Ozone,95.0,63.0,0.0,15.0,43
2008-05-20,105.0,Unhealthy for Sensitive Groups,Ozone,91.0,71.0,0.0,13.0,42
2008-05-21,71.0,Moderate,Ozone,91.0,67.0,0.0,19.0,49
2008-05-22,85.0,Moderate,PM2.5,91.0,74.0,0.03,21.0,68
2008-05-23,73.0,Moderate,PM2.5,95.0,75.0,0.01,17.0,66
2008-05-24,76.0,Moderate,PM2.5,90.0,77.0,0.04,17.0,68
2008-05-25,52.0,Moderate,PM2.5,93.0,76.0,0.0,14.0,65
2008-05-26,49.0,Good,PM2.5,92.0,76.0,0.12,15.0,66
2008-05-27,46.0,Good,PM2.5,88.0,75.0,0.02,14.0,73
2008-05-28,101.0,Unhealthy for Sensitive Groups,Ozone,88.0,69.0,0.05,7.0,73
2008-05-29,71.0,Moderate,Ozone,90.0,72.0,0.0,9.0,67
2008-05-30,55.0,Moderate,PM2.5,88.0,74.0,0.0,14.0,61
2008-05-31,43.0,Good,PM2.5,89.0,73.0,0.0,14.0,60
2008-06-01,47.0,Good,PM2.5,92.0,75.0,0.0,14.0,59
2008-06-02,41.0,Good,PM2.5,94.0,75.0,0.0,15.0,54
2008-06-03,41.0,Good,Ozone,96.0,75.0,0.0,21.0,51
2008-06-04,35.0,Good,PM2.5,94.0,76.0,0.0,23.0,54
2008-06-05,48.0,Good,PM2.5,92.0,78.0,0.02,26.0,59
2008-06-06,52.0,Moderate,PM2.5,91.0,78.0,0.02,22.0,64
2008-06-07,41.0,Good,PM2.5,94.0,78.0,0.0,19.0,58
2008-06-08,43.0,Good,PM2.5,94.0,78.0,0.0,18.0,57
2008-06-09,44.0,Good,PM2.5,90.0,77.0,0.1,17.0,64
2008-06-10,43.0,Good,Ozone,90.0,69.0,0.18,12.0,73
2008-06-11,36.0,Good,PM2.5,94.0,76.0,0.0,17.0,59
2008-06-12,42.0,Good,PM2.5,94.0,76.0,0.0,18.0,54
2008-06-13,51.0,Moderate,PM2.5,94.0,76.0,0.0,17.0,54
2008-06-14,52.0,Moderate,PM2.5,92.0,78.0,0.01,13.0,61
2008-06-15,50.0,Good,PM2.5,98.0,78.0,0.0,11.0,52
2008-06-16,56.0,Moderate,PM2.5,97.0,79.0,0.0,12.0,52
2008-06-17,52.0,Moderate,PM2.5,91.0,77.0,0.0,12.0,66
2008-06-18,90.0,Moderate,Ozone,93.0,72.0,0.01,10.0,67
2008-06-19,100.0,Moderate,Ozone,92.0,75.0,0.0,9.0,64
2008-06-20,169.0,Unhealthy,Ozone,91.0,74.0,0.65,7.0,71
2008-06-21,97.0,Moderate,Ozone,90.0,76.0,0.0,9.0,63
2008-06-22,133.0,Unhealthy for Sensitive Groups,Ozone,92.0,69.0,0.0,6.0,55
2008-06-23,115.0,Unhealthy for Sensitive Groups,Ozone,94.0,69.0,0.0,9.0,49
2008-06-24,59.0,Moderate,PM2.5,92.0,74.0,0.0,13.0,52
2008-06-25,63.0,Moderate,PM2.5,93.0,76.0,0.28,16.0,61
2008-06-26,59.0,Moderate,PM2.5,95.0,76.0,0.0,15.0,60
2008-06-27,51.0,Moderate,PM2.5,96.0,76.0,0.0,17.0,56
2008-06-28,47.0,Good,PM2.5,96.0,78.0,0.02,16.0,53
2008-06-29,74.0,Moderate,Ozone,87.0,74.0,0.4,9.0,70
2008-06-30,122.0,Unhealthy for Sensitive Groups,Ozone,89.0,71.0,0.0,7.0,54
2008-07-01,147.0,Unhealthy for Sensitive Groups,Ozone,92.0,71.0,0.0,8.0,47
2008-07-02,119.0,Unhealthy for Sensitive Groups,Ozone,94.0,73.0,0.0,9.0,44
2008-07-03,60.0,Moderate,PM2.5,94.0,75.0,0.0,8.0,50
2008-07-04,56.0,Moderate,PM2.5,94.0,78.0,0.0,12.0,47
2008-07-05,58.0,Moderate,PM2.5,95.0,76.0,0.0,15.0,51
2008-07-06,61.0,Moderate,PM2.5,94.0,77.0,0.0,13.0,49
2008-07-07,58.0,Moderate,PM2.5,96.0,79.0,0.0,12.0,48
2008-07-08,52.0,Moderate,PM2.5,96.0,78.0,0.0,14.0,54
2008-07-09,46.0,Good,Ozone,94.0,77.0,0.0,8.0,59
2008-07-10,51.0,Moderate,PM2.5,96.0,79.0,0.0,11.0,53
2008-07-11,55.0,Moderate,PM2.5,98.0,80.0,0.0,14.0,46
2008-07-12,56.0,Moderate,PM2.5,100.0,80.0,0.0,16.0,44
2008-07-13,84.0,Moderate,Ozone,96.0,80.0,0.14,14.0,58
2008-07-14,90.0,Moderate,Ozone,93.0,75.0,0.08,10.0,69
2008-07-15,56.0,Moderate,PM2.5,92.0,77.0,0.02,7.0,68
2008-07-16,84.0,Moderate,Ozone,93.0,75.0,0.02,7.0,65
2008-07-17,105.0,Unhealthy for Sensitive Groups,Ozone,95.0,77.0,0.0,7.0,48
2008-07-18,71.0,Moderate,Ozone,97.0,77.0,0.0,8.0,45
2008-07-19,58.0,Moderate,Ozone,96.0,79.0,0.0,11.0,43
2008-07-20,58.0,Moderate,Ozone,97.0,79.0,0.0,9.0,45
2008-07-21,59.0,Moderate,PM2.5,98.0,81.0,0.0,7.0,43
2008-07-22,101.0,Unhealthy for Sensitive Groups,Ozone,98.0,81.0,0.0,7.0,43
2008-07-23,45.0,Good,Ozone,97.0,80.0,0.01,11.0,57
2008-07-24,49.0,Good,PM2.5,95.0,78.0,0.0,11.0,59
2008-07-25,74.0,Moderate,PM2.5,97.0,79.0,0.0,12.0,57
2008-07-26,85.0,Moderate,PM2.5,100.0,80.0,0.0,12.0,45
2008-07-27,97.0,Moderate,PM2.5,103.0,82.0,0.0,11.0,33
2008-07-28,63.0,Moderate,PM2.5,102.0,82.0,0.0,12.0,36
2008-07-29,53.0,Moderate,PM2.5,99.0,81.0,0.0,15.0,44
2008-07-30,51.0,Moderate,PM2.5,98.0,81.0,0.0,15.0,48
2008-07-31,101.0,Unhealthy for Sensitive Groups,Ozone,99.0,83.0,0.0,14.0,46
2008-08-01,62.0,Moderate,PM2.5,100.0,83.0,0.02,9.0,47
2008-08-02,54.0,Moderate,Ozone,102.0,84.0,0.0,9.0,42
2008-08-03,84.0,Moderate,Ozone,103.0,83.0,0.0,12.0,37
2008-08-04,126.0,Unhealthy for Sensitive Groups,Ozone,102.0,83.0,0.0,9.0,44
2008-08-05,57.0,Moderate,PM2.5,101.0,83.0,0.0,15.0,43
2008-08-06,53.0,Moderate,PM2.5,91.0,77.0,0.01,17.0,60
2008-08-07,54.0,Moderate,Ozone,97.0,80.0,0.0,10.0,54
2008-08-08,74.0,Moderate,Ozone,93.0,80.0,0.0,10.0,59
2008-08-09,48.0,Good,PM2.5,100.0,80.0,0.0,13.0,49
2008-08-10,46.0,Good,PM2.5,100.0,83.0,0.02,17.0,48
2008-08-11,54.0,Moderate,PM2.5,94.0,79.0,0.47,16.0,67
2008-08-12,37.0,Good,Ozone,88.0,77.0,0.05,11.0,76
2008-08-13,84.0,Moderate,Ozone,92.0,75.0,0.0,7.0,63
2008-08-14,147.0,Unhealthy for Sensitive Groups,Ozone,96.0,74.0,0.0,7.0,52
2008-08-15,90.0,Moderate,Ozone,87.0,77.0,0.22,13.0,63
2008-08-16,55.0,Moderate,PM2.5,83.0,70.0,0.0,10.0,70
2008-08-17,65.0,Moderate,PM2.5,86.0,71.0,0.0,9.0,63
2008-08-18,77.0,Moderate,PM2.5,80.0,73.0,0.39,8.0,81
2008-08-19,62.0,Moderate,PM2.5,81.0,71.0,0.38,8.0,86
2008-08-20,41.0,Good,Ozone,82.0,69.0,0.7,8.0,89
2008-08-21,108.0,Unhealthy for Sensitive Groups,Ozone,87.0,71.0,0.0,8.0,79
2008-08-22,55.0,Moderate,PM2.5,92.0,76.0,0.0,10.0,73
2008-08-23,71.0,Moderate,Ozone,92.0,74.0,0.0,10.0,73
2008-08-24,54.0,Moderate,PM2.5,90.0,74.0,0.0,6.0,69
2008-08-25,87.0,Moderate,Ozone,91.0,75.0,0.02,8.0,66
2008-08-26,84.0,Moderate,Ozone,92.0,73.0,0.02,8.0,65
2008-08-27,71.0,Moderate,Ozone,95.0,77.0,0.02,8.0,60
2008-08-28,58.0,Moderate,PM2.5,95.0,80.0,0.02,8.0,59
2008-08-29,62.0,Moderate,PM2.5,95.0,78.0,0.01,7.0,58
2008-08-30,73.0,Moderate,PM2.5,94.0,77.0,0.02,10.0,64
2008-08-31,74.0,Moderate,PM2.5,93.0,77.0,0.0,11.0,62
2008-09-01,64.0,Moderate,PM2.5,95.0,74.0,0.0,12.0,57
2008-09-02,32.0,Good,PM2.5,87.0,80.0,0.12,20.0,62
2008-09-03,55.0,Moderate,PM2.5,82.0,76.0,0.04,25.0,66
2008-09-04,41.0,Good,Ozone,86.0,68.0,0.0,14.0,58
2008-09-05,51.0,Moderate,Ozone,88.0,67.0,0.0,8.0,64
2008-09-06,49.0,Good,Ozone,91.0,69.0,0.0,10.0,58
2008-09-07,74.0,Moderate,Ozone,92.0,70.0,0.0,10.0,55
2008-09-08,65.0,Moderate,PM2.5,90.0,73.0,0.0,10.0,56
2008-09-09,54.0,Moderate,PM2.5,80.0,74.0,0.18,7.0,79
2008-09-10,71.0,Moderate,PM2.5,82.0,74.0,0.04,10.0,86
2008-09-11,70.0,Moderate,PM2.5,91.0,75.0,0.0,10.0,74
2008-09-12,54.0,Moderate,PM2.5,91.0,77.0,0.0,11.0,67
2008-09-13,19.0,Good,Ozone,80.0,76.0,1.24,24.0,87
2008-09-14,34.0,Good,Ozone,82.0,71.0,0.0,14.0,62
2008-09-15,32.0,Good,Ozone,76.0,63.0,0.0,13.0,49
2008-09-16,40.0,Good,Ozone,78.0,56.0,0.0,8.0,57
2008-09-17,57.0,Moderate,PM2.5,79.0,59.0,0.0,7.0,65
2008-09-18,69.0,Moderate,PM2.5,76.0,61.0,0.0,7.0,68
2008-09-19,75.0,Moderate,PM2.5,82.0,60.0,0.0,6.0,68
2008-09-20,87.0,Moderate,PM2.5,85.0,65.0,0.0,6.0,64
2008-09-21,81.0,Moderate,PM2.5,87.0,66.0,0.0,8.0,60
2008-09-22,61.0,Moderate,PM2.5,88.0,67.0,0.0,10.0,60
2008-09-23,59.0,Moderate,PM2.5,88.0,69.0,0.0,10.0,58
2008-09-24,60.0,Moderate,PM2.5,89.0,69.0,0.0,11.0,59
2008-09-25,90.0,Moderate,Ozone,87.0,67.0,0.0,8.0,60
2008-09-26,86.0,Moderate,PM2.5,86.0,67.0,0.0,7.0,54
2008-09-27,112.0,Unhealthy for Sensitive Groups,Ozone,88.0,67.0,0.0,6.0,51
2008-09-28,105.0,Unhealthy for Sensitive Groups,Ozone,88.0,66.0,0.0,7.0,44
2008-09-29,115.0,Unhealthy for Sensitive Groups,Ozone,89.0,68.0,0.0,7.0,44
2008-09-30,87.0,Moderate,PM2.5,84.0,66.0,0.0,12.0,44
2008-10-01,53.0,Moderate,NO2,86.0,60.0,0.0,6.0,38
2008-10-02,64.0,Moderate,Ozone,85.0,62.0,0.0,9.0,42
2008-10-03,71.0,Moderate,Ozone,91.0,64.0,0.02,11.0,45
2008-10-04,49.0,Good,Ozone,90.0,71.0,0.0,14.0,44
2008-10-05,54.0,Moderate,PM2.5,87.0,68.0,0.0,14.0,46
2008-10-06,58.0,Moderate,PM2.5,80.0,71.0,0.41,15.0,78
2008-10-07,35.0,Good,Ozone,77.0,64.0,0.0,18.0,63
2008-10-08,40.0,Good,Ozone,80.0,54.0,0.0,6.0,46
2008-10-09,54.0,Moderate,PM2.5,82.0,57.0,0.0,7.0,51
2008-10-10,64.0,Moderate,Ozone,83.0,60.0,0.0,12.0,55
2008-10-11,68.0,Moderate,PM2.5,83.0,64.0,0.0,12.0,62
2008-10-12,67.0,Moderate,PM2.5,81.0,67.0,0.0,14.0,61
2008-10-13,58.0,Moderate,PM2.5,81.0,70.0,0.0,12.0,65
2008-10-14,56.0,Moderate,PM2.5,81.0,71.0,0.09,12.0,79
2008-10-15,55.0,Moderate,PM2.5,76.0,63.0,0.71,12.0,86
2008-10-16,34.0,Good,PM2.5,65.0,60.0,0.0,12.0,73
2008-10-17,47.0,Good,PM2.5,75.0,62.0,0.0,5.0,71
2008-10-18,51.0,Moderate,PM2.5,77.0,58.0,0.0,7.0,61
2008-10-19,55.0,Moderate,PM2.5,76.0,55.0,0.0,8.0,58
2008-10-20,64.0,Moderate,Ozone,82.0,58.0,0.0,9.0,59
2008-10-21,71.0,Moderate,PM2.5,80.0,60.0,0.0,12.0,61
2008-10-22,51.0,Moderate,PM2.5,76.0,55.0,0.33,19.0,69
2008-10-23,34.0,Good,NO2,67.0,46.0,0.0,12.0,43
2008-10-24,49.0,Good,PM2.5,69.0,46.0,0.0,11.0,46
2008-10-25,60.0,Moderate,NO2,74.0,48.0,0.0,7.0,57
2008-10-26,51.0,Moderate,PM2.5,83.0,60.0,0.0,20.0,53
2008-10-27,47.0,Good,PM2.5,61.0,49.0,0.0,20.0,28
2008-10-28,42.0,Good,PM2.5,64.0,41.0,0.0,6.0,44
2008-10-29,48.0,Good,PM2.5,75.0,49.0,0.0,11.0,32
2008-10-30,60.0,Moderate,PM2.5,79.0,55.0,0.0,14.0,49
2008-10-31,51.0,Moderate,PM2.5,81.0,60.0,0.0,13.0,63
2008-11-01,54.0,Moderate,PM2.5,82.0,61.0,0.0,8.0,59
2008-11-02,56.0,Moderate,PM2.5,82.0,60.0,0.0,11.0,57
2008-11-03,58.0,Moderate,PM2.5,78.0,61.0,0.0,11.0,56
2008-11-04,56.0,Moderate,PM2.5,78.0,58.0,0.0,15.0,57
2008-11-05,41.0,Good,PM2.5,82.0,64.0,0.0,21.0,63
2008-11-06,43.0,Good,NO2,72.0,58.0,0.05,21.0,44
2008-11-07,47.0,Good,NO2,70.0,49.0,0.0,13.0,36
2008-11-08,47.0,Good,PM2.5,71.0,50.0,0.0,9.0,34
2008-11-09,42.0,Good,Ozone,72.0,48.0,0.0,12.0,44
2008-11-10,59.0,Moderate,PM2.5,67.0,55.0,1.1,19.0,74
2008-11-11,42.0,Good,PM2.5,72.0,58.0,0.31,13.0,85
2008-11-12,52.0,Moderate,PM2.5,67.0,56.0,0.0,6.0,85
2008-11-13,59.0,Moderate,PM2.5,71.0,49.0,0.0,11.0,78
2008-11-14,44.0,Good,PM2.5,72.0,56.0,0.0,21.0,69
2008-11-15,29.0,Good,NO2,54.0,44.0,0.0,18.0,39
2008-11-16,40.0,Good,NO2,66.0,38.0,0.0,9.0,51
2008-11-17,55.0,Moderate,NO2,73.0,44.0,0.0,7.0,48
2008-11-18,42.0,Good,PM2.5,60.0,47.0,0.0,12.0,57
2008-11-19,52.0,Moderate,PM2.5,75.0,46.0,0.0,12.0,59
2008-11-20,61.0,Moderate,PM2.5,63.0,47.0,0.0,19.0,53
2008-11-21,42.0,Good,PM2.5,48.0,37.0,0.0,18.0,42
2008-11-22,55.0,Moderate,PM2.5,56.0,39.0,0.0,10.0,53
2008-11-23,60.0,Moderate,PM2.5,68.0,53.0,0.02,16.0,76
2008-11-24,41.0,Good,NO2,64.0,48.0,0.0,17.0,59
2008-11-25,45.0,Good,NO2,69.0,38.0,0.0,10.0,51
2008-11-26,54.0,Moderate,PM2.5,71.0,51.0,0.0,12.0,42
2008-11-27,61.0,Moderate,PM2.5,68.0,43.0,0.0,6.0,56
2008-11-28,61.0,Moderate,PM2.5,59.0,51.0,0.16,9.0,77
2008-11-29,52.0,Moderate,PM2.5,57.0,44.0,0.02,13.0,75
2008-11-30,31.0,Good,Ozone,58.0,45.0,0.0,27.0,35
2008-12-01,37.0,Good,NO2,50.0,39.0,0.0,19.0,36
2008-12-02,35.0,Good,PM2.5,63.0,36.0,0.0,18.0,43
2008-12-03,33.0,Good,PM2.5,73.0,45.0,0.0,21.0,59
2008-12-04,28.0,Good,Ozone,49.0,35.0,0.0,17.0,38
2008-12-05,46.0,Good,PM2.5,47.0,34.0,0.0,11.0,41
2008-12-06,56.0,Moderate,PM2.5,59.0,34.0,0.0,6.0,47
2008-12-07,64.0,Moderate,PM2.5,64.0,37.0,0.0,14.0,49
2008-12-08,51.0,Moderate,PM2.5,68.0,51.0,0.09,23.0,77
2008-12-09,56.0,Moderate,PM2.5,64.0,37.0,0.67,21.0,71
2008-12-10,26.0,Good,PM2.5,41.0,31.0,0.0,19.0,53
2008-12-11,61.0,Moderate,PM2.5,54.0,31.0,0.0,11.0,48
2008-12-12,55.0,Moderate,PM2.5,60.0,34.0,0.0,12.0,64
2008-12-13,34.0,Good,Ozone,67.0,46.0,0.0,26.0,58
2008-12-14,59.0,Moderate,PM2.5,75.0,60.0,0.0,22.0,70
2008-12-15,41.0,Good,PM2.5,63.0,29.0,0.04,22.0,51
2008-12-16,62.0,Moderate,PM2.5,35.0,27.0,0.02,10.0,83
2008-12-17,68.0,Moderate,PM2.5,46.0,35.0,0.01,7.0,91
2008-12-18,58.0,Moderate,PM2.5,67.0,46.0,0.04,17.0,98
2008-12-19,56.0,Moderate,PM2.5,69.0,55.0,0.09,16.0,72
2008-12-20,62.0,Moderate,PM2.5,67.0,42.0,0.0,16.0,63
2008-12-21,39.0,Good,PM2.5,41.0,29.0,0.0,17.0,38
2008-12-22,40.0,Good,PM2.5,33.0,24.0,0.0,13.0,34
2008-12-23,58.0,Moderate,PM2.5,51.0,33.0,0.06,13.0,76
2008-12-24,49.0,Good,PM2.5,54.0,40.0,0.02,17.0,71
2008-12-25,52.0,Moderate,PM2.5,64.0,38.0,0.0,12.0,82
2008-12-26,53.0,Moderate,PM2.5,77.0,64.0,0.07,23.0,86
2008-12-27,39.0,Good,PM2.5,71.0,47.0,0.44,21.0,59
2008-12-28,39.0,Good,NO2,55.0,38.0,0.0,7.0,49
2008-12-29,52.0,Moderate,PM2.5,63.0,35.0,0.0,8.0,57
2008-12-30,44.0,Good,PM2.5,70.0,42.0,0.0,13.0,49
2008-12-31,33.0,Good,NO2,51.0,40.0,0.0,19.0,47
2009-01-01,57.0,Moderate,PM2.5,63.0,37.0,0.0,15.0,63
2009-01-02,55.0,Moderate,PM2.5,71.0,48.0,0.0,15.0,76
2009-01-03,55.0,Moderate,PM2.5,79.0,60.0,0.0,16.0,75
2009-01-04,56.0,Moderate,PM2.5,64.0,38.0,0.03,17.0,57
2009-01-05,51.0,Moderate,PM2.5,37.0,33.0,0.39,11.0,69
2009-01-06,25.0,Good,PM2.5,63.0,35.0,0.07,17.0,59
2009-01-07,52.0,Moderate,PM2.5,63.0,39.0,0.0,10.0,37
2009-01-08,57.0,Moderate,NO2,68.0,41.0,0.0,7.0,48
2009-01-09,55.0,Moderate,PM2.5,76.0,51.0,0.02,20.0,77
2009-01-10,59.0,Moderate,PM2.5,65.0,38.0,0.0,19.0,47
2009-01-11,39.0,Good,NO2,58.0,29.0,0.0,10.0,49
2009-01-12,35.0,Good,Ozone,63.0,39.0,0.0,15.0,41
2009-01-13,44.0,Good,PM2.5,49.0,32.0,0.0,21.0,37
2009-01-14,52.0,Moderate,PM2.5,60.0,35.0,0.0,12.0,40
2009-01-15,49.0,Good,PM2.5,44.0,31.0,0.0,14.0,46
2009-01-16,56.0,Moderate,PM2.5,41.0,27.0,0.0,10.0,53
2009-01-17,55.0,Moderate,PM2.5,68.0,41.0,0.0,15.0,58
2009-01-18,38.0,Good,NO2,64.0,42.0,0.0,12.0,40
2009-01-19,40.0,Good,NO2,59.0,46.0,0.0,18.0,34
2009-01-20,40.0,Good,NO2,54.0,40.0,0.0,16.0,48
2009-01-21,51.0,Moderate,PM2.5,70.0,36.0,0.0,11.0,45
2009-01-22,57.0,Moderate,PM2.5,77.0,36.0,0.0,18.0,43
2009-01-23,54.0,Moderate,PM2.5,79.0,56.0,0.0,20.0,36
2009-01-24,50.0,Good,PM2.5,53.0,36.0,0.0,20.0,49
2009-01-25,56.0,Moderate,PM2.5,54.0,38.0,0.0,7.0,48
2009-01-26,55.0,Moderate,PM2.5,48.0,42.0,0.23,11.0,87
2009-01-27,34.0,Good,PM2.5,46.0,29.0,0.46,15.0,94
2009-01-28,68.0,Moderate,PM2.5,41.0,24.0,0.23,14.0,66
2009-01-29,68.0,Moderate,PM2.5,53.0,27.0,0.0,8.0,66
2009-01-30,55.0,Moderate,PM2.5,62.0,29.0,0.0,14.0,55
2009-01-31,52.0,Moderate,PM10,69.0,36.0,0.0,14.0,47
2009-02-01,43.0,Good,Ozone,69.0,47.0,0.0,20.0,52
2009-02-02,45.0,Good,NO2,55.0,38.0,0.0,17.0,34
2009-02-03,46.0,Good,PM2.5,63.0,36.0,0.0,12.0,40
2009-02-04,37.0,Good,PM2.5,54.0,33.0,0.0,10.0,44
2009-02-05,55.0,Moderate,PM2.5,67.0,41.0,0.0,15.0,56
2009-02-06,48.0,Good,PM2.5,73.0,53.0,0.0,22.0,61
2009-02-07,43.0,Good,PM2.5,74.0,59.0,0.0,19.0,66
2009-02-08,44.0,Good,PM2.5,72.0,56.0,0.0,21.0,66
2009-02-09,34.0,Good,Ozone,66.0,56.0,0.54,21.0,67
2009-02-10,53.0,Moderate,PM2.5,73.0,55.0,0.56,17.0,83
2009-02-11,48.0,Good,PM2.5,65.0,52.0,0.29,20.0,41
2009-02-12,49.0,Good,PM2.5,70.0,46.0,0.0,10.0,62
2009-02-13,51.0,Moderate,PM2.5,74.0,55.0,0.0,13.0,55
2009-02-14,53.0,Moderate,PM2.5,55.0,39.0,0.12,15.0,61
2009-02-15,60.0,Moderate,PM2.5,57.0,44.0,0.04,11.0,69
2009-02-16,61.0,Moderate,PM2.5,57.0,41.0,0.03,9.0,66
2009-02-17,66.0,Moderate,PM2.5,65.0,51.0,0.04,17.0,77
2009-02-18,39.0,Good,Ozone,73.0,53.0,0.0,17.0,49
2009-02-19,44.0,Good,NO2,55.0,42.0,0.0,13.0,44
2009-02-20,44.0,Good,Ozone,67.0,40.0,0.0,16.0,42
2009-02-21,36.0,Good,Ozone,56.0,42.0,0.02,21.0,46
2009-02-22,38.0,Good,Ozone,57.0,36.0,0.0,9.0,41
2009-02-23,51.0,Moderate,PM2.5,64.0,39.0,0.0,15.0,40
2009-02-24,52.0,Moderate,PM2.5,78.0,49.0,0.0,20.0,60
2009-02-25,52.0,Moderate,PM2.5,80.0,56.0,0.0,14.0,65
2009-02-26,53.0,Moderate,PM2.5,85.0,63.0,0.0,21.0,67
2009-02-27,64.0,Moderate,PM2.5,72.0,52.0,0.05,14.0,74
2009-02-28,53.0,Moderate,PM2.5,52.0,38.0,0.0,22.0,41
2009-03-01,43.0,Good,Ozone,52.0,31.0,0.0,15.0,39
2009-03-02,53.0,Moderate,PM2.5,58.0,32.0,0.0,9.0,42
2009-03-03,60.0,Moderate,PM2.5,67.0,42.0,0.0,17.0,36
2009-03-04,54.0,Moderate,PM2.5,78.0,51.0,0.0,18.0,60
2009-03-05,49.0,Good,PM2.5,85.0,60.0,0.0,20.0,57
2009-03-06,56.0,Moderate,PM2.5,81.0,62.0,0.0,20.0,58
2009-03-07,61.0,Moderate,PM2.5,78.0,65.0,0.01,22.0,60
2009-03-08,67.0,Moderate,Ozone,80.0,67.0,0.0,18.0,48
2009-03-09,61.0,Moderate,PM2.5,79.0,64.0,0.01,19.0,62
2009-03-10,57.0,Moderate,PM2.5,80.0,65.0,0.0,18.0,64
2009-03-11,31.0,Good,Ozone,72.0,42.0,1.35,20.0,82
2009-03-12,29.0,Good,Ozone,42.0,39.0,0.84,14.0,85
2009-03-13,29.0,Good,Ozone,41.0,39.0,0.84,12.0,86
2009-03-14,57.0,Moderate,PM2.5,51.0,42.0,0.07,9.0,83
2009-03-15,63.0,Moderate,PM2.5,59.0,47.0,0.0,8.0,76
2009-03-16,56.0,Moderate,PM2.5,73.0,44.0,0.0,9.0,79
2009-03-17,97.0,Moderate,Ozone,78.0,53.0,0.0,12.0,71
2009-03-18,61.0,Moderate,PM2.5,77.0,54.0,0.0,12.0,61
2009-03-19,87.0,Moderate,Ozone,77.0,53.0,0.0,12.0,59
2009-03-20,74.0,Moderate,Ozone,74.0,54.0,0.0,12.0,69
2009-03-21,100.0,Moderate,Ozone,77.0,56.0,0.0,11.0,63
2009-03-22,65.0,Moderate,PM2.5,78.0,58.0,0.0,19.0,62
2009-03-23,55.0,Moderate,PM2.5,76.0,64.0,0.03,25.0,64
2009-03-24,41.0,Good,Ozone,73.0,57.0,0.52,21.0,66
2009-03-25,39.0,Good,PM2.5,64.0,51.0,0.28,12.0,70
2009-03-26,58.0,Moderate,PM2.5,72.0,48.0,0.0,17.0,92
2009-03-27,39.0,Good,PM2.5,71.0,40.0,0.33,21.0,84
2009-03-28,37.0,Good,Ozone,54.0,35.0,0.0,24.0,51
2009-03-29,47.0,Good,Ozone,67.0,37.0,0.0,14.0,50
2009-03-30,52.0,Moderate,PM2.5,71.0,53.0,0.0,20.0,61
2009-03-31,46.0,Good,Ozone,64.0,49.0,0.18,15.0,49
2009-04-01,64.0,Moderate,Ozone,73.0,48.0,0.0,17.0,44
2009-04-02,52.0,Moderate,PM2.5,66.0,54.0,0.0,27.0,55
2009-04-03,64.0,Moderate,Ozone,70.0,42.0,0.0,11.0,59
2009-04-04,62.0,Moderate,PM2.5,80.0,54.0,0.0,17.0,60
2009-04-05,41.0,Good,Ozone,69.0,51.0,0.0,21.0,44
2009-04-06,46.0,Good,Ozone,58.0,42.0,0.0,19.0,33
2009-04-07,54.0,Moderate,PM2.5,69.0,37.0,0.0,13.0,38
2009-04-08,64.0,Moderate,Ozone,83.0,55.0,0.0,17.0,29
2009-04-09,75.0,Moderate,PM2.5,89.0,64.0,0.01,21.0,47
2009-04-10,68.0,Moderate,PM2.5,69.0,55.0,0.0,14.0,39
2009-04-11,49.0,Good,Ozone,71.0,48.0,0.27,13.0,58
2009-04-12,43.0,Good,PM2.5,70.0,58.0,0.51,15.0,74
2009-04-13,44.0,Good,Ozone,64.0,52.0,0.0,16.0,69
2009-04-14,51.0,Moderate,PM2.5,72.0,47.0,0.0,6.0,62
2009-04-15,58.0,Moderate,Ozone,74.0,51.0,0.0,13.0,59
2009-04-16,59.0,Moderate,PM2.5,76.0,55.0,0.0,15.0,61
2009-04-17,57.0,Moderate,PM2.5,65.0,61.0,0.95,15.0,76
2009-04-18,49.0,Good,PM2.5,70.0,61.0,0.26,8.0,92
2009-04-19,42.0,Good,Ozone,70.0,56.0,0.06,20.0,66
2009-04-20,64.0,Moderate,Ozone,78.0,52.0,0.0,11.0,54
2009-04-21,80.0,Moderate,Ozone,83.0,56.0,0.0,10.0,52
2009-04-22,77.0,Moderate,Ozone,90.0,62.0,0.0,20.0,52
2009-04-23,43.0,Good,Ozone,85.0,67.0,0.0,22.0,40
2009-04-24,63.0,Moderate,PM2.5,81.0,67.0,0.17,22.0,72
2009-04-25,107.0,Unhealthy for Sensitive Groups,PM2.5,83.0,67.0,0.03,20.0,77
2009-04-26,59.0,Moderate,PM2.5,81.0,71.0,0.0,22.0,67
2009-04-27,42.0,Good,PM2.5,75.0,65.0,0.35,18.0,82
2009-04-28,44.0,Good,PM2.5,76.0,61.0,0.2,10.0,89
2009-04-29,52.0,Moderate,PM2.5,76.0,68.0,1.89,16.0,92
2009-04-30,55.0,Moderate,PM2.5,82.0,68.0,0.1,15.0,81
2009-05-01,67.0,Moderate,PM2.5,81.0,69.0,0.06,15.0,80
2009-05-02,54.0,Moderate,PM2.5,80.0,65.0,0.73,13.0,86
2009-05-03,28.0,Good,Ozone,71.0,61.0,0.09,11.0,77
2009-05-04,34.0,Good,PM2.5,70.0,57.0,0.04,8.0,76
2009-05-05,73.0,Moderate,PM2.5,79.0,64.0,0.06,15.0,84
2009-05-06,62.0,Moderate,PM2.5,82.0,69.0,1.81,12.0,86
2009-05-07,92.0,Moderate,PM2.5,84.0,69.0,0.02,14.0,84
2009-05-08,85.0,Moderate,PM2.5,88.0,71.0,0.0,20.0,73
2009-05-09,44.0,Good,PM2.5,79.0,64.0,0.58,13.0,84
2009-05-10,53.0,Moderate,PM2.5,77.0,63.0,0.15,8.0,88
2009-05-11,37.0,Good,Ozone,77.0,63.0,0.0,15.0,85
2009-05-12,58.0,Moderate,PM2.5,87.0,63.0,0.0,16.0,75
2009-05-13,69.0,Moderate,PM2.5,88.0,71.0,0.0,21.0,68
2009-05-14,53.0,Moderate,PM2.5,84.0,69.0,0.2,20.0,69
2009-05-15,61.0,Moderate,PM2.5,87.0,69.0,0.0,14.0,67
2009-05-16,39.0,Good,Ozone,77.0,64.0,1.02,14.0,84
2009-05-17,44.0,Good,Ozone,74.0,62.0,0.0,12.0,60
2009-05-18,80.0,Moderate,Ozone,74.0,55.0,0.0,7.0,62
2009-05-19,90.0,Moderate,Ozone,78.0,56.0,0.0,7.0,60
2009-05-20,105.0,Unhealthy for Sensitive Groups,Ozone,79.0,57.0,0.0,7.0,59
2009-05-21,64.0,Moderate,Ozone,83.0,57.0,0.0,8.0,63
2009-05-22,54.0,Moderate,PM2.5,82.0,68.0,0.01,10.0,68
2009-05-23,38.0,Good,PM2.5,81.0,67.0,0.17,8.0,81
2009-05-24,46.0,Good,PM2.5,81.0,66.0,0.0,9.0,76
2009-05-25,71.0,Moderate,Ozone,85.0,65.0,0.0,6.0,70
2009-05-26,74.0,Moderate,Ozone,92.0,71.0,0.03,12.0,63
2009-05-27,45.0,Good,Ozone,79.0,67.0,0.01,11.0,65
2009-05-28,97.0,Moderate,Ozone,84.0,60.0,0.0,8.0,64
2009-05-29,122.0,Unhealthy for Sensitive Groups,Ozone,86.0,64.0,0.0,7.0,55
2009-05-30,143.0,Unhealthy for Sensitive Groups,Ozone,89.0,62.0,0.0,6.0,51
2009-05-31,100.0,Moderate,Ozone,91.0,64.0,0.0,11.0,49
2009-06-01,67.0,Moderate,Ozone,88.0,71.0,0.0,11.0,49
2009-06-02,56.0,Moderate,PM2.5,89.0,72.0,0.0,10.0,56
2009-06-03,49.0,Good,Ozone,81.0,72.0,0.24,10.0,73
2009-06-04,67.0,Moderate,Ozone,81.0,67.0,0.0,12.0,63
2009-06-05,115.0,Unhealthy for Sensitive Groups,Ozone,87.0,62.0,0.0,6.0,55
2009-06-06,93.0,Moderate,Ozone,93.0,70.0,0.0,14.0,48
2009-06-07,52.0,Moderate,PM2.5,92.0,73.0,0.0,15.0,48
2009-06-08,47.0,Good,PM2.5,94.0,74.0,0.0,16.0,53
2009-06-09,63.0,Moderate,PM2.5,91.0,75.0,0.0,14.0,54
2009-06-10,55.0,Moderate,PM2.5,90.0,74.0,0.26,14.0,64
2009-06-11,49.0,Good,PM2.5,90.0,74.0,0.05,15.0,75
2009-06-12,62.0,Moderate,PM2.5,92.0,75.0,0.69,15.0,78
2009-06-13,67.0,Moderate,PM2.5,94.0,76.0,0.0,8.0,71
2009-06-14,50.0,Good,PM2.5,93.0,77.0,0.0,14.0,60
2009-06-15,56.0,Moderate,PM2.5,94.0,75.0,0.0,16.0,57
2009-06-16,54.0,Moderate,PM2.5,96.0,76.0,0.0,19.0,56
2009-06-17,53.0,Moderate,PM2.5,95.0,76.0,0.0,15.0,54
2009-06-18,67.0,Moderate,PM2.5,94.0,77.0,0.0,15.0,55
2009-06-19,48.0,Good,PM2.5,93.0,77.0,0.0,15.0,57
2009-06-20,47.0,Good,PM2.5,95.0,77.0,0.0,15.0,53
2009-06-21,55.0,Moderate,PM2.5,96.0,78.0,0.0,14.0,52
2009-06-22,53.0,Moderate,PM2.5,97.0,80.0,0.0,12.0,49
2009-06-23,84.0,Moderate,Ozone,98.0,79.0,0.0,6.0,46
2009-06-24,100.0,Moderate,Ozone,98.0,78.0,0.0,8.0,52
2009-06-25,115.0,Unhealthy for Sensitive Groups,Ozone,99.0,78.0,0.0,8.0,48
2009-06-26,108.0,Unhealthy for Sensitive Groups,Ozone,98.0,79.0,0.0,6.0,48
2009-06-27,133.0,Unhealthy for Sensitive Groups,Ozone,101.0,80.0,0.0,6.0,44
2009-06-28,129.0,Unhealthy for Sensitive Groups,Ozone,99.0,82.0,0.0,8.0,43
2009-06-29,87.0,Moderate,Ozone,95.0,81.0,0.01,14.0,58
2009-06-30,115.0,Unhealthy for Sensitive Groups,Ozone,91.0,78.0,0.0,6.0,60
2009-07-01,182.0,Unhealthy,Ozone,96.0,74.0,0.0,6.0,55
2009-07-02,156.0,Unhealthy,Ozone,100.0,78.0,0.0,7.0,46
2009-07-03,90.0,Moderate,Ozone,101.0,79.0,0.0,10.0,40
2009-07-04,58.0,Moderate,PM2.5,100.0,83.0,0.0,13.0,45
2009-07-05,40.0,Good,Ozone,92.0,78.0,0.06,11.0,61
2009-07-06,71.0,Moderate,PM2.5,86.0,75.0,0.21,7.0,66
2009-07-07,169.0,Unhealthy,Ozone,92.0,74.0,0.0,6.0,62
2009-07-08,93.0,Moderate,Ozone,98.0,77.0,0.0,11.0,59
2009-07-09,77.0,Moderate,Ozone,100.0,79.0,0.0,11.0,54
2009-07-10,68.0,Moderate,PM2.5,101.0,82.0,0.0,11.0,48
2009-07-11,56.0,Moderate,PM2.5,101.0,82.0,0.0,12.0,43
2009-07-12,69.0,Moderate,PM2.5,101.0,83.0,0.0,11.0,41
2009-07-13,90.0,Moderate,Ozone,103.0,84.0,0.0,13.0,38
2009-07-14,68.0,Moderate,PM2.5,102.0,84.0,0.0,14.0,37
2009-07-15,72.0,Moderate,PM2.5,101.0,82.0,0.0,15.0,41
2009-07-16,62.0,Moderate,PM2.5,101.0,84.0,0.02,12.0,42
2009-07-17,115.0,Unhealthy for Sensitive Groups,Ozone,94.0,80.0,0.0,9.0,59
2009-07-18,105.0,Unhealthy for Sensitive Groups,Ozone,92.0,73.0,0.56,8.0,59
2009-07-19,64.0,Moderate,Ozone,94.0,75.0,0.0,10.0,58
2009-07-20,83.0,Moderate,PM2.5,92.0,78.0,0.0,13.0,63
2009-07-21,90.0,Moderate,Ozone,94.0,79.0,0.04,15.0,59
2009-07-22,97.0,Moderate,Ozone,90.0,76.0,0.0,10.0,53
2009-07-23,56.0,Moderate,PM2.5,91.0,75.0,0.01,7.0,50
2009-07-24,93.0,Moderate,Ozone,94.0,76.0,0.12,9.0,60
2009-07-25,72.0,Moderate,PM2.5,100.0,78.0,0.0,10.0,44
2009-07-26,62.0,Moderate,PM2.5,96.0,82.0,0.02,13.0,45
2009-07-27,56.0,Moderate,PM2.5,88.0,78.0,0.2,10.0,65
2009-07-28,64.0,Moderate,Ozone,88.0,74.0,0.17,7.0,80
2009-07-29,64.0,Moderate,PM2.5,86.0,80.0,0.01,8.0,71
2009-07-30,64.0,Moderate,Ozone,87.0,76.0,0.4,11.0,75
2009-07-31,61.0,Moderate,Ozone,89.0,72.0,0.0,8.0,70
2009-08-01,43.0,Good,PM2.5,91.0,78.0,0.28,13.0,76
2009-08-02,61.0,Moderate,PM2.5,93.0,76.0,0.05,7.0,77
2009-08-03,75.0,Moderate,PM2.5,98.0,78.0,0.0,11.0,48
2009-08-04,58.0,Moderate,PM2.5,98.0,79.0,0.0,11.0,47
2009-08-05,52.0,Moderate,PM2.5,100.0,81.0,0.0,11.0,47
2009-08-06,71.0,Moderate,Ozone,96.0,78.0,0.0,9.0,60
2009-08-07,56.0,Moderate,PM2.5,98.0,79.0,0.0,11.0,51
2009-08-08,53.0,Moderate,PM2.5,98.0,81.0,0.0,13.0,45
2009-08-09,37.0,Good,PM2.5,95.0,81.0,0.0,14.0,52
2009-08-10,53.0,Moderate,PM2.5,97.0,81.0,0.01,13.0,57
2009-08-11,52.0,Moderate,PM2.5,97.0,81.0,0.1,12.0,57
2009-08-12,93.0,Moderate,Ozone,94.0,76.0,0.0,9.0,57
2009-08-13,112.0,Unhealthy for Sensitive Groups,Ozone,94.0,74.0,0.0,9.0,53
2009-08-14,62.0,Moderate,PM2.5,94.0,76.0,0.0,9.0,57
2009-08-15,55.0,Moderate,PM2.5,97.0,80.0,0.0,12.0,46
2009-08-16,40.0,Good,Ozone,97.0,80.0,0.0,14.0,49
2009-08-17,53.0,Moderate,PM2.5,97.0,81.0,0.0,12.0,51
2009-08-18,57.0,Moderate,PM2.5,94.0,81.0,0.11,13.0,59
2009-08-19,53.0,Moderate,PM2.5,98.0,79.0,0.0,15.0,55
2009-08-20,57.0,Moderate,PM2.5,97.0,81.0,0.0,17.0,54
2009-08-21,50.0,Good,Ozone,93.0,74.0,0.0,16.0,59
2009-08-22,105.0,Unhealthy for Sensitive Groups,Ozone,95.0,74.0,0.0,9.0,48
2009-08-23,67.0,Moderate,PM2.5,93.0,76.0,0.0,9.0,51
2009-08-24,62.0,Moderate,PM2.5,98.0,78.0,0.0,12.0,55
2009-08-25,161.0,Unhealthy,Ozone,98.0,79.0,0.0,13.0,51
2009-08-26,140.0,Unhealthy for Sensitive Groups,Ozone,94.0,77.0,0.0,10.0,60
2009-08-27,100.0,Moderate,Ozone,92.0,78.0,0.01,10.0,62
2009-08-28,51.0,Moderate,Ozone,90.0,74.0,0.04,9.0,68
2009-08-29,58.0,Moderate,Ozone,90.0,71.0,0.0,10.0,54
2009-08-30,53.0,Moderate,PM2.5,86.0,73.0,0.0,10.0,53
2009-08-31,67.0,Moderate,Ozone,86.0,70.0,0.0,9.0,54
2009-09-01,87.0,Moderate,Ozone,90.0,71.0,0.0,11.0,50
2009-09-02,101.0,Unhealthy for Sensitive Groups,Ozone,92.0,72.0,0.03,11.0,55
2009-09-03,115.0,Unhealthy for Sensitive Groups,Ozone,94.0,74.0,0.01,14.0,54
2009-09-04,55.0,Moderate,PM2.5,87.0,73.0,0.2,9.0,69
2009-09-05,119.0,Unhealthy for Sensitive Groups,Ozone,88.0,75.0,0.0,6.0,67
2009-09-06,108.0,Unhealthy for Sensitive Groups,Ozone,93.0,74.0,0.0,7.0,63
2009-09-07,84.0,Moderate,Ozone,94.0,74.0,0.0,8.0,54
2009-09-08,67.0,Moderate,Ozone,94.0,76.0,0.0,8.0,51
2009-09-09,53.0,Moderate,PM2.5,94.0,76.0,0.0,7.0,56
2009-09-10,56.0,Moderate,PM2.5,93.0,77.0,0.39,10.0,67
2009-09-11,57.0,Moderate,PM2.5,83.0,74.0,0.26,7.0,79
2009-09-12,32.0,Good,PM2.5,73.0,71.0,1.24,12.0,91
2009-09-13,23.0,Good,Ozone,74.0,70.0,0.71,11.0,94
2009-09-14,52.0,Moderate,PM2.5,73.0,70.0,0.82,11.0,96
2009-09-15,58.0,Moderate,PM2.5,79.0,70.0,0.06,11.0,82
2009-09-16,65.0,Moderate,PM2.5,74.0,69.0,0.48,18.0,86
2009-09-17,58.0,Moderate,PM2.5,75.0,68.0,0.91,16.0,91
2009-09-18,65.0,Moderate,PM2.5,79.0,70.0,0.03,10.0,81
2009-09-19,61.0,Moderate,PM2.5,82.0,69.0,0.02,6.0,79
2009-09-20,59.0,Moderate,PM2.5,85.0,68.0,0.0,8.0,74
2009-09-21,56.0,Moderate,PM2.5,87.0,73.0,0.41,15.0,77
2009-09-22,27.0,Good,PM2.5,73.0,66.0,0.26,14.0,77
2009-09-23,25.0,Good,PM2.5,74.0,61.0,0.0,8.0,66
2009-09-24,32.0,Good,PM2.5,74.0,58.0,0.0,7.0,73
2009-09-25,53.0,Moderate,PM2.5,78.0,58.0,0.0,6.0,73
2009-09-26,55.0,Moderate,PM2.5,86.0,62.0,0.0,7.0,76
2009-09-27,52.0,Moderate,PM2.5,90.0,69.0,0.0,13.0,70
2009-09-28,41.0,Good,PM2.5,80.0,67.0,0.0,15.0,58
2009-09-29,38.0,Good,Ozone,77.0,59.0,0.0,6.0,51
2009-09-30,63.0,Moderate,PM2.5,82.0,62.0,0.0,14.0,70
2009-10-01,58.0,Moderate,PM2.5,85.0,71.0,0.08,16.0,75
2009-10-02,37.0,Good,PM2.5,74.0,56.0,0.0,12.0,43
2009-10-03,53.0,Moderate,PM2.5,78.0,55.0,0.3,10.0,61
2009-10-04,34.0,Good,PM2.5,65.0,60.0,0.85,10.0,94
2009-10-05,51.0,Moderate,PM2.5,72.0,59.0,0.03,11.0,85
2009-10-06,54.0,Moderate,PM2.5,79.0,70.0,0.09,14.0,86
2009-10-07,55.0,Moderate,PM2.5,69.0,57.0,0.13,12.0,77
2009-10-08,53.0,Moderate,PM2.5,86.0,70.0,0.23,21.0,83
2009-10-09,17.0,Good,PM2.5,76.0,54.0,3.1,21.0,83
2009-10-10,34.0,Good,PM2.5,62.0,48.0,0.0,7.0,77
2009-10-11,30.0,Good,PM2.5,62.0,56.0,0.27,7.0,80
2009-10-12,50.0,Good,PM2.5,67.0,57.0,0.08,5.0,89
2009-10-13,33.0,Good,PM2.5,69.0,65.0,1.09,6.0,96
2009-10-14,53.0,Moderate,PM2.5,83.0,67.0,0.0,9.0,91
2009-10-15,39.0,Good,PM2.5,76.0,60.0,0.0,15.0,83
2009-10-16,35.0,Good,PM2.5,67.0,52.0,0.0,10.0,74
2009-10-17,36.0,Good,PM2.5,72.0,51.0,0.0,11.0,73
2009-10-18,37.0,Good,PM2.5,68.0,49.0,0.0,13.0,76
2009-10-19,42.0,Good,PM2.5,73.0,55.0,0.0,17.0,72
2009-10-20,43.0,Good,PM2.5,78.0,60.0,0.0,17.0,69
2009-10-21,47.0,Good,PM2.5,69.0,64.0,0.76,16.0,85
2009-10-22,32.0,Good,Ozone,68.0,54.0,1.27,16.0,75
2009-10-23,30.0,Good,NO2,62.0,48.0,0.0,14.0,58
2009-10-24,43.0,Good,PM2.5,72.0,47.0,0.0,13.0,67
2009-10-25,41.0,Good,PM2.5,73.0,58.0,0.35,18.0,75
2009-10-26,20.0,Good,PM2.5,65.0,54.0,0.74,14.0,87
2009-10-27,28.0,Good,Ozone,64.0,50.0,0.09,11.0,70
2009-10-28,58.0,Moderate,PM2.5,72.0,53.0,0.01,19.0,79
2009-10-29,32.0,Good,PM2.5,74.0,55.0,0.54,22.0,85
2009-10-30,30.0,Good,NO2,62.0,50.0,0.06,12.0,59
2009-10-31,54.0,Moderate,PM2.5,69.0,45.0,0.0,6.0,64
2009-11-01,52.0,Moderate,PM2.5,73.0,48.0,0.0,7.0,67
2009-11-02,57.0,Moderate,PM2.5,72.0,50.0,0.0,6.0,69
2009-11-03,61.0,Moderate,PM2.5,72.0,52.0,0.0,6.0,78
2009-11-04,64.0,Moderate,PM2.5,74.0,52.0,0.0,6.0,77
2009-11-05,69.0,Moderate,PM2.5,74.0,54.0,0.0,8.0,79
2009-11-06,57.0,Moderate,PM2.5,74.0,56.0,0.0,13.0,73
2009-11-07,61.0,Moderate,PM2.5,72.0,57.0,0.0,13.0,79
2009-11-08,59.0,Moderate,PM2.5,71.0,57.0,0.02,9.0,86
2009-11-09,57.0,Moderate,PM2.5,74.0,62.0,0.0,8.0,84
2009-11-10,56.0,Moderate,PM2.5,74.0,56.0,0.0,9.0,79
2009-11-11,58.0,Moderate,PM2.5,70.0,55.0,0.0,8.0,83
2009-11-12,72.0,Moderate,PM2.5,70.0,51.0,0.0,8.0,84
2009-11-13,69.0,Moderate,PM2.5,71.0,55.0,0.0,15.0,78
2009-11-14,60.0,Moderate,PM2.5,76.0,58.0,0.0,11.0,78
2009-11-15,56.0,Moderate,PM2.5,75.0,61.0,0.06,10.0,82
2009-11-16,31.0,Good,Ozone,63.0,48.0,0.05,19.0,63
2009-11-17,42.0,Good,NO2,57.0,44.0,0.0,14.0,53
2009-11-18,60.0,Moderate,PM2.5,64.0,42.0,0.0,10.0,66
2009-11-19,52.0,Moderate,PM2.5,70.0,48.0,0.0,16.0,67
2009-11-20,52.0,Moderate,PM2.5,63.0,57.0,1.19,11.0,92
2009-11-21,65.0,Moderate,PM2.5,61.0,51.0,0.07,6.0,80
2009-11-22,69.0,Moderate,PM2.5,64.0,46.0,0.0,6.0,81
2009-11-23,57.0,Moderate,PM2.5,68.0,47.0,0.0,12.0,83
2009-11-24,38.0,Good,NO2,61.0,46.0,0.0,18.0,61
2009-11-25,44.0,Good,PM2.5,63.0,41.0,0.0,8.0,59
2009-11-26,39.0,Good,NO2,59.0,40.0,0.0,10.0,61
2009-11-27,32.0,Good,Ozone,68.0,44.0,0.0,10.0,61
2009-11-28,51.0,Moderate,PM2.5,68.0,50.0,0.0,15.0,69
2009-11-29,39.0,Good,PM2.5,67.0,50.0,0.67,15.0,89
2009-11-30,38.0,Good,NO2,56.0,44.0,0.0,14.0,64
2009-12-01,34.0,Good,PM2.5,51.0,41.0,0.46,10.0,73
2009-12-02,23.0,Good,PM2.5,47.0,37.0,0.4,19.0,82
2009-12-03,26.0,Good,PM2.5,44.0,35.0,0.0,12.0,54
2009-12-04,36.0,Good,NO2,40.0,32.0,0.0,11.0,48
2009-12-05,39.0,Good,PM2.5,46.0,27.0,0.0,14.0,64
2009-12-06,47.0,Good,PM2.5,46.0,36.0,0.08,14.0,79
2009-12-07,55.0,Moderate,PM2.5,45.0,40.0,0.04,11.0,91
2009-12-08,36.0,Good,PM2.5,58.0,41.0,0.19,10.0,88
2009-12-09,38.0,Good,PM2.5,56.0,28.0,0.0,17.0,47
2009-12-10,34.0,Good,PM2.5,41.0,26.0,0.0,8.0,56
2009-12-11,41.0,Good,PM2.5,46.0,33.0,0.0,9.0,60
2009-12-12,53.0,Moderate,PM2.5,46.0,42.0,0.62,8.0,88
2009-12-13,40.0,Good,PM2.5,65.0,42.0,0.0,13.0,85
2009-12-14,47.0,Good,PM2.5,68.0,47.0,0.0,14.0,76
2009-12-15,51.0,Moderate,PM2.5,45.0,33.0,0.0,14.0,59
2009-12-16,53.0,Moderate,PM2.5,48.0,31.0,0.0,9.0,68
2009-12-17,47.0,Good,PM2.5,52.0,38.0,0.0,6.0,71
2009-12-18,52.0,Moderate,PM2.5,57.0,34.0,0.0,12.0,76
2009-12-19,34.0,Good,PM2.5,52.0,37.0,0.0,13.0,74
2009-12-20,43.0,Good,PM2.5,59.0,31.0,0.0,10.0,77
2009-12-21,33.0,Good,Ozone,62.0,42.0,0.0,14.0,71
2009-12-22,37.0,Good,PM2.5,66.0,52.0,0.01,16.0,85
2009-12-23,53.0,Moderate,PM2.5,67.0,60.0,0.53,13.0,93
2009-12-24,34.0,Good,Ozone,60.0,30.0,0.63,28.0,89
2009-12-25,39.0,Good,NO2,41.0,27.0,0.0,20.0,51
2009-12-26,73.0,Moderate,PM2.5,46.0,28.0,0.0,7.0,65
2009-12-27,44.0,Good,PM2.5,45.0,29.0,0.0,12.0,61
2009-12-28,47.0,Good,PM2.5,47.0,27.0,0.0,8.0,69
2009-12-29,61.0,Moderate,PM2.5,42.0,29.0,0.18,6.0,89
2009-12-30,54.0,Moderate,PM2.5,57.0,36.0,0.0,10.0,84
2009-12-31,60.0,Moderate,PM2.5,47.0,37.0,0.13,14.0,91
2010-01-01,53.0,Moderate,PM2.5,49.0,27.0,0.0,12.0,74
2010-01-02,52.0,Moderate,PM2.5,51.0,29.0,0.0,6.0,75
2010-01-03,62.0,Moderate,PM2.5,46.0,32.0,0.0,12.0,80
2010-01-04,55.0,Moderate,PM2.5,38.0,26.0,0.0,11.0,63
2010-01-05,58.0,Moderate,PM2.5,40.0,25.0,0.0,6.0,72
2010-01-06,63.0,Moderate,PM2.5,47.0,30.0,0.01,14.0,81
2010-01-07,34.0,Good,PM2.5,45.0,25.0,0.05,20.0,53
2010-01-08,39.0,Good,PM2.5,29.0,20.0,0.0,15.0,42
2010-01-09,55.0,Moderate,PM2.5,34.0,19.0,0.0,6.0,58
2010-01-10,55.0,Moderate,PM2.5,40.0,20.0,0.0,8.0,62
2010-01-11,67.0,Moderate,PM2.5,52.0,28.0,0.0,10.0,65
2010-01-12,66.0,Moderate,PM2.5,53.0,29.0,0.0,6.0,78
2010-01-13,56.0,Moderate,PM2.5,59.0,34.0,0.0,13.0,79
2010-01-14,71.0,Moderate,PM2.5,52.0,47.0,0.12,13.0,89
2010-01-15,65.0,Moderate,PM2.5,57.0,47.0,0.2,8.0,85
2010-01-16,53.0,Moderate,PM2.5,57.0,46.0,0.29,11.0,75
2010-01-17,55.0,Moderate,PM2.5,60.0,41.0,0.0,8.0,85
2010-01-18,47.0,Good,PM2.5,66.0,45.0,0.0,17.0,81
2010-01-19,50.0,Good,PM2.5,70.0,54.0,0.0,14.0,84
2010-01-20,58.0,Moderate,PM2.5,72.0,57.0,0.37,14.0,88
2010-01-21,46.0,Good,PM2.5,63.0,47.0,0.0,15.0,52
2010-01-22,52.0,Moderate,PM2.5,70.0,46.0,0.0,16.0,70
2010-01-23,33.0,Good,PM2.5,60.0,53.0,0.26,15.0,84
2010-01-24,28.0,Good,Ozone,56.0,43.0,0.0,16.0,52
2010-01-25,43.0,Good,NO2,56.0,35.0,0.0,11.0,61
2010-01-26,58.0,Moderate,PM2.5,56.0,35.0,0.0,7.0,58
2010-01-27,52.0,Moderate,PM2.5,61.0,45.0,0.02,14.0,73
2010-01-28,51.0,Moderate,PM2.5,56.0,53.0,0.96,15.0,91
2010-01-29,24.0,Good,Ozone,54.0,33.0,1.06,16.0,84
2010-01-30,45.0,Good,PM2.5,37.0,28.0,0.0,14.0,67
2010-01-31,57.0,Moderate,PM2.5,43.0,26.0,0.0,5.0,77
2010-02-01,77.0,Moderate,PM2.5,49.0,31.0,0.0,9.0,82
2010-02-02,44.0,Good,PM2.5,52.0,40.0,0.0,9.0,77
2010-02-03,60.0,Moderate,PM2.5,48.0,38.0,0.2,13.0,85
2010-02-04,37.0,Good,PM2.5,44.0,42.0,0.57,14.0,94
2010-02-05,26.0,Good,NO2,57.0,42.0,0.03,12.0,79
2010-02-06,56.0,Moderate,PM2.5,47.0,35.0,0.0,10.0,72
2010-02-07,61.0,Moderate,PM2.5,44.0,38.0,0.02,8.0,80
2010-02-08,34.0,Good,PM2.5,46.0,40.0,0.76,13.0,92
2010-02-09,38.0,Good,PM2.5,42.0,28.0,0.0,18.0,56
2010-02-10,69.0,Moderate,PM2.5,40.0,30.0,0.0,6.0,61
2010-02-11,55.0,Moderate,PM2.5,36.0,33.0,0.5,10.0,85
2010-02-12,56.0,Moderate,PM2.5,39.0,26.0,0.14,7.0,90
2010-02-13,64.0,Moderate,PM2.5,53.0,20.0,0.0,13.0,84
2010-02-14,54.0,Moderate,PM2.5,49.0,33.0,0.0,20.0,78
2010-02-15,37.0,Good,NO2,46.0,29.0,0.0,17.0,46
2010-02-16,40.0,Good,NO2,49.0,27.0,0.0,12.0,59
2010-02-17,43.0,Good,NO2,51.0,26.0,0.0,6.0,66
2010-02-18,46.0,Good,PM2.5,60.0,31.0,0.0,11.0,67
2010-02-19,55.0,Moderate,PM2.5,57.0,39.0,0.0,13.0,76
2010-02-20,42.0,Good,PM2.5,62.0,51.0,0.0,12.0,84
2010-02-21,31.0,Good,PM2.5,67.0,45.0,0.39,16.0,82
2010-02-22,53.0,Moderate,PM2.5,44.0,36.0,0.01,15.0,68
2010-02-23,37.0,Good,Ozone,40.0,34.0,0.02,13.0,65
2010-02-24,47.0,Good,PM2.5,46.0,30.0,0.0,11.0,60
2010-02-25,49.0,Good,PM2.5,55.0,33.0,0.01,17.0,61
2010-02-26,53.0,Moderate,PM2.5,50.0,41.0,0.09,15.0,83
2010-02-27,52.0,Moderate,PM2.5,61.0,33.0,0.0,7.0,71
2010-02-28,50.0,Good,PM2.5,62.0,38.0,0.0,13.0,68
2010-03-01,38.0,Good,PM2.5,49.0,43.0,0.81,15.0,84
2010-03-02,52.0,Moderate,PM2.5,53.0,35.0,0.0,12.0,67
2010-03-03,66.0,Moderate,PM2.5,57.0,31.0,0.0,6.0,72
2010-03-04,52.0,Moderate,PM2.5,65.0,38.0,0.0,11.0,70
2010-03-05,54.0,Moderate,PM2.5,66.0,46.0,0.0,13.0,73
2010-03-06,48.0,Good,Ozone,65.0,50.0,0.0,11.0,70
2010-03-07,57.0,Moderate,PM2.5,57.0,52.0,0.13,9.0,78
2010-03-08,47.0,Good,PM2.5,62.0,53.0,1.04,21.0,90
2010-03-09,43.0,Good,Ozone,73.0,52.0,0.0,13.0,64
2010-03-10,55.0,Moderate,PM2.5,70.0,52.0,0.03,15.0,63
2010-03-11,31.0,Good,Ozone,62.0,41.0,0.04,12.0,67
2010-03-12,43.0,Good,Ozone,64.0,44.0,0.0,21.0,56
2010-03-13,45.0,Good,Ozone,65.0,44.0,0.0,11.0,59
2010-03-14,47.0,Good,Ozone,69.0,43.0,0.0,11.0,70
2010-03-15,38.0,Good,Ozone,64.0,48.0,0.0,13.0,71
2010-03-16,55.0,Moderate,PM2.5,58.0,50.0,0.09,10.0,75
2010-03-17,55.0,Moderate,PM2.5,63.0,42.0,0.0,11.0,70
2010-03-18,57.0,Moderate,PM2.5,61.0,38.0,0.0,10.0,65
2010-03-19,55.0,Moderate,PM2.5,69.0,46.0,0.01,16.0,67
2010-03-20,32.0,Good,Ozone,60.0,35.0,0.79,22.0,77
2010-03-21,35.0,Good,Ozone,48.0,33.0,0.1,24.0,58
2010-03-22,38.0,Good,Ozone,64.0,38.0,0.0,11.0,52
2010-03-23,49.0,Good,Ozone,72.0,46.0,0.0,16.0,57
2010-03-24,39.0,Good,PM2.5,68.0,56.0,0.24,15.0,85
2010-03-25,41.0,Good,NO2,60.0,46.0,0.26,19.0,68
2010-03-26,44.0,Good,Ozone,65.0,40.0,0.0,16.0,70
2010-03-27,42.0,Good,Ozone,72.0,52.0,0.0,22.0,55
2010-03-28,38.0,Good,Ozone,62.0,49.0,0.0,17.0,55
2010-03-29,47.0,Good,PM2.5,70.0,40.0,0.0,9.0,62
2010-03-30,54.0,Moderate,Ozone,76.0,52.0,0.0,19.0,55
2010-03-31,51.0,Moderate,PM2.5,79.0,56.0,0.0,19.0,62
2010-04-01,55.0,Moderate,PM2.5,77.0,59.0,0.0,20.0,74
2010-04-02,48.0,Good,PM2.5,76.0,64.0,0.26,20.0,74
2010-04-03,46.0,Good,Ozone,75.0,47.0,0.0,10.0,43
2010-04-04,63.0,Moderate,PM2.5,75.0,59.0,0.04,16.0,80
2010-04-05,60.0,Moderate,PM2.5,79.0,66.0,0.01,19.0,79
2010-04-06,59.0,Moderate,PM2.5,79.0,63.0,0.01,23.0,73
2010-04-07,48.0,Good,Ozone,72.0,58.0,0.01,20.0,51
2010-04-08,49.0,Good,Ozone,65.0,48.0,0.0,16.0,42
2010-04-09,61.0,Moderate,Ozone,72.0,46.0,0.0,10.0,55
2010-04-10,55.0,Moderate,PM2.5,74.0,51.0,0.0,13.0,63
2010-04-11,52.0,Moderate,PM2.5,72.0,55.0,0.0,13.0,75
2010-04-12,80.0,Moderate,Ozone,77.0,58.0,0.0,10.0,76
2010-04-13,64.0,Moderate,Ozone,79.0,57.0,0.0,14.0,57
2010-04-14,54.0,Moderate,PM2.5,79.0,58.0,0.0,12.0,59
2010-04-15,56.0,Moderate,PM2.5,78.0,62.0,0.0,11.0,67
2010-04-16,59.0,Moderate,PM2.5,74.0,62.0,0.03,9.0,66
2010-04-17,58.0,Moderate,PM2.5,72.0,62.0,0.55,13.0,81
2010-04-18,57.0,Moderate,PM2.5,64.0,53.0,0.94,13.0,92
2010-04-19,46.0,Good,Ozone,64.0,52.0,0.02,10.0,77
2010-04-20,56.0,Moderate,PM2.5,68.0,57.0,0.0,5.0,71
2010-04-21,80.0,Moderate,Ozone,77.0,54.0,0.0,12.0,71
2010-04-22,65.0,Moderate,PM2.5,72.0,59.0,0.01,17.0,77
2010-04-23,74.0,Moderate,Ozone,79.0,65.0,0.23,17.0,70
2010-04-24,48.0,Good,Ozone,77.0,56.0,0.31,19.0,59
2010-04-25,49.0,Good,Ozone,74.0,58.0,0.0,17.0,54
2010-04-26,50.0,Good,Ozone,74.0,53.0,0.0,14.0,65
2010-04-27,46.0,Good,Ozone,69.0,50.0,0.0,11.0,55
2010-04-28,77.0,Moderate,Ozone,77.0,50.0,0.0,16.0,60
2010-04-29,54.0,Moderate,PM2.5,83.0,61.0,0.0,23.0,60
2010-04-30,56.0,Moderate,PM2.5,80.0,69.0,0.13,21.0,79
2010-05-01,61.0,Moderate,Ozone,78.0,65.0,0.02,11.0,66
2010-05-02,47.0,Good,Ozone,82.0,58.0,0.0,11.0,53
2010-05-03,48.0,Good,Ozone,82.0,53.0,0.01,19.0,52
2010-05-04,71.0,Moderate,Ozone,83.0,52.0,0.0,12.0,69
2010-05-05,150.0,Unhealthy for Sensitive Groups,Ozone,88.0,65.0,0.0,14.0,42
2010-05-06,55.0,Moderate,PM2.5,87.0,63.0,0.0,18.0,58
2010-05-07,53.0,Moderate,PM2.5,86.0,69.0,0.0,18.0,58
2010-05-08,40.0,Good,Ozone,75.0,59.0,0.0,15.0,35
2010-05-09,40.0,Good,Ozone,72.0,62.0,0.03,15.0,48
2010-05-10,59.0,Moderate,PM2.5,86.0,64.0,0.02,29.0,71
2010-05-11,65.0,Moderate,PM2.5,90.0,71.0,0.0,19.0,64
2010-05-12,66.0,Moderate,PM2.5,88.0,73.0,0.0,20.0,61
2010-05-13,60.0,Moderate,PM2.5,85.0,72.0,0.0,20.0,65
2010-05-14,51.0,Moderate,PM2.5,76.0,67.0,1.27,14.0,88
2010-05-15,45.0,Good,PM2.5,76.0,65.0,0.59,8.0,88
2010-05-16,93.0,Moderate,Ozone,82.0,65.0,0.0,5.0,78
2010-05-17,71.0,Moderate,Ozone,86.0,68.0,0.05,11.0,79
2010-05-18,50.0,Good,Ozone,82.0,65.0,0.0,7.0,77
2010-05-19,54.0,Moderate,PM2.5,84.0,71.0,0.05,18.0,77
2010-05-20,56.0,Moderate,PM2.5,86.0,70.0,0.21,12.0,78
2010-05-21,53.0,Moderate,PM2.5,85.0,66.0,0.04,9.0,82
2010-05-22,38.0,Good,PM2.5,87.0,73.0,0.0,17.0,71
2010-05-23,43.0,Good,PM2.5,89.0,74.0,0.0,17.0,70
2010-05-24,57.0,Moderate,PM2.5,87.0,71.0,0.0,14.0,67
2010-05-25,60.0,Moderate,PM2.5,87.0,70.0,0.0,9.0,68
2010-05-26,77.0,Moderate,Ozone,89.0,68.0,0.0,8.0,65
2010-05-27,105.0,Unhealthy for Sensitive Groups,Ozone,90.0,68.0,0.0,7.0,68
2010-05-28,108.0,Unhealthy for Sensitive Groups,Ozone,90.0,70.0,0.0,6.0,65
2010-05-29,101.0,Unhealthy for Sensitive Groups,Ozone,91.0,69.0,0.0,7.0,60
2010-05-30,105.0,Unhealthy for Sensitive Groups,Ozone,93.0,70.0,0.0,7.0,54
2010-05-31,87.0,Moderate,Ozone,92.0,72.0,0.0,8.0,57
2010-06-01,63.0,Moderate,PM2.5,94.0,76.0,0.0,9.0,54
2010-06-02,59.0,Moderate,PM2.5,94.0,75.0,0.0,10.0,55
2010-06-03,58.0,Moderate,PM2.5,89.0,73.0,0.0,10.0,70
2010-06-04,93.0,Moderate,Ozone,92.0,70.0,0.0,6.0,65
2010-06-05,84.0,Moderate,Ozone,97.0,74.0,0.0,9.0,54
2010-06-06,75.0,Moderate,PM2.5,96.0,76.0,0.0,10.0,60
2010-06-07,83.0,Moderate,PM2.5,94.0,78.0,0.04,12.0,67
2010-06-08,56.0,Moderate,PM2.5,93.0,77.0,0.02,15.0,69
2010-06-09,52.0,Moderate,PM2.5,82.0,75.0,0.27,12.0,83
2010-06-10,65.0,Moderate,PM2.5,90.0,72.0,0.43,15.0,79
2010-06-11,67.0,Moderate,PM2.5,91.0,76.0,0.02,18.0,70
2010-06-12,53.0,Moderate,PM2.5,92.0,77.0,0.03,17.0,68
2010-06-13,56.0,Moderate,PM2.5,93.0,78.0,0.0,15.0,67
2010-06-14,48.0,Good,PM2.5,94.0,77.0,0.0,14.0,63
2010-06-15,39.0,Good,PM2.5,94.0,77.0,0.01,14.0,61
2010-06-16,46.0,Good,PM2.5,95.0,78.0,0.0,10.0,58
2010-06-17,48.0,Good,PM2.5,95.0,78.0,0.0,13.0,56
2010-06-18,51.0,Moderate,PM2.5,95.0,78.0,0.0,12.0,55
2010-06-19,52.0,Moderate,PM2.5,96.0,80.0,0.0,12.0,56
2010-06-20,39.0,Good,PM2.5,97.0,79.0,0.0,10.0,52
2010-06-21,44.0,Good,PM2.5,98.0,80.0,0.0,12.0,52
2010-06-22,60.0,Moderate,PM2.5,97.0,80.0,0.0,9.0,54
2010-06-23,56.0,Moderate,PM2.5,96.0,80.0,0.0,8.0,53
2010-06-24,51.0,Moderate,PM2.5,93.0,80.0,0.12,9.0,64
2010-06-25,44.0,Good,PM2.5,89.0,74.0,0.6,8.0,81
2010-06-26,32.0,Good,PM2.5,94.0,79.0,0.0,12.0,61
2010-06-27,32.0,Good,Ozone,94.0,80.0,0.0,13.0,56
2010-06-28,50.0,Good,Ozone,94.0,78.0,0.0,11.0,56
2010-06-29,47.0,Good,PM2.5,90.0,77.0,0.15,10.0,72
2010-06-30,54.0,Moderate,PM2.5,91.0,75.0,0.02,14.0,68
2010-07-01,59.0,Moderate,PM2.5,85.0,76.0,0.2,11.0,80
2010-07-02,37.0,Good,PM2.5,85.0,76.0,0.98,10.0,88
2010-07-03,53.0,Moderate,PM2.5,84.0,76.0,0.66,12.0,90
2010-07-04,54.0,Moderate,PM2.5,89.0,75.0,0.04,12.0,80
2010-07-05,51.0,Moderate,PM2.5,90.0,77.0,0.0,10.0,73
2010-07-06,58.0,Moderate,PM2.5,92.0,76.0,0.0,8.0,72
2010-07-07,67.0,Moderate,Ozone,89.0,76.0,0.06,10.0,78
2010-07-08,62.0,Moderate,PM2.5,90.0,76.0,0.45,10.0,85
2010-07-09,65.0,Moderate,PM2.5,85.0,76.0,1.03,7.0,85
2010-07-10,69.0,Moderate,PM2.5,88.0,75.0,0.48,6.0,85
2010-07-11,67.0,Moderate,PM2.5,92.0,77.0,0.0,12.0,73
2010-07-12,53.0,Moderate,PM2.5,89.0,78.0,0.0,13.0,70
2010-07-13,74.0,Moderate,PM2.5,90.0,78.0,0.0,14.0,72
2010-07-14,62.0,Moderate,PM2.5,94.0,77.0,0.0,13.0,69
2010-07-15,64.0,Moderate,PM2.5,94.0,78.0,0.0,10.0,69
2010-07-16,74.0,Moderate,Ozone,96.0,79.0,0.0,8.0,64
2010-07-17,77.0,Moderate,Ozone,97.0,79.0,0.0,8.0,60
2010-07-18,67.0,Moderate,PM2.5,96.0,80.0,0.0,11.0,58
2010-07-19,57.0,Moderate,PM2.5,93.0,79.0,0.0,13.0,67
2010-07-20,58.0,Moderate,PM2.5,94.0,78.0,0.0,12.0,63
2010-07-21,60.0,Moderate,PM2.5,94.0,79.0,0.0,11.0,62
2010-07-22,56.0,Moderate,PM2.5,94.0,79.0,0.0,13.0,64
2010-07-23,52.0,Moderate,PM2.5,93.0,79.0,0.0,12.0,65
2010-07-24,59.0,Moderate,PM2.5,94.0,79.0,0.0,11.0,58
2010-07-25,67.0,Moderate,PM2.5,97.0,78.0,0.02,5.0,54
2010-07-26,64.0,Moderate,PM2.5,96.0,78.0,0.07,8.0,59
2010-07-27,49.0,Good,PM2.5,89.0,75.0,0.11,8.0,74
2010-07-28,41.0,Good,PM2.5,92.0,77.0,0.14,11.0,75
2010-07-29,57.0,Moderate,PM2.5,94.0,76.0,0.0,9.0,66
2010-07-30,71.0,Moderate,PM2.5,96.0,77.0,0.0,9.0,59
2010-07-31,52.0,Moderate,PM2.5,98.0,81.0,0.0,10.0,52
2010-08-01,74.0,Moderate,Ozone,100.0,80.0,0.0,9.0,43
2010-08-02,53.0,Moderate,PM2.5,102.0,81.0,0.0,9.0,40
2010-08-03,58.0,Moderate,PM2.5,100.0,81.0,0.0,8.0,43
2010-08-04,57.0,Moderate,PM2.5,99.0,82.0,0.0,9.0,50
2010-08-05,101.0,Unhealthy for Sensitive Groups,Ozone,100.0,83.0,0.0,10.0,50
2010-08-06,87.0,Moderate,Ozone,101.0,84.0,0.0,9.0,48
2010-08-07,57.0,Moderate,PM2.5,97.0,81.0,0.13,9.0,62
2010-08-08,39.0,Good,PM2.5,99.0,83.0,0.0,10.0,52
2010-08-09,49.0,Good,PM2.5,98.0,82.0,0.01,10.0,51
2010-08-10,51.0,Moderate,PM2.5,99.0,82.0,0.0,10.0,48
2010-08-11,84.0,Moderate,Ozone,100.0,84.0,0.0,7.0,50
2010-08-12,133.0,Unhealthy for Sensitive Groups,Ozone,100.0,83.0,0.0,9.0,54
2010-08-13,62.0,Moderate,PM2.5,101.0,84.0,0.0,9.0,46
2010-08-14,58.0,Moderate,PM2.5,100.0,84.0,0.0,11.0,48
2010-08-15,54.0,Moderate,PM2.5,100.0,86.0,0.0,10.0,49
2010-08-16,112.0,Unhealthy for Sensitive Groups,Ozone,100.0,84.0,0.01,10.0,50
2010-08-17,119.0,Unhealthy for Sensitive Groups,Ozone,97.0,81.0,0.01,6.0,58
2010-08-18,126.0,Unhealthy for Sensitive Groups,Ozone,94.0,84.0,0.0,7.0,60
2010-08-19,60.0,Moderate,PM2.5,98.0,82.0,0.25,10.0,64
2010-08-20,33.0,Good,PM2.5,100.0,82.0,0.0,13.0,54
2010-08-21,36.0,Good,PM2.5,101.0,83.0,0.0,15.0,48
2010-08-22,47.0,Good,PM2.5,101.0,85.0,0.0,11.0,44
2010-08-23,133.0,Unhealthy for Sensitive Groups,Ozone,103.0,84.0,0.0,7.0,42
2010-08-24,80.0,Moderate,Ozone,98.0,83.0,0.03,14.0,57
2010-08-25,60.0,Moderate,PM2.5,91.0,78.0,0.2,13.0,64
2010-08-26,119.0,Unhealthy for Sensitive Groups,Ozone,91.0,77.0,0.0,10.0,50
2010-08-27,129.0,Unhealthy for Sensitive Groups,Ozone,92.0,71.0,0.0,7.0,43
2010-08-28,105.0,Unhealthy for Sensitive Groups,Ozone,95.0,69.0,0.0,9.0,42
2010-08-29,59.0,Moderate,PM2.5,94.0,78.0,0.0,10.0,55
2010-08-30,56.0,Moderate,PM2.5,94.0,81.0,0.02,12.0,59
2010-08-31,43.0,Good,PM2.5,97.0,80.0,0.15,12.0,64
2010-09-01,42.0,Good,PM2.5,96.0,79.0,0.0,11.0,62
2010-09-02,29.0,Good,PM2.5,91.0,80.0,0.09,11.0,70
2010-09-03,40.0,Good,Ozone,84.0,69.0,0.38,14.0,63
2010-09-04,115.0,Unhealthy for Sensitive Groups,Ozone,86.0,66.0,0.0,7.0,43
2010-09-05,74.0,Moderate,Ozone,91.0,66.0,0.0,9.0,51
2010-09-06,52.0,Moderate,PM2.5,92.0,73.0,0.01,15.0,59
2010-09-07,50.0,Good,PM2.5,84.0,75.0,1.17,15.0,86
2010-09-08,50.0,Good,PM2.5,80.0,75.0,1.57,22.0,92
2010-09-09,61.0,Moderate,PM2.5,90.0,77.0,0.02,17.0,80
2010-09-10,62.0,Moderate,PM2.5,90.0,77.0,0.01,12.0,74
2010-09-11,62.0,Moderate,PM2.5,91.0,79.0,0.22,11.0,74
2010-09-12,63.0,Moderate,PM2.5,91.0,77.0,0.02,6.0,81
2010-09-13,62.0,Moderate,PM2.5,90.0,78.0,0.0,6.0,73
2010-09-14,63.0,Moderate,PM2.5,89.0,76.0,0.04,9.0,73
2010-09-15,61.0,Moderate,PM2.5,91.0,74.0,0.0,9.0,67
2010-09-16,93.0,Moderate,Ozone,90.0,74.0,0.0,10.0,67
2010-09-17,64.0,Moderate,Ozone,93.0,72.0,0.0,9.0,62
2010-09-18,58.0,Moderate,PM2.5,93.0,76.0,0.0,7.0,62
2010-09-19,63.0,Moderate,PM2.5,92.0,76.0,0.0,6.0,59
2010-09-20,55.0,Moderate,PM2.5,90.0,73.0,0.0,11.0,61
2010-09-21,47.0,Good,PM2.5,88.0,74.0,0.0,11.0,67
2010-09-22,53.0,Moderate,PM2.5,90.0,74.0,0.0,11.0,65
2010-09-23,48.0,Good,PM2.5,91.0,76.0,0.0,16.0,62
2010-09-24,47.0,Good,PM2.5,87.0,76.0,0.01,11.0,69
2010-09-25,36.0,Good,PM2.5,80.0,72.0,0.37,9.0,87
2010-09-26,38.0,Good,PM2.5,77.0,66.0,0.0,14.0,73
2010-09-27,36.0,Good,NO2,73.0,58.0,0.0,8.0,60
2010-09-28,64.0,Moderate,Ozone,83.0,56.0,0.0,6.0,63
2010-09-29,52.0,Moderate,PM2.5,83.0,61.0,0.0,7.0,62
2010-09-30,67.0,Moderate,Ozone,86.0,62.0,0.0,10.0,61
2010-10-01,44.0,Good,Ozone,82.0,64.0,0.0,9.0,49
2010-10-02,51.0,Moderate,Ozone,82.0,60.0,0.0,14.0,51
2010-10-03,35.0,Good,Ozone,70.0,57.0,0.0,15.0,46
2010-10-04,44.0,Good,Ozone,73.0,54.0,0.0,8.0,45
2010-10-05,59.0,Moderate,PM2.5,76.0,53.0,0.0,7.0,40
2010-10-06,84.0,Moderate,Ozone,80.0,52.0,0.0,6.0,39
2010-10-07,64.0,Moderate,PM2.5,84.0,59.0,0.0,6.0,42
2010-10-08,84.0,Moderate,Ozone,85.0,56.0,0.0,7.0,40
2010-10-09,56.0,Moderate,PM2.5,85.0,59.0,0.0,7.0,39
2010-10-10,47.0,Good,PM2.5,85.0,62.0,0.0,12.0,45
2010-10-11,55.0,Moderate,PM2.5,83.0,67.0,0.15,12.0,60
2010-10-12,46.0,Good,NO2,80.0,63.0,0.0,13.0,55
2010-10-13,46.0,Good,PM2.5,79.0,63.0,0.0,15.0,56
2010-10-14,48.0,Good,NO2,74.0,56.0,0.0,11.0,43
2010-10-15,53.0,Moderate,PM2.5,84.0,53.0,0.0,7.0,41
2010-10-16,74.0,Moderate,Ozone,84.0,55.0,0.0,7.0,37
2010-10-17,64.0,Moderate,PM2.5,80.0,58.0,0.0,6.0,47
2010-10-18,55.0,Moderate,PM2.5,85.0,65.0,0.0,11.0,63
2010-10-19,55.0,Moderate,PM2.5,85.0,66.0,0.0,8.0,58
2010-10-20,61.0,Moderate,Ozone,81.0,63.0,0.0,7.0,72
2010-10-21,67.0,Moderate,Ozone,86.0,62.0,0.0,10.0,60
2010-10-22,55.0,Moderate,PM2.5,83.0,68.0,0.02,18.0,64
2010-10-23,48.0,Good,PM2.5,79.0,63.0,0.85,17.0,78
2010-10-24,47.0,Good,PM2.5,84.0,63.0,0.01,15.0,70
2010-10-25,68.0,Moderate,PM2.5,87.0,66.0,0.0,24.0,60
2010-10-26,43.0,Good,NO2,79.0,62.0,0.0,20.0,46
2010-10-27,48.0,Good,Ozone,82.0,60.0,0.0,14.0,50
2010-10-28,36.0,Good,NO2,68.0,56.0,0.0,14.0,34
2010-10-29,45.0,Good,NO2,68.0,46.0,0.0,6.0,51
2010-10-30,49.0,Good,Ozone,77.0,48.0,0.0,14.0,39
2010-10-31,48.0,Good,Ozone,82.0,56.0,0.0,11.0,41
2010-11-01,74.0,Moderate,PM2.5,74.0,62.0,0.0,12.0,62
2010-11-02,59.0,Moderate,PM2.5,63.0,56.0,0.7,16.0,76
2010-11-03,42.0,Good,PM2.5,64.0,50.0,0.56,15.0,65
2010-11-04,32.0,Good,Ozone,63.0,51.0,0.0,17.0,41
2010-11-05,40.0,Good,NO2,59.0,44.0,0.0,10.0,45
2010-11-06,55.0,Moderate,PM2.5,63.0,40.0,0.0,7.0,59
2010-11-07,51.0,Moderate,Ozone,68.0,44.0,0.0,10.0,51
2010-11-08,49.0,Good,PM2.5,72.0,51.0,0.0,13.0,64
2010-11-09,41.0,Good,PM2.5,74.0,56.0,0.0,15.0,66
2010-11-10,50.0,Good,PM2.5,77.0,59.0,0.0,12.0,70
2010-11-11,51.0,Moderate,PM2.5,75.0,63.0,0.16,12.0,87
2010-11-12,34.0,Good,PM2.5,76.0,53.0,0.21,16.0,83
2010-11-13,33.0,Good,Ozone,58.0,46.0,0.0,15.0,64
2010-11-14,52.0,Moderate,PM2.5,60.0,43.0,0.0,6.0,70
2010-11-15,52.0,Moderate,PM2.5,62.0,44.0,0.15,9.0,76
2010-11-16,53.0,Moderate,NO2,62.0,47.0,0.02,15.0,66
2010-11-17,33.0,Good,PM2.5,69.0,51.0,0.0,18.0,52
2010-11-18,43.0,Good,PM2.5,55.0,43.0,0.0,18.0,67
2010-11-19,55.0,Moderate,PM2.5,64.0,42.0,0.0,12.0,69
2010-11-20,58.0,Moderate,PM2.5,72.0,50.0,0.0,15.0,71
2010-11-21,43.0,Good,PM2.5,79.0,62.0,0.0,21.0,78
2010-11-22,51.0,Moderate,PM2.5,79.0,67.0,0.04,18.0,78
2010-11-23,58.0,Moderate,PM2.5,76.0,65.0,0.01,13.0,81
2010-11-24,37.0,Good,PM2.5,82.0,69.0,0.01,22.0,75
2010-11-25,39.0,Good,PM2.5,72.0,40.0,0.3,18.0,71
2010-11-26,39.0,Good,NO2,51.0,39.0,0.0,12.0,41
2010-11-27,53.0,Moderate,PM2.5,60.0,35.0,0.0,8.0,52
2010-11-28,41.0,Good,Ozone,64.0,41.0,0.0,18.0,52
2010-11-29,39.0,Good,PM2.5,69.0,53.0,0.28,17.0,63
2010-11-30,38.0,Good,NO2,53.0,40.0,0.01,16.0,39
2010-12-01,38.0,Good,NO2,62.0,37.0,0.0,10.0,42
2010-12-02,46.0,Good,NO2,64.0,44.0,0.0,11.0,47
2010-12-03,53.0,Moderate,PM2.5,72.0,43.0,0.0,15.0,66
2010-12-04,43.0,Good,PM2.5,64.0,47.0,0.0,18.0,55
2010-12-05,53.0,Moderate,PM2.5,49.0,38.0,0.0,14.0,52
2010-12-06,56.0,Moderate,PM2.5,48.0,34.0,0.0,8.0,54
2010-12-07,58.0,Moderate,PM2.5,54.0,34.0,0.02,11.0,58
2010-12-08,59.0,Moderate,PM2.5,51.0,37.0,0.0,12.0,68
2010-12-09,55.0,Moderate,PM2.5,59.0,39.0,0.0,18.0,59
2010-12-10,58.0,Moderate,PM2.5,67.0,44.0,0.0,10.0,69
2010-12-11,41.0,Good,PM2.5,62.0,48.0,0.0,17.0,59
2010-12-12,31.0,Good,Ozone,47.0,36.0,0.0,17.0,36
2010-12-13,34.0,Good,NO2,52.0,29.0,0.0,9.0,48
2010-12-14,33.0,Good,Ozone,65.0,39.0,0.0,15.0,45
2010-12-15,46.0,Good,PM2.5,75.0,53.0,0.0,20.0,60
2010-12-16,56.0,Moderate,PM2.5,65.0,43.0,0.0,18.0,55
2010-12-17,52.0,Moderate,PM2.5,51.0,39.0,0.0,12.0,53
2010-12-18,41.0,Good,NO2,52.0,33.0,0.0,8.0,60
2010-12-19,55.0,Moderate,PM2.5,61.0,39.0,0.0,15.0,51
2010-12-20,64.0,Moderate,PM2.5,76.0,51.0,0.0,17.0,70
2010-12-21,58.0,Moderate,PM2.5,82.0,56.0,0.0,13.0,46
2010-12-22,67.0,Moderate,PM2.5,58.0,47.0,0.0,12.0,68
2010-12-23,55.0,Moderate,PM2.5,51.0,46.0,0.0,9.0,50
2010-12-24,60.0,Moderate,PM2.5,51.0,41.0,0.87,12.0,79
2010-12-25,62.0,Moderate,PM2.5,42.0,34.0,0.0,16.0,60
2010-12-26,60.0,Moderate,PM2.5,42.0,28.0,0.0,7.0,68
2010-12-27,57.0,Moderate,PM2.5,50.0,29.0,0.0,13.0,66
2010-12-28,62.0,Moderate,PM2.5,52.0,40.0,0.24,9.0,88
2010-12-29,43.0,Good,PM2.5,65.0,53.0,0.94,15.0,91
2010-12-30,62.0,Moderate,PM2.5,69.0,56.0,0.0,18.0,87
2010-12-31,37.0,Good,Ozone,64.0,44.0,0.06,19.0,59
2011-01-01,40.0,Good,PM2.5,44.0,33.0,0.0,11.0,48
2011-01-02,53.0,Moderate,PM2.5,47.0,26.0,0.0,7.0,57
2011-01-03,41.0,Good,PM2.5,58.0,35.0,0.0,13.0,53
2011-01-04,53.0,Moderate,PM2.5,60.0,42.0,0.0,10.0,76
2011-01-05,55.0,Moderate,PM2.5,56.0,41.0,0.0,9.0,68
2011-01-06,45.0,Good,NO2,61.0,39.0,0.0,9.0,58
2011-01-07,38.0,Good,NO2,65.0,42.0,0.0,9.0,52
2011-01-08,32.0,Good,Ozone,52.0,38.0,0.0,9.0,52
2011-01-09,33.0,Good,PM2.5,44.0,31.0,1.27,13.0,84
2011-01-10,53.0,Moderate,PM2.5,36.0,29.0,0.0,11.0,79
2011-01-11,49.0,Good,PM2.5,35.0,25.0,0.0,15.0,53
2011-01-12,44.0,Good,PM2.5,35.0,23.0,0.0,8.0,50
2011-01-13,52.0,Moderate,PM2.5,38.0,26.0,0.0,8.0,52
2011-01-14,55.0,Moderate,PM2.5,45.0,30.0,0.0,10.0,61
2011-01-15,72.0,Moderate,PM2.5,45.0,41.0,0.14,5.0,90
2011-01-16,63.0,Moderate,PM2.5,46.0,43.0,0.65,9.0,95
2011-01-17,56.0,Moderate,PM2.5,58.0,44.0,0.0,10.0,86
2011-01-18,61.0,Moderate,PM2.5,54.0,40.0,0.01,12.0,85
2011-01-19,57.0,Moderate,PM2.5,55.0,33.0,0.0,12.0,77
2011-01-20,40.0,Good,PM2.5,50.0,30.0,0.11,20.0,74
2011-01-21,56.0,Moderate,PM2.5,42.0,23.0,0.0,7.0,65
2011-01-22,48.0,Good,PM2.5,57.0,28.0,0.0,12.0,63
2011-01-23,52.0,Moderate,PM2.5,53.0,37.0,0.0,14.0,68
2011-01-24,59.0,Moderate,PM2.5,52.0,26.0,0.0,8.0,68
2011-01-25,45.0,Good,NO2,50.0,35.0,0.0,11.0,60
2011-01-26,47.0,Good,NO2,58.0,29.0,0.0,7.0,64
2011-01-27,52.0,Moderate,PM2.5,62.0,31.0,0.0,10.0,62
2011-01-28,44.0,Good,NO2,71.0,39.0,0.0,9.0,48
2011-01-29,52.0,Moderate,PM2.5,73.0,44.0,0.0,13.0,56
2011-01-30,58.0,Moderate,PM2.5,70.0,48.0,0.0,14.0,80
2011-01-31,86.0,Moderate,PM2.5,58.0,46.0,0.05,13.0,82
2011-02-01,32.0,Good,Ozone,51.0,17.0,0.72,27.0,71
2011-02-02,36.0,Good,Ozone,24.0,15.0,0.0,19.0,55
2011-02-03,38.0,Good,PM2.5,28.0,17.0,0.0,12.0,54
2011-02-04,53.0,Moderate,PM2.5,28.0,18.0,0.2,9.0,73
2011-02-05,60.0,Moderate,PM2.5,54.0,15.0,0.0,9.0,65
2011-02-06,50.0,Good,PM2.5,54.0,35.0,0.0,15.0,65
2011-02-07,38.0,Good,NO2,49.0,34.0,0.0,16.0,63
2011-02-08,42.0,Good,PM2.5,53.0,32.0,0.0,17.0,57
2011-02-09,34.0,Good,PM2.5,45.0,21.0,0.37,19.0,68
2011-02-10,44.0,Good,NO2,34.0,18.0,0.0,13.0,60
2011-02-11,61.0,Moderate,PM2.5,51.0,23.0,0.0,7.0,62
2011-02-12,48.0,Good,PM2.5,63.0,28.0,0.0,9.0,58
2011-02-13,46.0,Good,PM2.5,68.0,40.0,0.0,15.0,46
2011-02-14,55.0,Moderate,PM2.5,69.0,45.0,0.0,14.0,70
2011-02-15,38.0,Good,Ozone,74.0,55.0,0.0,14.0,79
2011-02-16,44.0,Good,PM2.5,72.0,58.0,0.0,17.0,78
2011-02-17,55.0,Moderate,PM2.5,73.0,61.0,0.0,21.0,76
2011-02-18,62.0,Moderate,PM2.5,79.0,61.0,0.0,14.0,78
2011-02-19,55.0,Moderate,PM2.5,74.0,57.0,0.0,13.0,75
2011-02-20,52.0,Moderate,PM2.5,73.0,60.0,0.0,16.0,76
2011-02-21,52.0,Moderate,PM2.5,77.0,51.0,0.0,18.0,65
2011-02-22,42.0,Good,PM2.5,65.0,42.0,0.03,11.0,54
2011-02-23,65.0,Moderate,PM2.5,68.0,58.0,0.08,10.0,89
2011-02-24,43.0,Good,PM2.5,78.0,58.0,0.3,17.0,70
2011-02-25,39.0,Good,NO2,56.0,38.0,0.0,14.0,62
2011-02-26,60.0,Moderate,PM2.5,73.0,44.0,0.0,14.0,78
2011-02-27,62.0,Moderate,PM2.5,77.0,63.0,0.02,20.0,82
2011-02-28,59.0,Moderate,PM2.5,70.0,51.0,0.05,16.0,45
2011-03-01,49.0,Good,NO2,66.0,40.0,0.0,6.0,58
2011-03-02,62.0,Moderate,PM2.5,71.0,45.0,0.0,8.0,56
2011-03-03,74.0,Moderate,Ozone,74.0,49.0,0.0,16.0,51
2011-03-04,59.0,Moderate,PM2.5,73.0,59.0,0.0,18.0,71
2011-03-05,61.0,Moderate,PM2.5,62.0,46.0,0.24,18.0,56
2011-03-06,45.0,Good,PM2.5,60.0,35.0,0.0,8.0,53
2011-03-07,57.0,Moderate,PM2.5,63.0,46.0,0.0,17.0,63
2011-03-08,53.0,Moderate,PM2.5,80.0,58.0,0.06,17.0,70
2011-03-09,40.0,Good,Ozone,63.0,49.0,0.0,16.0,53
2011-03-10,44.0,Good,Ozone,64.0,42.0,0.0,10.0,38
2011-03-11,64.0,Moderate,Ozone,75.0,46.0,0.0,19.0,33
2011-03-12,46.0,Good,Ozone,78.0,53.0,0.0,16.0,56
2011-03-13,51.0,Moderate,PM2.5,74.0,59.0,0.0,15.0,69
2011-03-14,41.0,Good,Ozone,68.0,47.0,0.17,15.0,60
2011-03-15,39.0,Good,PM2.5,63.0,40.0,0.0,7.0,60
2011-03-16,56.0,Moderate,PM2.5,72.0,53.0,0.0,16.0,68
2011-03-17,53.0,Moderate,PM2.5,82.0,62.0,0.0,21.0,66
2011-03-18,53.0,Moderate,PM2.5,84.0,63.0,0.0,17.0,65
2011-03-19,52.0,Moderate,PM2.5,82.0,64.0,0.0,15.0,63
2011-03-20,44.0,Good,PM2.5,80.0,62.0,0.0,16.0,61
2011-03-21,46.0,Good,PM2.5,82.0,62.0,0.0,17.0,60
2011-03-22,56.0,Moderate,PM2.5,82.0,64.0,0.0,25.0,58
2011-03-23,54.0,Moderate,Ozone,80.0,64.0,0.0,18.0,41
2011-03-24,60.0,Moderate,PM2.5,79.0,55.0,0.0,11.0,31
2011-03-25,57.0,Moderate,PM2.5,83.0,63.0,0.0,17.0,59
2011-03-26,66.0,Moderate,PM2.5,87.0,60.0,0.0,16.0,56
2011-03-27,55.0,Moderate,PM2.5,58.0,50.0,0.3,14.0,73
2011-03-28,63.0,Moderate,PM2.5,63.0,48.0,0.0,10.0,70
2011-03-29,82.0,Moderate,PM2.5,62.0,51.0,0.05,13.0,75
2011-03-30,84.0,Moderate,PM2.5,59.0,46.0,0.0,13.0,68
2011-03-31,73.0,Moderate,PM2.5,76.0,44.0,0.0,11.0,63
2011-04-01,59.0,Moderate,PM2.5,87.0,52.0,0.04,13.0,56
2011-04-02,63.0,Moderate,PM2.5,86.0,61.0,0.0,16.0,53
2011-04-03,63.0,Moderate,PM2.5,87.0,65.0,0.0,24.0,64
2011-04-04,40.0,Good,Ozone,75.0,57.0,0.0,23.0,44
2011-04-05,47.0,Good,Ozone,73.0,45.0,0.0,15.0,30
2011-04-06,58.0,Moderate,Ozone,84.0,55.0,0.0,21.0,40
2011-04-07,57.0,Moderate,PM2.5,80.0,63.0,0.0,18.0,67
2011-04-08,63.0,Moderate,PM2.5,91.0,68.0,0.0,18.0,66
2011-04-09,62.0,Moderate,PM2.5,91.0,70.0,0.0,21.0,55
2011-04-10,60.0,Moderate,PM2.5,90.0,71.0,0.0,20.0,56
2011-04-11,44.0,Good,Ozone,75.0,61.0,1.33,17.0,57
2011-04-12,67.0,Moderate,Ozone,76.0,56.0,0.0,6.0,48
2011-04-13,100.0,Moderate,Ozone,80.0,57.0,0.0,11.0,45
2011-04-14,75.0,Moderate,PM2.5,84.0,65.0,0.0,20.0,64
2011-04-15,64.0,Moderate,PM10,73.0,58.0,0.04,25.0,33
2011-04-16,54.0,Moderate,Ozone,73.0,52.0,0.0,11.0,26
2011-04-17,90.0,Moderate,Ozone,83.0,55.0,0.0,21.0,32
2011-04-18,70.0,Moderate,PM2.5,91.0,66.0,0.0,21.0,61
2011-04-19,85.0,Moderate,PM2.5,90.0,72.0,0.0,21.0,62
2011-04-20,68.0,Moderate,PM2.5,82.0,63.0,0.13,11.0,80
2011-04-21,78.0,Moderate,PM2.5,81.0,62.0,0.04,17.0,81
2011-04-22,68.0,Moderate,PM2.5,89.0,71.0,0.0,23.0,60
2011-04-23,68.0,Moderate,PM2.5,87.0,72.0,0.0,22.0,62
2011-04-24,59.0,Moderate,PM2.5,84.0,67.0,0.13,19.0,74
2011-04-25,66.0,Moderate,PM2.5,85.0,68.0,0.29,22.0,78
2011-04-26,69.0,Moderate,PM2.5,82.0,62.0,0.13,11.0,86
2011-04-27,53.0,Moderate,PM2.5,69.0,60.0,0.11,18.0,70
2011-04-28,56.0,Moderate,PM2.5,74.0,53.0,0.0,8.0,55
2011-04-29,90.0,Moderate,Ozone,84.0,58.0,0.0,21.0,44
2011-04-30,69.0,Moderate,PM2.5,86.0,67.0,0.06,20.0,66
2011-05-01,49.0,Good,PM2.5,74.0,49.0,1.33,19.0,86
2011-05-02,50.0,Good,PM2.5,53.0,48.0,1.91,13.0,87
2011-05-03,48.0,Good,Ozone,67.0,45.0,0.0,10.0,68
2011-05-04,64.0,Moderate,Ozone,73.0,48.0,0.0,9.0,61
2011-05-05,77.0,Moderate,Ozone,76.0,57.0,0.0,11.0,52
2011-05-06,64.0,Moderate,Ozone,84.0,57.0,0.0,13.0,57
2011-05-07,65.0,Moderate,PM2.5,90.0,65.0,0.0,18.0,52
2011-05-08,63.0,Moderate,PM2.5,92.0,69.0,0.0,16.0,62
2011-05-09,79.0,Moderate,PM2.5,94.0,72.0,0.0,19.0,57
2011-05-10,79.0,Moderate,PM2.5,88.0,73.0,0.0,20.0,58
2011-05-11,60.0,Moderate,PM2.5,84.0,71.0,0.21,19.0,71
2011-05-12,50.0,Good,PM2.5,80.0,66.0,0.04,16.0,83
2011-05-13,43.0,Good,Ozone,76.0,63.0,0.08,15.0,63
2011-05-14,39.0,Good,Ozone,69.0,56.0,0.0,14.0,58
2011-05-15,39.0,Good,Ozone,71.0,53.0,0.01,9.0,59
2011-05-16,44.0,Good,Ozone,72.0,55.0,0.0,9.0,60
2011-05-17,67.0,Moderate,Ozone,81.0,54.0,0.0,11.0,56
2011-05-18,56.0,Moderate,PM2.5,84.0,67.0,0.0,19.0,61
2011-05-19,60.0,Moderate,PM2.5,82.0,72.0,0.02,19.0,71
2011-05-20,77.0,Moderate,PM2.5,83.0,69.0,1.14,16.0,87
2011-05-21,73.0,Moderate,PM2.5,85.0,68.0,0.0,15.0,83
2011-05-22,78.0,Moderate,PM2.5,89.0,75.0,0.02,18.0,73
2011-05-23,64.0,Moderate,PM2.5,86.0,74.0,0.18,20.0,69
2011-05-24,78.0,Moderate,PM2.5,91.0,74.0,0.3,22.0,68
2011-05-25,84.0,Moderate,Ozone,89.0,74.0,0.0,19.0,53
2011-05-26,67.0,Moderate,Ozone,79.0,62.0,0.0,15.0,60
2011-05-27,65.0,Moderate,PM2.5,96.0,65.0,0.0,19.0,57
2011-05-28,82.0,Moderate,PM2.5,98.0,75.0,0.0,22.0,54
2011-05-29,74.0,Moderate,PM2.5,95.0,73.0,0.0,21.0,54
2011-05-30,70.0,Moderate,PM2.5,92.0,75.0,0.0,21.0,58
2011-05-31,61.0,Moderate,PM2.5,91.0,76.0,0.0,16.0,61
2011-06-01,56.0,Moderate,PM2.5,95.0,76.0,0.0,11.0,55
2011-06-02,67.0,Moderate,Ozone,96.0,72.0,0.0,13.0,50
2011-06-03,74.0,Moderate,Ozone,98.0,75.0,0.0,11.0,45
2011-06-04,57.0,Moderate,PM2.5,96.0,74.0,0.0,9.0,43
2011-06-05,112.0,Unhealthy for Sensitive Groups,Ozone,97.0,77.0,0.0,10.0,46
2011-06-06,122.0,Unhealthy for Sensitive Groups,Ozone,98.0,75.0,0.0,11.0,48
2011-06-07,97.0,Moderate,Ozone,96.0,77.0,0.01,11.0,48
2011-06-08,61.0,Moderate,PM2.5,96.0,77.0,0.0,12.0,51
2011-06-09,58.0,Moderate,PM2.5,95.0,77.0,0.0,15.0,46
2011-06-10,57.0,Moderate,PM2.5,96.0,78.0,0.0,13.0,49
2011-06-11,57.0,Moderate,PM2.5,96.0,79.0,0.0,10.0,46
2011-06-12,60.0,Moderate,PM2.5,98.0,79.0,0.0,12.0,41
2011-06-13,56.0,Moderate,PM2.5,100.0,80.0,0.0,13.0,42
2011-06-14,54.0,Moderate,PM2.5,100.0,79.0,0.0,15.0,40
2011-06-15,57.0,Moderate,PM2.5,95.0,79.0,0.0,16.0,53
2011-06-16,55.0,Moderate,PM2.5,101.0,80.0,0.0,17.0,47
2011-06-17,58.0,Moderate,PM2.5,103.0,80.0,0.0,22.0,47
2011-06-18,48.0,Good,PM2.5,104.0,80.0,0.0,21.0,45
2011-06-19,37.0,Good,PM2.5,103.0,81.0,0.0,22.0,43
2011-06-20,46.0,Good,PM2.5,99.0,80.0,0.0,24.0,47
2011-06-21,52.0,Moderate,PM2.5,93.0,77.0,0.11,18.0,62
2011-06-22,119.0,Unhealthy for Sensitive Groups,Ozone,91.0,75.0,0.48,10.0,70
2011-06-23,87.0,Moderate,Ozone,96.0,73.0,0.0,10.0,61
2011-06-24,43.0,Good,Ozone,95.0,76.0,0.0,12.0,58
2011-06-25,44.0,Good,PM2.5,93.0,77.0,0.0,17.0,62
2011-06-26,55.0,Moderate,PM2.5,98.0,78.0,0.0,18.0,55
2011-06-27,56.0,Moderate,PM2.5,101.0,79.0,0.0,20.0,51
2011-06-28,44.0,Good,Ozone,101.0,81.0,0.0,16.0,47
2011-06-29,55.0,Moderate,PM2.5,100.0,82.0,0.04,11.0,46
2011-06-30,64.0,Moderate,Ozone,99.0,82.0,0.08,8.0,46
2011-07-01,66.0,Moderate,PM2.5,99.0,80.0,0.01,6.0,43
2011-07-02,72.0,Moderate,PM2.5,100.0,81.0,0.0,6.0,40
2011-07-03,80.0,Moderate,Ozone,100.0,80.0,0.0,7.0,38
2011-07-04,77.0,Moderate,Ozone,101.0,83.0,0.0,9.0,39
2011-07-05,122.0,Unhealthy for Sensitive Groups,Ozone,100.0,82.0,0.0,8.0,39
2011-07-06,150.0,Unhealthy for Sensitive Groups,Ozone,101.0,80.0,0.0,10.0,39
2011-07-07,136.0,Unhealthy for Sensitive Groups,Ozone,102.0,81.0,0.0,13.0,43
2011-07-08,133.0,Unhealthy for Sensitive Groups,Ozone,104.0,85.0,0.01,13.0,37
2011-07-09,47.0,Good,PM2.5,102.0,86.0,0.0,13.0,35
2011-07-10,37.0,Good,PM2.5,101.0,84.0,0.0,12.0,40
2011-07-11,52.0,Moderate,PM2.5,100.0,84.0,0.0,12.0,43
2011-07-12,38.0,Good,PM2.5,99.0,85.0,0.01,11.0,43
2011-07-13,46.0,Good,Ozone,103.0,84.0,0.0,11.0,41
2011-07-14,49.0,Good,PM2.5,102.0,85.0,0.01,12.0,43
2011-07-15,100.0,Moderate,Ozone,102.0,86.0,0.0,11.0,42
2011-07-16,67.0,Moderate,Ozone,100.0,84.0,0.0,9.0,48
2011-07-17,64.0,Moderate,PM2.5,99.0,85.0,0.0,8.0,43
2011-07-18,93.0,Moderate,Ozone,99.0,84.0,0.0,9.0,50
2011-07-19,58.0,Moderate,Ozone,100.0,83.0,0.0,11.0,49
2011-07-20,61.0,Moderate,PM2.5,97.0,82.0,0.0,11.0,52
2011-07-21,64.0,Moderate,PM2.5,100.0,84.0,0.0,12.0,43
2011-07-22,51.0,Moderate,PM2.5,100.0,84.0,0.0,13.0,45
2011-07-23,53.0,Moderate,PM2.5,102.0,82.0,0.0,14.0,44
2011-07-24,44.0,Good,PM2.5,103.0,85.0,0.0,15.0,37
2011-07-25,101.0,Unhealthy for Sensitive Groups,Ozone,104.0,86.0,0.02,12.0,35
2011-07-26,59.0,Moderate,PM2.5,101.0,87.0,0.01,13.0,39
2011-07-27,58.0,Moderate,Ozone,103.0,85.0,0.0,10.0,38
2011-07-28,51.0,Moderate,PM2.5,100.0,86.0,0.0,12.0,40
2011-07-29,52.0,Moderate,PM2.5,98.0,84.0,0.02,12.0,51
2011-07-30,35.0,Good,Ozone,99.0,81.0,0.0,12.0,51
2011-07-31,48.0,Good,PM2.5,102.0,86.0,0.0,10.0,39
2011-08-01,136.0,Unhealthy for Sensitive Groups,Ozone,105.0,86.0,0.0,7.0,31
2011-08-02,126.0,Unhealthy for Sensitive Groups,Ozone,108.0,87.0,0.0,7.0,28
2011-08-03,154.0,Unhealthy,Ozone,108.0,88.0,0.0,12.0,31
2011-08-04,97.0,Moderate,Ozone,108.0,89.0,0.0,10.0,31
2011-08-05,61.0,Moderate,Ozone,107.0,87.0,0.0,11.0,36
2011-08-06,49.0,Good,Ozone,105.0,86.0,0.0,16.0,37
2011-08-07,45.0,Good,PM2.5,104.0,86.0,0.02,14.0,39
2011-08-08,43.0,Good,Ozone,104.0,86.0,0.0,15.0,39
2011-08-09,48.0,Good,PM2.5,105.0,84.0,0.0,17.0,41
2011-08-10,63.0,Moderate,PM2.5,103.0,85.0,0.0,14.0,39
2011-08-11,55.0,Moderate,PM2.5,99.0,83.0,0.05,15.0,58
2011-08-12,52.0,Moderate,PM2.5,101.0,84.0,0.01,11.0,50
2011-08-13,54.0,Moderate,PM2.5,94.0,85.0,0.01,10.0,56
2011-08-14,97.0,Moderate,Ozone,98.0,80.0,0.0,7.0,55
2011-08-15,93.0,Moderate,Ozone,103.0,81.0,0.0,11.0,43
2011-08-16,48.0,Good,PM2.5,104.0,85.0,0.0,14.0,36
2011-08-17,64.0,Moderate,Ozone,103.0,85.0,0.0,12.0,35
2011-08-18,80.0,Moderate,Ozone,105.0,85.0,0.0,8.0,31
2011-08-19,80.0,Moderate,Ozone,106.0,86.0,0.0,8.0,30
2011-08-20,115.0,Unhealthy for Sensitive Groups,Ozone,105.0,87.0,0.0,10.0,31
2011-08-21,90.0,Moderate,Ozone,101.0,87.0,0.0,12.0,40
2011-08-22,80.0,Moderate,Ozone,103.0,86.0,0.0,9.0,37
2011-08-23,80.0,Moderate,Ozone,104.0,86.0,0.0,9.0,35
2011-08-24,90.0,Moderate,Ozone,104.0,86.0,0.0,15.0,39
2011-08-25,161.0,Unhealthy,Ozone,100.0,81.0,0.0,10.0,52
2011-08-26,182.0,Unhealthy,Ozone,102.0,85.0,0.0,8.0,43
2011-08-27,177.0,Unhealthy,Ozone,105.0,83.0,0.0,8.0,38
2011-08-28,151.0,Unhealthy,Ozone,105.0,83.0,0.0,8.0,31
2011-08-29,140.0,Unhealthy for Sensitive Groups,Ozone,103.0,87.0,0.0,13.0,32
2011-08-30,108.0,Unhealthy for Sensitive Groups,Ozone,102.0,87.0,0.0,13.0,34
2011-08-31,90.0,Moderate,Ozone,103.0,85.0,0.0,13.0,35
2011-09-01,97.0,Moderate,Ozone,101.0,84.0,0.0,9.0,32
2011-09-02,61.0,Moderate,Ozone,99.0,83.0,0.0,10.0,41
2011-09-03,77.0,Moderate,Ozone,98.0,80.0,0.0,13.0,41
2011-09-04,84.0,Moderate,Ozone,96.0,80.0,0.0,21.0,41
2011-09-05,40.0,Good,Ozone,85.0,70.0,0.0,19.0,30
2011-09-06,93.0,Moderate,Ozone,87.0,66.0,0.0,8.0,33
2011-09-07,143.0,Unhealthy for Sensitive Groups,Ozone,90.0,67.0,0.0,12.0,27
2011-09-08,80.0,Moderate,Ozone,88.0,72.0,0.0,13.0,25
2011-09-09,90.0,Moderate,Ozone,89.0,67.0,0.0,8.0,28
2011-09-10,84.0,Moderate,Ozone,92.0,66.0,0.0,5.0,32
2011-09-11,90.0,Moderate,Ozone,96.0,70.0,0.0,6.0,29
2011-09-12,150.0,Unhealthy for Sensitive Groups,Ozone,100.0,71.0,0.0,7.0,30
2011-09-13,101.0,Unhealthy for Sensitive Groups,Ozone,107.0,83.0,0.0,13.0,23
2011-09-14,74.0,Moderate,Ozone,100.0,82.0,0.0,18.0,29
2011-09-15,59.0,Moderate,PM2.5,80.0,68.0,0.17,14.0,61
2011-09-16,68.0,Moderate,PM2.5,89.0,68.0,0.0,10.0,54
2011-09-17,64.0,Moderate,PM2.5,90.0,75.0,0.0,13.0,59
2011-09-18,48.0,Good,PM2.5,93.0,74.0,0.26,11.0,66
2011-09-19,48.0,Good,Ozone,85.0,69.0,0.02,10.0,63
2011-09-20,126.0,Unhealthy for Sensitive Groups,Ozone,87.0,65.0,0.0,6.0,53
2011-09-21,140.0,Unhealthy for Sensitive Groups,Ozone,92.0,69.0,0.0,6.0,48
2011-09-22,57.0,Moderate,PM2.5,87.0,69.0,0.0,14.0,54
2011-09-23,64.0,Moderate,Ozone,82.0,61.0,0.0,9.0,55
2011-09-24,84.0,Moderate,Ozone,95.0,64.0,0.0,15.0,38
2011-09-25,122.0,Unhealthy for Sensitive Groups,Ozone,97.0,77.0,0.0,16.0,33
2011-09-26,93.0,Moderate,Ozone,91.0,67.0,0.0,11.0,49
2011-09-27,101.0,Unhealthy for Sensitive Groups,Ozone,94.0,70.0,0.0,8.0,49
2011-09-28,156.0,Unhealthy,Ozone,95.0,72.0,0.0,8.0,33
2011-09-29,179.0,Unhealthy,Ozone,100.0,71.0,0.0,10.0,31
2011-09-30,42.0,Good,PM2.5,84.0,71.0,0.0,16.0,26
2011-10-01,50.0,Good,Ozone,83.0,61.0,0.0,7.0,28
2011-10-02,71.0,Moderate,Ozone,83.0,61.0,0.0,8.0,31
2011-10-03,93.0,Moderate,Ozone,86.0,61.0,0.0,6.0,30
2011-10-04,93.0,Moderate,Ozone,86.0,62.0,0.0,7.0,31
2011-10-05,64.0,Moderate,Ozone,86.0,64.0,0.0,12.0,36
2011-10-06,59.0,Moderate,PM2.5,87.0,68.0,0.0,17.0,51
2011-10-07,51.0,Moderate,PM2.5,88.0,74.0,0.0,17.0,61
2011-10-08,43.0,Good,PM2.5,87.0,72.0,0.0,18.0,56
2011-10-09,30.0,Good,Ozone,78.0,68.0,0.42,10.0,80
2011-10-10,31.0,Good,Ozone,75.0,64.0,0.07,7.0,79
2011-10-11,52.0,Moderate,PM2.5,82.0,64.0,0.01,6.0,71
2011-10-12,45.0,Good,Ozone,80.0,66.0,0.96,9.0,71
2011-10-13,42.0,Good,NO2,77.0,62.0,0.0,12.0,46
2011-10-14,54.0,Moderate,NO2,83.0,56.0,0.0,7.0,54
2011-10-15,90.0,Moderate,Ozone,86.0,59.0,0.0,7.0,50
2011-10-16,74.0,Moderate,Ozone,86.0,65.0,0.0,9.0,53
2011-10-17,48.0,Good,Ozone,88.0,65.0,0.12,15.0,52
2011-10-18,41.0,Good,PM2.5,67.0,56.0,0.25,20.0,48
2011-10-19,39.0,Good,Ozone,67.0,52.0,0.0,16.0,36
2011-10-20,48.0,Good,PM2.5,71.0,46.0,0.0,9.0,49
2011-10-21,54.0,Moderate,NO2,80.0,54.0,0.0,8.0,52
2011-10-22,42.0,Good,Ozone,82.0,64.0,0.0,13.0,65
2011-10-23,41.0,Good,PM2.5,78.0,66.0,0.41,9.0,78
2011-10-24,60.0,Moderate,PM2.5,79.0,59.0,0.0,9.0,78
2011-10-25,53.0,Moderate,PM2.5,85.0,65.0,0.0,17.0,54
2011-10-26,46.0,Good,PM2.5,84.0,68.0,0.0,14.0,60
2011-10-27,26.0,Good,Ozone,69.0,51.0,0.37,16.0,72
2011-10-28,49.0,Good,PM2.5,60.0,50.0,0.0,14.0,62
2011-10-29,52.0,Moderate,PM2.5,65.0,43.0,0.0,8.0,59
2011-10-30,52.0,Moderate,PM2.5,70.0,49.0,0.0,9.0,49
2011-10-31,57.0,Moderate,PM2.5,75.0,48.0,0.0,11.0,55
2011-11-01,61.0,Moderate,Ozone,77.0,57.0,0.0,14.0,49
2011-11-02,53.0,Moderate,PM2.5,80.0,52.0,0.05,21.0,63
2011-11-03,31.0,Good,Ozone,57.0,45.0,0.0,21.0,41
2011-11-04,44.0,Good,PM2.5,62.0,40.0,0.0,6.0,50
2011-11-05,52.0,Moderate,PM2.5,70.0,47.0,0.0,17.0,55
2011-11-06,56.0,Moderate,PM2.5,77.0,63.0,0.03,16.0,74
2011-11-07,42.0,Good,PM2.5,75.0,68.0,0.44,16.0,85
2011-11-08,31.0,Good,PM2.5,72.0,58.0,0.2,17.0,74
2011-11-09,38.0,Good,NO2,60.0,47.0,0.0,17.0,53
2011-11-10,42.0,Good,NO2,63.0,43.0,0.0,9.0,50
2011-11-11,36.0,Good,NO2,68.0,45.0,0.0,14.0,41
2011-11-12,41.0,Good,Ozone,75.0,53.0,0.0,20.0,48
2011-11-13,43.0,Good,PM2.5,82.0,64.0,0.0,18.0,65
2011-11-14,61.0,Moderate,PM2.5,80.0,68.0,0.0,17.0,72
2011-11-15,61.0,Moderate,PM2.5,80.0,66.0,0.12,11.0,80
2011-11-16,43.0,Good,PM2.5,67.0,52.0,0.01,15.0,75
2011-11-17,36.0,Good,NO2,56.0,42.0,0.0,15.0,45
2011-11-18,49.0,Good,PM2.5,66.0,44.0,0.0,17.0,52
2011-11-19,52.0,Moderate,PM2.5,75.0,62.0,0.01,18.0,77
2011-11-20,55.0,Moderate,PM2.5,77.0,63.0,0.9,13.0,93
2011-11-21,63.0,Moderate,PM2.5,67.0,51.0,1.49,12.0,92
2011-11-22,29.0,Good,NO2,67.0,49.0,0.35,13.0,82
2011-11-23,60.0,Moderate,PM2.5,64.0,45.0,0.0,6.0,83
2011-11-24,81.0,Moderate,PM2.5,64.0,45.0,0.0,9.0,81
2011-11-25,62.0,Moderate,PM2.5,68.0,51.0,0.0,15.0,81
2011-11-26,29.0,Good,Ozone,65.0,50.0,0.41,22.0,73
2011-11-27,32.0,Good,Ozone,50.0,42.0,0.0,18.0,36
2011-11-28,41.0,Good,NO2,53.0,35.0,0.0,7.0,54
2011-11-29,56.0,Moderate,PM2.5,58.0,38.0,0.0,11.0,63
2011-11-30,35.0,Good,NO2,57.0,38.0,0.0,9.0,65
2011-12-01,61.0,Moderate,PM2.5,65.0,43.0,0.07,9.0,71
2011-12-02,82.0,Moderate,PM2.5,61.0,53.0,0.07,14.0,84
2011-12-03,38.0,Good,PM2.5,65.0,54.0,1.04,18.0,81
2011-12-04,22.0,Good,PM2.5,56.0,43.0,1.53,12.0,89
2011-12-05,33.0,Good,PM2.5,43.0,36.0,0.8,18.0,77
2011-12-06,51.0,Moderate,PM2.5,39.0,32.0,0.0,14.0,57
2011-12-07,51.0,Moderate,PM2.5,44.0,26.0,0.0,12.0,62
2011-12-08,57.0,Moderate,PM2.5,53.0,32.0,0.0,10.0,67
2011-12-09,77.0,Moderate,PM2.5,50.0,35.0,0.0,7.0,84
2011-12-10,82.0,Moderate,PM2.5,51.0,38.0,0.0,9.0,76
2011-12-11,68.0,Moderate,PM2.5,51.0,39.0,0.0,8.0,67
2011-12-12,57.0,Moderate,PM2.5,52.0,46.0,0.0,8.0,57
2011-12-13,65.0,Moderate,PM2.5,62.0,50.0,0.0,15.0,77
2011-12-14,48.0,Good,PM2.5,66.0,61.0,1.04,16.0,95
2011-12-15,42.0,Good,PM2.5,64.0,45.0,0.8,11.0,81
2011-12-16,38.0,Good,PM2.5,53.0,42.0,0.24,12.0,65
2011-12-17,60.0,Moderate,PM2.5,55.0,35.0,0.0,8.0,64
2011-12-18,59.0,Moderate,PM2.5,57.0,41.0,0.0,10.0,66
2011-12-19,44.0,Good,PM2.5,65.0,52.0,0.83,16.0,73
2011-12-20,24.0,Good,PM2.5,56.0,41.0,0.0,16.0,72
2011-12-21,44.0,Good,PM2.5,53.0,35.0,0.0,7.0,71
2011-12-22,52.0,Moderate,PM2.5,59.0,43.0,0.01,13.0,76
2011-12-23,57.0,Moderate,PM2.5,49.0,40.0,0.01,13.0,72
2011-12-24,57.0,Moderate,PM2.5,46.0,39.0,0.06,9.0,75
2011-12-25,52.0,Moderate,PM2.5,47.0,41.0,0.07,6.0,83
2011-12-26,44.0,Good,PM2.5,47.0,40.0,0.02,12.0,78
2011-12-27,41.0,Good,PM2.5,56.0,37.0,0.0,10.0,64
2011-12-28,57.0,Moderate,PM2.5,59.0,37.0,0.0,13.0,74
2011-12-29,62.0,Moderate,PM2.5,62.0,36.0,0.0,11.0,79
2011-12-30,55.0,Moderate,PM2.5,64.0,45.0,0.0,12.0,65
2011-12-31,57.0,Moderate,PM2.5,69.0,39.0,0.0,13.0,75
2012-01-01,36.0,Good,PM2.5,59.0,44.0,0.0,19.0,46
2012-01-02,34.0,Good,NO2,51.0,38.0,0.0,10.0,55
2012-01-03,46.0,Good,PM2.5,56.0,31.0,0.0,16.0,65
2012-01-04,59.0,Moderate,PM2.5,58.0,40.0,0.0,14.0,60
2012-01-05,66.0,Moderate,PM2.5,63.0,35.0,0.0,7.0,76
2012-01-06,54.0,Moderate,PM2.5,71.0,49.0,0.0,14.0,76
2012-01-07,54.0,Moderate,PM2.5,59.0,46.0,0.0,12.0,80
2012-01-08,81.0,Moderate,PM2.5,59.0,46.0,0.01,9.0,80
2012-01-09,67.0,Moderate,PM2.5,52.0,46.0,0.95,16.0,89
2012-01-10,53.0,Moderate,PM2.5,47.0,43.0,0.2,12.0,84
2012-01-11,45.0,Good,PM2.5,63.0,37.0,0.0,23.0,70
2012-01-12,42.0,Good,PM2.5,46.0,33.0,0.0,20.0,41
2012-01-13,59.0,Moderate,PM2.5,54.0,29.0,0.0,10.0,60
2012-01-14,46.0,Good,PM2.5,63.0,38.0,0.0,10.0,57
2012-01-15,47.0,Good,PM2.5,63.0,40.0,0.0,18.0,65
2012-01-16,38.0,Good,PM2.5,70.0,58.0,0.0,22.0,82
2012-01-17,46.0,Good,PM2.5,64.0,40.0,0.0,17.0,67
2012-01-18,52.0,Moderate,PM2.5,52.0,33.0,0.0,10.0,56
2012-01-19,54.0,Moderate,PM2.5,69.0,44.0,0.0,12.0,67
2012-01-20,61.0,Moderate,PM2.5,74.0,48.0,0.0,15.0,81
2012-01-21,76.0,Moderate,PM2.5,56.0,41.0,0.0,17.0,70
2012-01-22,92.0,Moderate,PM2.5,75.0,46.0,0.0,19.0,69
2012-01-23,39.0,Good,NO2,60.0,40.0,0.0,16.0,61
2012-01-24,60.0,Moderate,PM2.5,67.0,43.0,0.85,13.0,74
2012-01-25,40.0,Good,PM2.5,54.0,48.0,2.55,16.0,95
2012-01-26,38.0,Good,PM2.5,60.0,46.0,0.04,16.0,75
2012-01-27,52.0,Moderate,PM2.5,65.0,37.0,0.0,18.0,69
2012-01-28,53.0,Moderate,PM2.5,54.0,41.0,0.0,17.0,51
2012-01-29,64.0,Moderate,PM2.5,58.0,33.0,0.0,9.0,64
2012-01-30,55.0,Moderate,PM2.5,66.0,44.0,0.0,17.0,64
2012-01-31,49.0,Good,PM2.5,72.0,57.0,0.0,16.0,77
2012-02-01,60.0,Moderate,PM2.5,72.0,53.0,0.0,9.0,83
2012-02-02,61.0,Moderate,PM2.5,72.0,52.0,0.04,11.0,87
2012-02-03,46.0,Good,PM2.5,72.0,62.0,0.53,17.0,91
2012-02-04,26.0,Good,Ozone,63.0,47.0,0.22,14.0,68
2012-02-05,55.0,Moderate,PM2.5,47.0,40.0,0.0,13.0,62
2012-02-06,61.0,Moderate,PM2.5,52.0,35.0,0.0,5.0,74
2012-02-07,64.0,Moderate,PM2.5,57.0,47.0,0.01,5.0,71
2012-02-08,63.0,Moderate,PM2.5,47.0,42.0,0.0,11.0,78
2012-02-09,69.0,Moderate,PM2.5,55.0,37.0,0.0,6.0,76
2012-02-10,61.0,Moderate,PM2.5,56.0,44.0,0.2,13.0,73
2012-02-11,48.0,Good,PM2.5,42.0,31.0,0.0,16.0,46
2012-02-12,41.0,Good,PM2.5,44.0,28.0,0.05,9.0,48
2012-02-13,54.0,Moderate,PM2.5,49.0,35.0,0.32,9.0,89
2012-02-14,57.0,Moderate,PM2.5,64.0,40.0,0.0,12.0,90
2012-02-15,61.0,Moderate,PM2.5,72.0,52.0,0.38,13.0,75
2012-02-16,59.0,Moderate,PM2.5,56.0,45.0,0.01,11.0,72
2012-02-17,58.0,Moderate,PM2.5,61.0,44.0,0.07,8.0,84
2012-02-18,49.0,Good,PM2.5,52.0,48.0,1.59,16.0,88
2012-02-19,64.0,Moderate,PM2.5,55.0,42.0,0.0,12.0,80
2012-02-20,63.0,Moderate,PM2.5,62.0,45.0,0.0,19.0,77
2012-02-21,59.0,Moderate,PM2.5,67.0,36.0,0.0,14.0,56
2012-02-22,43.0,Good,NO2,75.0,57.0,0.0,17.0,65
2012-02-23,33.0,Good,Ozone,80.0,59.0,0.0,19.0,38
2012-02-24,40.0,Good,NO2,57.0,44.0,0.0,20.0,39
2012-02-25,44.0,Good,Ozone,62.0,38.0,0.0,11.0,51
2012-02-26,43.0,Good,Ozone,64.0,42.0,0.0,15.0,58
2012-02-27,53.0,Moderate,PM2.5,67.0,52.0,0.0,10.0,77
2012-02-28,57.0,Moderate,PM2.5,72.0,59.0,0.04,20.0,82
2012-02-29,52.0,Moderate,NO2,73.0,56.0,0.08,17.0,60
2012-03-01,62.0,Moderate,PM2.5,80.0,48.0,0.0,15.0,65
2012-03-02,55.0,Moderate,PM2.5,69.0,54.0,0.0,18.0,62
2012-03-03,51.0,Moderate,PM2.5,59.0,45.0,0.0,12.0,45
2012-03-04,46.0,Good,PM2.5,72.0,41.0,0.0,10.0,43
2012-03-05,52.0,Moderate,PM2.5,75.0,45.0,0.0,13.0,55
2012-03-06,42.0,Good,Ozone,71.0,53.0,0.0,24.0,59
2012-03-07,38.0,Good,PM2.5,71.0,63.0,0.03,22.0,72
2012-03-08,39.0,Good,PM2.5,70.0,46.0,0.69,20.0,85
2012-03-09,44.0,Good,PM2.5,53.0,44.0,0.09,16.0,56
2012-03-10,50.0,Good,PM2.5,56.0,46.0,0.46,13.0,69
2012-03-11,29.0,Good,Ozone,64.0,51.0,0.87,9.0,87
2012-03-12,44.0,Good,Ozone,77.0,53.0,0.0,12.0,75
2012-03-13,55.0,Moderate,PM2.5,75.0,59.0,0.0,12.0,83
2012-03-14,47.0,Good,PM2.5,77.0,63.0,0.11,16.0,85
2012-03-15,41.0,Good,PM2.5,79.0,66.0,0.01,15.0,79
2012-03-16,46.0,Good,PM2.5,78.0,65.0,0.01,15.0,79
2012-03-17,32.0,Good,PM2.5,78.0,64.0,0.0,18.0,74
2012-03-18,41.0,Good,PM2.5,76.0,65.0,0.01,22.0,77
2012-03-19,55.0,Moderate,PM2.5,78.0,63.0,1.04,28.0,77
2012-03-20,42.0,Good,Ozone,65.0,53.0,2.19,12.0,76
2012-03-21,44.0,Good,Ozone,65.0,50.0,0.0,13.0,61
2012-03-22,35.0,Good,Ozone,74.0,50.0,0.11,19.0,66
2012-03-23,64.0,Moderate,Ozone,72.0,46.0,0.0,7.0,69
2012-03-24,119.0,Unhealthy for Sensitive Groups,Ozone,77.0,51.0,0.0,7.0,71
2012-03-25,119.0,Unhealthy for Sensitive Groups,Ozone,80.0,59.0,0.0,6.0,73
2012-03-26,84.0,Moderate,Ozone,82.0,56.0,0.0,9.0,71
2012-03-27,54.0,Moderate,PM2.5,78.0,61.0,0.0,13.0,70
2012-03-28,58.0,Moderate,PM2.5,75.0,62.0,0.03,11.0,77
2012-03-29,56.0,Moderate,PM2.5,76.0,63.0,0.08,10.0,84
2012-03-30,62.0,Moderate,PM2.5,80.0,65.0,0.0,10.0,82
2012-03-31,58.0,Moderate,PM2.5,83.0,65.0,0.0,11.0,77
2012-04-01,60.0,Moderate,PM2.5,84.0,67.0,0.0,17.0,77
2012-04-02,62.0,Moderate,PM2.5,80.0,68.0,0.01,17.0,80
2012-04-03,60.0,Moderate,PM2.5,76.0,64.0,0.46,14.0,91
2012-04-04,38.0,Good,Ozone,73.0,60.0,0.0,8.0,77
2012-04-05,44.0,Good,Ozone,75.0,55.0,0.01,8.0,66
2012-04-06,52.0,Moderate,PM2.5,76.0,55.0,0.0,9.0,72
2012-04-07,71.0,Moderate,Ozone,81.0,61.0,0.04,9.0,75
2012-04-08,68.0,Moderate,PM2.5,74.0,64.0,0.06,12.0,81
2012-04-09,70.0,Moderate,PM2.5,74.0,58.0,0.06,6.0,83
2012-04-10,93.0,Moderate,Ozone,81.0,64.0,0.0,6.0,73
2012-04-11,71.0,Moderate,Ozone,81.0,62.0,0.0,11.0,69
2012-04-12,65.0,Moderate,PM2.5,78.0,64.0,0.01,15.0,73
2012-04-13,56.0,Moderate,PM2.5,78.0,66.0,0.0,17.0,71
2012-04-14,56.0,Moderate,PM2.5,81.0,70.0,0.03,24.0,74
2012-04-15,53.0,Moderate,PM2.5,74.0,59.0,0.61,23.0,70
2012-04-16,43.0,Good,Ozone,72.0,54.0,0.0,10.0,66
2012-04-17,49.0,Good,Ozone,76.0,54.0,0.0,8.0,69
2012-04-18,58.0,Moderate,Ozone,77.0,56.0,0.0,9.0,71
2012-04-19,84.0,Moderate,Ozone,80.0,59.0,0.0,15.0,61
2012-04-20,41.0,Good,Ozone,69.0,61.0,0.03,16.0,68
2012-04-21,50.0,Good,Ozone,72.0,51.0,0.0,12.0,55
2012-04-22,50.0,Good,Ozone,80.0,53.0,0.0,14.0,58
2012-04-23,58.0,Moderate,Ozone,72.0,51.0,0.0,8.0,51
2012-04-24,108.0,Unhealthy for Sensitive Groups,Ozone,84.0,55.0,0.0,15.0,53
2012-04-25,53.0,Moderate,PM2.5,88.0,65.0,0.0,18.0,59
2012-04-26,52.0,Moderate,PM2.5,89.0,69.0,0.0,15.0,62
2012-04-27,55.0,Moderate,PM2.5,87.0,68.0,0.0,20.0,57
2012-04-28,64.0,Moderate,PM2.5,87.0,68.0,0.0,20.0,60
2012-04-29,60.0,Moderate,PM2.5,85.0,70.0,0.01,16.0,60
2012-04-30,55.0,Moderate,PM2.5,84.0,71.0,0.26,15.0,74
2012-05-01,51.0,Moderate,PM2.5,86.0,70.0,0.0,19.0,64
2012-05-02,52.0,Moderate,PM2.5,84.0,69.0,0.0,17.0,68
2012-05-03,51.0,Moderate,PM2.5,90.0,70.0,0.0,11.0,65
2012-05-04,50.0,Good,PM2.5,91.0,72.0,0.0,15.0,63
2012-05-05,63.0,Moderate,PM2.5,92.0,71.0,0.0,14.0,66
2012-05-06,57.0,Moderate,PM2.5,90.0,75.0,0.0,16.0,63
2012-05-07,93.0,Moderate,Ozone,87.0,70.0,0.33,11.0,73
2012-05-08,36.0,Good,PM2.5,74.0,68.0,0.06,12.0,80
2012-05-09,67.0,Moderate,Ozone,81.0,64.0,0.0,9.0,57
2012-05-10,74.0,Moderate,Ozone,81.0,60.0,0.09,10.0,55
2012-05-11,58.0,Moderate,PM2.5,74.0,63.0,2.21,8.0,86
2012-05-12,45.0,Good,PM2.5,72.0,64.0,0.03,12.0,81
2012-05-13,59.0,Moderate,PM2.5,79.0,61.0,0.0,6.0,70
2012-05-14,64.0,Moderate,Ozone,80.0,61.0,0.0,6.0,68
2012-05-15,77.0,Moderate,Ozone,81.0,62.0,0.0,8.0,60
2012-05-16,151.0,Unhealthy,Ozone,84.0,61.0,0.0,9.0,64
2012-05-17,112.0,Unhealthy for Sensitive Groups,Ozone,86.0,63.0,0.0,8.0,59
2012-05-18,105.0,Unhealthy for Sensitive Groups,Ozone,86.0,67.0,0.0,14.0,56
2012-05-19,74.0,Moderate,Ozone,86.0,67.0,0.0,16.0,58
2012-05-20,90.0,Moderate,Ozone,86.0,67.0,0.0,12.0,57
2012-05-21,90.0,Moderate,Ozone,85.0,66.0,0.02,6.0,69
2012-05-22,136.0,Unhealthy for Sensitive Groups,Ozone,89.0,65.0,0.02,7.0,53
2012-05-23,55.0,Moderate,PM2.5,90.0,72.0,0.0,18.0,51
2012-05-24,53.0,Moderate,PM2.5,92.0,72.0,0.0,21.0,58
2012-05-25,56.0,Moderate,PM2.5,94.0,74.0,0.0,18.0,59
2012-05-26,53.0,Moderate,PM2.5,91.0,75.0,0.0,15.0,60
2012-05-27,48.0,Good,PM2.5,91.0,72.0,0.0,15.0,55
2012-05-28,46.0,Good,PM2.5,90.0,73.0,0.0,13.0,55
2012-05-29,45.0,Good,Ozone,92.0,73.0,0.04,11.0,66
2012-05-30,52.0,Moderate,PM2.5,93.0,74.0,0.0,16.0,56
2012-05-31,64.0,Moderate,Ozone,83.0,68.0,0.57,12.0,71
2012-06-01,101.0,Unhealthy for Sensitive Groups,Ozone,83.0,63.0,0.0,12.0,53
2012-06-02,53.0,Moderate,PM2.5,94.0,71.0,0.04,11.0,56
2012-06-03,43.0,Good,PM2.5,94.0,74.0,0.0,13.0,56
2012-06-04,53.0,Moderate,PM2.5,91.0,75.0,0.02,16.0,62
2012-06-05,87.0,Moderate,Ozone,94.0,72.0,0.11,11.0,68
2012-06-06,64.0,Moderate,Ozone,91.0,74.0,1.01,12.0,70
2012-06-07,58.0,Moderate,PM2.5,75.0,68.0,0.73,14.0,83
2012-06-08,100.0,Moderate,Ozone,83.0,70.0,0.0,9.0,64
2012-06-09,71.0,Moderate,Ozone,88.0,70.0,0.0,8.0,69
2012-06-10,54.0,Moderate,PM2.5,93.0,75.0,0.0,16.0,62
2012-06-11,60.0,Moderate,PM2.5,96.0,78.0,0.0,17.0,62
2012-06-12,54.0,Moderate,Ozone,87.0,71.0,1.13,18.0,78
2012-06-13,55.0,Moderate,PM2.5,86.0,71.0,0.03,10.0,81
2012-06-14,55.0,Moderate,PM2.5,89.0,73.0,0.0,13.0,75
2012-06-15,52.0,Moderate,PM2.5,87.0,76.0,0.01,12.0,71
2012-06-16,44.0,Good,PM2.5,89.0,77.0,0.13,11.0,71
2012-06-17,53.0,Moderate,PM2.5,89.0,74.0,0.01,9.0,69
2012-06-18,61.0,Moderate,Ozone,90.0,74.0,0.0,13.0,63
2012-06-19,37.0,Good,PM2.5,90.0,75.0,0.01,18.0,68
2012-06-20,48.0,Good,PM2.5,90.0,75.0,0.0,15.0,64
2012-06-21,71.0,Moderate,Ozone,90.0,74.0,0.0,7.0,64
2012-06-22,105.0,Unhealthy for Sensitive Groups,Ozone,92.0,73.0,0.0,7.0,69
2012-06-23,90.0,Moderate,Ozone,94.0,76.0,0.0,9.0,54
2012-06-24,154.0,Unhealthy,Ozone,95.0,73.0,0.0,5.0,54
2012-06-25,197.0,Unhealthy,Ozone,99.0,75.0,0.0,5.0,55
2012-06-26,190.0,Unhealthy,Ozone,102.0,79.0,0.0,9.0,53
2012-06-27,140.0,Unhealthy for Sensitive Groups,Ozone,100.0,81.0,0.0,9.0,45
2012-06-28,100.0,Moderate,Ozone,99.0,81.0,0.0,9.0,40
2012-06-29,72.0,Moderate,PM2.5,97.0,80.0,0.0,11.0,46
2012-06-30,57.0,Moderate,PM2.5,96.0,79.0,0.0,13.0,52
2012-07-01,53.0,Moderate,PM2.5,93.0,78.0,0.0,13.0,61
2012-07-02,84.0,Moderate,PM2.5,92.0,79.0,0.0,11.0,58
2012-07-03,92.0,Moderate,PM2.5,96.0,78.0,0.0,12.0,45
2012-07-04,73.0,Moderate,PM2.5,96.0,78.0,0.0,11.0,50
2012-07-05,65.0,Moderate,PM2.5,97.0,80.0,0.0,11.0,46
2012-07-06,66.0,Moderate,PM2.5,98.0,79.0,0.0,9.0,45
2012-07-07,65.0,Moderate,PM2.5,98.0,80.0,0.07,19.0,51
2012-07-08,93.0,Moderate,Ozone,94.0,78.0,0.0,8.0,62
2012-07-09,122.0,Unhealthy for Sensitive Groups,Ozone,93.0,77.0,0.15,9.0,68
2012-07-10,87.0,Moderate,Ozone,89.0,76.0,0.11,7.0,73
2012-07-11,64.0,Moderate,Ozone,92.0,76.0,0.01,8.0,70
2012-07-12,47.0,Good,Ozone,91.0,75.0,0.03,10.0,70
2012-07-13,58.0,Moderate,Ozone,93.0,74.0,0.0,10.0,67
2012-07-14,51.0,Moderate,PM2.5,94.0,75.0,0.02,10.0,66
2012-07-15,46.0,Good,Ozone,90.0,73.0,0.13,8.0,71
2012-07-16,58.0,Moderate,PM2.5,92.0,75.0,0.03,11.0,69
2012-07-17,53.0,Moderate,PM2.5,95.0,76.0,0.02,11.0,62
2012-07-18,39.0,Good,Ozone,97.0,77.0,0.0,11.0,59
2012-07-19,54.0,Moderate,Ozone,100.0,80.0,0.0,11.0,52
2012-07-20,61.0,Moderate,Ozone,104.0,82.0,0.0,11.0,40
2012-07-21,150.0,Unhealthy for Sensitive Groups,Ozone,105.0,81.0,0.0,7.0,40
2012-07-22,69.0,Moderate,PM2.5,98.0,82.0,0.0,12.0,45
2012-07-23,75.0,Moderate,PM2.5,97.0,81.0,0.0,13.0,47
2012-07-24,53.0,Moderate,PM2.5,97.0,79.0,0.0,13.0,52
2012-07-25,46.0,Good,PM2.5,99.0,81.0,0.0,15.0,50
2012-07-26,52.0,Moderate,PM2.5,96.0,81.0,0.17,15.0,59
2012-07-27,80.0,Moderate,PM2.5,95.0,81.0,0.0,12.0,55
2012-07-28,85.0,Moderate,PM2.5,101.0,81.0,0.0,8.0,43
2012-07-29,77.0,Moderate,Ozone,104.0,82.0,0.0,7.0,34
2012-07-30,93.0,Moderate,Ozone,103.0,83.0,0.0,10.0,36
2012-07-31,87.0,Moderate,Ozone,104.0,83.0,0.0,11.0,39
2012-08-01,64.0,Moderate,Ozone,105.0,84.0,0.0,14.0,40
2012-08-02,67.0,Moderate,PM2.5,105.0,84.0,0.0,13.0,36
2012-08-03,66.0,Moderate,PM2.5,103.0,82.0,0.0,13.0,42
2012-08-04,54.0,Moderate,PM2.5,101.0,82.0,0.0,13.0,42
2012-08-05,61.0,Moderate,PM2.5,100.0,84.0,0.0,10.0,44
2012-08-06,140.0,Unhealthy for Sensitive Groups,Ozone,100.0,84.0,0.0,11.0,44
2012-08-07,151.0,Unhealthy,Ozone,101.0,83.0,0.0,7.0,40
2012-08-08,105.0,Unhealthy for Sensitive Groups,Ozone,99.0,85.0,0.0,11.0,43
2012-08-09,172.0,Unhealthy,Ozone,102.0,80.0,0.0,10.0,49
2012-08-10,129.0,Unhealthy for Sensitive Groups,Ozone,98.0,83.0,0.0,10.0,38
2012-08-11,112.0,Unhealthy for Sensitive Groups,Ozone,97.0,77.0,0.0,8.0,32
2012-08-12,60.0,Moderate,PM2.5,103.0,78.0,0.06,14.0,42
2012-08-13,87.0,Moderate,Ozone,102.0,82.0,0.0,13.0,41
2012-08-14,105.0,Unhealthy for Sensitive Groups,Ozone,103.0,78.0,0.0,12.0,37
2012-08-15,61.0,Moderate,PM2.5,92.0,76.0,0.06,15.0,63
2012-08-16,81.0,Moderate,PM2.5,95.0,79.0,0.0,12.0,53
2012-08-17,58.0,Moderate,PM2.5,97.0,79.0,0.04,7.0,53
2012-08-18,49.0,Good,PM2.5,91.0,78.0,0.02,11.0,65
2012-08-19,71.0,Moderate,Ozone,91.0,71.0,0.0,8.0,66
2012-08-20,90.0,Moderate,Ozone,91.0,72.0,0.0,9.0,49
2012-08-21,65.0,Moderate,PM2.5,82.0,71.0,0.09,5.0,58
2012-08-22,97.0,Moderate,Ozone,91.0,67.0,0.0,7.0,57
2012-08-23,71.0,Moderate,Ozone,93.0,72.0,0.0,10.0,48
2012-08-24,46.0,Good,PM2.5,92.0,75.0,0.0,11.0,59
2012-08-25,70.0,Moderate,PM2.5,93.0,78.0,0.01,15.0,57
2012-08-26,55.0,Moderate,PM2.5,89.0,78.0,0.03,14.0,67
2012-08-27,53.0,Moderate,PM2.5,95.0,78.0,0.08,7.0,63
2012-08-28,54.0,Moderate,PM2.5,94.0,78.0,0.0,11.0,55
2012-08-29,61.0,Moderate,Ozone,96.0,76.0,0.0,15.0,38
2012-08-30,53.0,Moderate,PM2.5,97.0,78.0,0.0,15.0,42
2012-08-31,133.0,Unhealthy for Sensitive Groups,Ozone,98.0,80.0,0.0,9.0,46
2012-09-01,55.0,Moderate,PM2.5,97.0,82.0,0.0,16.0,51
2012-09-02,37.0,Good,PM2.5,100.0,81.0,0.0,13.0,50
2012-09-03,62.0,Moderate,PM2.5,100.0,82.0,0.0,11.0,44
2012-09-04,59.0,Moderate,PM2.5,101.0,81.0,0.0,10.0,46
2012-09-05,53.0,Moderate,PM2.5,102.0,82.0,0.0,11.0,43
2012-09-06,84.0,Moderate,Ozone,101.0,82.0,0.0,9.0,39
2012-09-07,67.0,Moderate,Ozone,103.0,82.0,0.0,20.0,40
2012-09-08,51.0,Moderate,PM2.5,89.0,71.0,0.0,18.0,42
2012-09-09,64.0,Moderate,Ozone,88.0,66.0,0.0,6.0,38
2012-09-10,90.0,Moderate,Ozone,92.0,68.0,0.0,6.0,37
2012-09-11,87.0,Moderate,Ozone,92.0,70.0,0.0,9.0,38
2012-09-12,77.0,Moderate,Ozone,93.0,72.0,0.0,11.0,49
2012-09-13,56.0,Moderate,PM2.5,89.0,74.0,0.56,9.0,74
2012-09-14,54.0,Moderate,PM2.5,73.0,67.0,0.23,11.0,87
2012-09-15,52.0,Moderate,PM2.5,74.0,65.0,0.03,7.0,80
2012-09-16,42.0,Good,PM2.5,73.0,66.0,0.37,6.0,82
2012-09-17,41.0,Good,Ozone,79.0,65.0,0.01,6.0,78
2012-09-18,47.0,Good,PM2.5,80.0,67.0,0.01,11.0,66
2012-09-19,55.0,Moderate,PM2.5,84.0,61.0,0.0,6.0,45
2012-09-20,101.0,Unhealthy for Sensitive Groups,Ozone,91.0,64.0,0.0,10.0,53
2012-09-21,112.0,Unhealthy for Sensitive Groups,Ozone,93.0,69.0,0.0,11.0,49
2012-09-22,119.0,Unhealthy for Sensitive Groups,Ozone,95.0,68.0,0.0,8.0,45
2012-09-23,112.0,Unhealthy for Sensitive Groups,Ozone,94.0,70.0,0.0,10.0,46
2012-09-24,61.0,Moderate,Ozone,96.0,73.0,0.0,14.0,48
2012-09-25,55.0,Moderate,PM2.5,94.0,73.0,0.0,17.0,49
2012-09-26,61.0,Moderate,PM2.5,93.0,74.0,0.0,15.0,52
2012-09-27,62.0,Moderate,PM2.5,89.0,75.0,0.0,10.0,55
2012-09-28,66.0,Moderate,PM2.5,88.0,71.0,0.01,11.0,54
2012-09-29,60.0,Moderate,PM2.5,76.0,69.0,1.28,15.0,83
2012-09-30,47.0,Good,PM2.5,72.0,63.0,0.21,13.0,79
2012-10-01,67.0,Moderate,Ozone,81.0,62.0,0.0,12.0,64
2012-10-02,60.0,Moderate,PM2.5,78.0,64.0,0.0,13.0,57
2012-10-03,77.0,Moderate,Ozone,82.0,60.0,0.0,11.0,60
2012-10-04,65.0,Moderate,PM2.5,83.0,65.0,0.0,11.0,65
2012-10-05,62.0,Moderate,PM2.5,84.0,62.0,0.0,16.0,73
2012-10-06,37.0,Good,PM2.5,60.0,52.0,0.15,14.0,82
2012-10-07,23.0,Good,Ozone,55.0,49.0,0.02,13.0,58
2012-10-08,39.0,Good,PM2.5,64.0,45.0,0.0,8.0,63
2012-10-09,59.0,Moderate,PM2.5,79.0,53.0,0.0,18.0,72
2012-10-10,69.0,Moderate,PM2.5,75.0,62.0,0.01,9.0,84
2012-10-11,60.0,Moderate,PM2.5,83.0,66.0,0.04,13.0,80
2012-10-12,58.0,Moderate,PM2.5,83.0,70.0,0.02,11.0,81
2012-10-13,51.0,Moderate,PM2.5,83.0,70.0,1.56,19.0,82
2012-10-14,42.0,Good,PM2.5,80.0,66.0,0.53,21.0,68
2012-10-15,54.0,Moderate,PM2.5,80.0,58.0,0.0,6.0,61
2012-10-16,57.0,Moderate,PM2.5,72.0,62.0,0.0,17.0,66
2012-10-17,45.0,Good,Ozone,85.0,63.0,0.0,20.0,67
2012-10-18,41.0,Good,Ozone,72.0,55.0,0.0,11.0,40
2012-10-19,53.0,Moderate,PM2.5,75.0,53.0,0.0,9.0,46
2012-10-20,56.0,Moderate,PM2.5,83.0,58.0,0.0,16.0,58
2012-10-21,55.0,Moderate,PM2.5,87.0,72.0,0.0,18.0,72
2012-10-22,41.0,Good,PM2.5,83.0,72.0,0.03,15.0,78
2012-10-23,40.0,Good,PM2.5,83.0,68.0,0.0,16.0,72
2012-10-24,47.0,Good,PM2.5,83.0,68.0,0.0,15.0,68
2012-10-25,42.0,Good,PM2.5,80.0,61.0,0.06,16.0,69
2012-10-26,51.0,Moderate,PM2.5,60.0,49.0,0.6,16.0,62
2012-10-27,41.0,Good,PM2.5,57.0,42.0,0.0,11.0,54
2012-10-28,52.0,Moderate,PM2.5,61.0,41.0,0.0,8.0,59
2012-10-29,55.0,Moderate,PM2.5,64.0,42.0,0.0,6.0,61
2012-10-30,60.0,Moderate,PM2.5,73.0,46.0,0.0,9.0,59
2012-10-31,68.0,Moderate,NO2,78.0,55.0,0.0,10.0,63
2012-11-01,68.0,Moderate,PM2.5,84.0,56.0,0.0,9.0,64
2012-11-02,40.0,Good,PM2.5,84.0,61.0,0.0,11.0,55
2012-11-03,48.0,Good,Ozone,81.0,63.0,0.14,11.0,72
2012-11-04,53.0,Moderate,PM2.5,72.0,57.0,0.02,7.0,67
2012-11-05,60.0,Moderate,PM2.5,74.0,55.0,0.0,11.0,63
2012-11-06,51.0,Moderate,PM2.5,71.0,49.0,0.0,8.0,57
2012-11-07,52.0,Moderate,PM2.5,72.0,51.0,0.0,8.0,53
2012-11-08,56.0,Moderate,PM2.5,80.0,55.0,0.0,17.0,51
2012-11-09,43.0,Good,Ozone,80.0,64.0,0.0,20.0,62
2012-11-10,37.0,Good,Ozone,80.0,64.0,0.0,22.0,62
2012-11-11,33.0,Good,Ozone,78.0,56.0,0.17,22.0,73
2012-11-12,46.0,Good,PM2.5,55.0,42.0,0.0,13.0,46
2012-11-13,60.0,Moderate,PM2.5,57.0,38.0,0.0,7.0,54
2012-11-14,60.0,Moderate,PM2.5,60.0,44.0,0.0,6.0,51
2012-11-15,62.0,Moderate,PM2.5,62.0,40.0,0.0,7.0,57
2012-11-16,68.0,Moderate,PM2.5,63.0,40.0,0.0,7.0,58
2012-11-17,69.0,Moderate,PM2.5,63.0,40.0,0.0,6.0,54
2012-11-18,65.0,Moderate,PM2.5,67.0,46.0,0.0,10.0,50
2012-11-19,58.0,Moderate,PM2.5,72.0,54.0,0.0,12.0,59
2012-11-20,64.0,Moderate,PM2.5,77.0,55.0,0.0,6.0,75
2012-11-21,67.0,Moderate,PM2.5,78.0,52.0,0.0,8.0,65
2012-11-22,54.0,Moderate,PM2.5,76.0,57.0,0.0,16.0,54
2012-11-23,34.0,Good,Ozone,67.0,51.0,0.02,17.0,49
2012-11-24,46.0,Good,PM2.5,59.0,41.0,0.0,9.0,41
2012-11-25,43.0,Good,PM2.5,73.0,48.0,0.0,15.0,42
2012-11-26,52.0,Moderate,PM2.5,75.0,51.0,0.0,18.0,69
2012-11-27,60.0,Moderate,PM2.5,54.0,46.0,0.0,16.0,54
2012-11-28,69.0,Moderate,PM2.5,65.0,42.0,0.0,10.0,62
2012-11-29,57.0,Moderate,PM2.5,67.0,46.0,0.0,12.0,55
2012-11-30,61.0,Moderate,PM2.5,76.0,55.0,0.0,14.0,72
2012-12-01,43.0,Good,PM2.5,80.0,63.0,0.01,18.0,77
2012-12-02,44.0,Good,PM2.5,80.0,65.0,0.0,14.0,74
2012-12-03,33.0,Good,Ozone,79.0,62.0,0.0,16.0,68
2012-12-04,30.0,Good,PM2.5,71.0,58.0,0.0,13.0,61
2012-12-05,43.0,Good,PM2.5,65.0,49.0,0.0,9.0,55
2012-12-06,56.0,Moderate,PM2.5,68.0,51.0,0.0,13.0,75
2012-12-07,61.0,Moderate,PM2.5,72.0,55.0,0.0,12.0,67
2012-12-08,67.0,Moderate,PM2.5,69.0,56.0,0.0,9.0,70
2012-12-09,61.0,Moderate,PM2.5,74.0,51.0,0.0,16.0,72
2012-12-10,48.0,Good,PM2.5,49.0,34.0,0.0,18.0,39
2012-12-11,63.0,Moderate,PM2.5,48.0,31.0,0.0,6.0,53
2012-12-12,65.0,Moderate,PM2.5,56.0,31.0,0.0,9.0,52
2012-12-13,57.0,Moderate,PM2.5,63.0,39.0,0.0,11.0,44
2012-12-14,59.0,Moderate,PM2.5,62.0,49.0,0.12,17.0,61
2012-12-15,44.0,Good,PM2.5,72.0,58.0,0.28,13.0,52
2012-12-16,43.0,Good,PM2.5,72.0,55.0,0.0,9.0,42
2012-12-17,59.0,Moderate,PM2.5,60.0,48.0,0.0,14.0,45
2012-12-18,52.0,Moderate,PM2.5,76.0,45.0,0.0,11.0,46
2012-12-19,71.0,Moderate,PM2.5,76.0,60.0,0.04,19.0,79
2012-12-20,52.0,Moderate,PM2.5,68.0,42.0,0.0,27.0,28
2012-12-21,53.0,Moderate,PM2.5,63.0,34.0,0.0,9.0,35
2012-12-22,44.0,Good,PM2.5,65.0,39.0,0.0,15.0,40
2012-12-23,31.0,Good,PM2.5,67.0,50.0,0.0,14.0,56
2012-12-24,99.0,Moderate,PM2.5,54.0,38.0,0.0,11.0,51
2012-12-25,62.0,Moderate,PM2.5,49.0,30.0,1.96,21.0,85
2012-12-26,56.0,Moderate,PM2.5,35.0,24.0,0.0,18.0,66
2012-12-27,69.0,Moderate,PM2.5,46.0,19.0,0.03,10.0,82
2012-12-28,65.0,Moderate,PM2.5,44.0,33.0,0.04,14.0,81
2012-12-29,67.0,Moderate,PM2.5,45.0,28.0,0.0,9.0,56
2012-12-30,64.0,Moderate,PM2.5,47.0,27.0,0.0,10.0,61
2012-12-31,66.0,Moderate,PM2.5,51.0,41.0,0.22,9.0,85
2013-01-01,63.0,Moderate,PM2.5,47.0,37.0,0.05,11.0,82
2013-01-02,77.0,Moderate,PM2.5,41.0,33.0,0.0,10.0,66
2013-01-03,69.0,Moderate,PM2.5,48.0,29.0,0.0,9.0,69
2013-01-04,63.0,Moderate,PM2.5,49.0,37.0,0.04,5.0,65
2013-01-05,53.0,Moderate,PM2.5,53.0,37.0,0.0,6.0,76
2013-01-06,63.0,Moderate,PM2.5,54.0,34.0,0.0,9.0,68
2013-01-07,71.0,Moderate,PM2.5,54.0,30.0,0.0,7.0,69
2013-01-08,58.0,Moderate,PM2.5,49.0,44.0,0.85,11.0,84
2013-01-09,32.0,Good,PM2.5,56.0,49.0,1.92,18.0,99
2013-01-10,23.0,Good,PM2.5,58.0,51.0,0.09,12.0,84
2013-01-11,48.0,Good,PM2.5,70.0,48.0,0.0,16.0,73
2013-01-12,54.0,Moderate,PM2.5,66.0,41.0,0.31,18.0,91
2013-01-13,52.0,Moderate,PM2.5,43.0,33.0,0.07,16.0,58
2013-01-14,52.0,Moderate,PM2.5,44.0,29.0,0.01,13.0,51
2013-01-15,53.0,Moderate,PM2.5,38.0,33.0,0.07,11.0,60
2013-01-16,64.0,Moderate,PM2.5,46.0,28.0,0.0,9.0,56
2013-01-17,67.0,Moderate,PM2.5,57.0,31.0,0.0,10.0,64
2013-01-18,68.0,Moderate,PM2.5,59.0,33.0,0.0,9.0,73
2013-01-19,63.0,Moderate,PM2.5,63.0,41.0,0.0,11.0,76
2013-01-20,71.0,Moderate,PM2.5,65.0,38.0,0.0,6.0,85
2013-01-21,63.0,Moderate,PM2.5,54.0,42.0,0.0,11.0,72
2013-01-22,65.0,Moderate,PM2.5,63.0,41.0,0.0,8.0,80
2013-01-23,65.0,Moderate,PM2.5,71.0,51.0,0.0,11.0,79
2013-01-24,66.0,Moderate,PM2.5,75.0,54.0,0.0,11.0,80
2013-01-25,78.0,Moderate,PM2.5,64.0,49.0,0.16,11.0,83
2013-01-26,73.0,Moderate,PM2.5,54.0,49.0,0.08,7.0,90
2013-01-27,60.0,Moderate,PM2.5,72.0,52.0,0.01,16.0,86
2013-01-28,55.0,Moderate,PM2.5,76.0,66.0,0.03,19.0,84
2013-01-29,55.0,Moderate,PM2.5,75.0,58.0,0.72,22.0,78
2013-01-30,46.0,Good,PM2.5,58.0,42.0,0.0,22.0,38
2013-01-31,48.0,Good,PM2.5,65.0,37.0,0.0,13.0,49
2013-02-01,51.0,Moderate,PM2.5,58.0,34.0,0.0,17.0,56
2013-02-02,52.0,Moderate,PM2.5,64.0,47.0,0.0,14.0,64
2013-02-03,59.0,Moderate,PM2.5,66.0,38.0,0.0,9.0,63
2013-02-04,53.0,Moderate,PM2.5,68.0,53.0,0.19,13.0,70
2013-02-05,72.0,Moderate,PM2.5,64.0,53.0,0.04,7.0,95
2013-02-06,67.0,Moderate,PM2.5,68.0,57.0,0.2,9.0,93
2013-02-07,52.0,Moderate,PM2.5,76.0,57.0,0.0,17.0,75
2013-02-08,49.0,Good,PM2.5,61.0,46.0,0.0,17.0,60
2013-02-09,63.0,Moderate,PM2.5,60.0,48.0,0.24,15.0,82
2013-02-10,54.0,Moderate,PM2.5,66.0,48.0,0.67,19.0,60
2013-02-11,30.0,Good,NO2,56.0,47.0,0.06,13.0,56
2013-02-12,51.0,Moderate,PM2.5,51.0,46.0,0.46,13.0,83
2013-02-13,43.0,Good,PM2.5,55.0,39.0,0.0,15.0,68
2013-02-14,54.0,Moderate,PM2.5,65.0,40.0,0.0,7.0,67
2013-02-15,35.0,Good,NO2,51.0,40.0,0.1,15.0,61
2013-02-16,56.0,Moderate,PM2.5,53.0,32.0,0.0,7.0,58
2013-02-17,53.0,Moderate,PM2.5,68.0,42.0,0.0,19.0,52
2013-02-18,45.0,Good,PM2.5,74.0,53.0,0.07,25.0,59
2013-02-19,37.0,Good,Ozone,59.0,41.0,0.0,11.0,49
2013-02-20,44.0,Good,PM2.5,51.0,45.0,0.17,16.0,67
2013-02-21,44.0,Good,PM2.5,66.0,45.0,0.85,17.0,69
2013-02-22,52.0,Moderate,PM2.5,49.0,34.0,0.0,13.0,61
2013-02-23,65.0,Moderate,PM2.5,52.0,32.0,0.0,8.0,64
2013-02-24,59.0,Moderate,PM2.5,66.0,38.0,0.0,13.0,69
2013-02-25,51.0,Moderate,PM2.5,58.0,41.0,0.37,21.0,70
2013-02-26,48.0,Good,NO2,56.0,39.0,0.0,24.0,60
2013-02-27,55.0,Moderate,PM2.5,55.0,37.0,0.0,15.0,63
2013-02-28,42.0,Good,PM2.5,56.0,36.0,0.0,13.0,55
2013-03-01,55.0,Moderate,PM2.5,53.0,34.0,0.01,9.0,62
2013-03-02,55.0,Moderate,PM2.5,52.0,35.0,0.0,12.0,58
2013-03-03,53.0,Moderate,PM2.5,69.0,37.0,0.0,20.0,51
2013-03-04,44.0,Good,Ozone,83.0,56.0,0.0,21.0,42
2013-03-05,53.0,Moderate,PM2.5,65.0,45.0,0.0,24.0,42
2013-03-06,43.0,Good,PM2.5,58.0,36.0,0.0,9.0,46
2013-03-07,64.0,Moderate,Ozone,69.0,41.0,0.0,13.0,43
2013-03-08,71.0,Moderate,PM2.5,60.0,50.0,0.11,14.0,78
2013-03-09,61.0,Moderate,PM2.5,69.0,56.0,1.02,19.0,86
2013-03-10,37.0,Good,PM2.5,62.0,44.0,1.33,20.0,63
2013-03-11,49.0,Good,PM2.5,57.0,36.0,0.0,11.0,54
2013-03-12,55.0,Moderate,PM2.5,64.0,39.0,0.0,8.0,55
2013-03-13,58.0,Moderate,PM2.5,66.0,41.0,0.0,8.0,60
2013-03-14,90.0,Moderate,Ozone,74.0,48.0,0.0,12.0,55
2013-03-15,56.0,Moderate,PM2.5,78.0,54.0,0.0,17.0,56
2013-03-16,55.0,Moderate,PM2.5,80.0,57.0,0.0,18.0,55
2013-03-17,61.0,Moderate,PM2.5,72.0,59.0,0.05,18.0,75
2013-03-18,61.0,Moderate,PM2.5,67.0,55.0,0.0,15.0,71
2013-03-19,46.0,Good,PM2.5,68.0,47.0,0.0,12.0,54
2013-03-20,54.0,Moderate,PM2.5,65.0,47.0,0.0,10.0,48
2013-03-21,57.0,Moderate,PM2.5,68.0,51.0,0.13,23.0,56
2013-03-22,60.0,Moderate,PM2.5,69.0,50.0,0.0,16.0,81
2013-03-23,52.0,Moderate,PM2.5,54.0,47.0,0.25,10.0,89
2013-03-24,42.0,Good,Ozone,53.0,38.0,0.06,20.0,54
2013-03-25,51.0,Moderate,PM2.5,53.0,33.0,0.0,13.0,44
2013-03-26,57.0,Moderate,PM2.5,55.0,31.0,0.0,7.0,52
2013-03-27,71.0,Moderate,Ozone,69.0,41.0,0.0,17.0,42
2013-03-28,57.0,Moderate,PM2.5,69.0,51.0,0.0,14.0,67
2013-03-29,57.0,Moderate,PM2.5,74.0,58.0,0.0,14.0,69
2013-03-30,55.0,Moderate,PM2.5,75.0,60.0,0.27,16.0,75
2013-03-31,52.0,Moderate,PM2.5,72.0,59.0,0.65,10.0,80
2013-04-01,55.0,Moderate,PM2.5,77.0,52.0,0.0,7.0,72
2013-04-02,68.0,Moderate,PM2.5,72.0,57.0,0.58,14.0,83
2013-04-03,58.0,Moderate,PM2.5,56.0,46.0,0.53,12.0,88
2013-04-04,54.0,Moderate,PM2.5,53.0,44.0,0.11,12.0,78
2013-04-05,61.0,Moderate,PM2.5,66.0,41.0,0.0,8.0,73
2013-04-06,55.0,Moderate,PM2.5,75.0,56.0,0.0,17.0,61
2013-04-07,54.0,Moderate,PM2.5,73.0,58.0,0.0,18.0,73
2013-04-08,64.0,Moderate,PM2.5,76.0,62.0,0.0,20.0,71
2013-04-09,73.0,Moderate,PM2.5,80.0,68.0,0.0,21.0,71
2013-04-10,38.0,Good,PM2.5,73.0,42.0,0.38,18.0,83
2013-04-11,52.0,Moderate,PM2.5,59.0,42.0,0.02,15.0,56
2013-04-12,61.0,Moderate,PM2.5,73.0,44.0,0.0,7.0,63
2013-04-13,59.0,Moderate,PM2.5,77.0,52.0,0.0,12.0,56
2013-04-14,61.0,Moderate,PM2.5,82.0,56.0,0.0,15.0,64
2013-04-15,69.0,Moderate,PM2.5,87.0,66.0,0.0,16.0,66
2013-04-16,90.0,Moderate,PM2.5,88.0,69.0,0.0,16.0,66
2013-04-17,72.0,Moderate,PM2.5,85.0,72.0,0.0,22.0,73
2013-04-18,48.0,Good,PM2.5,75.0,49.0,0.81,23.0,68
2013-04-19,52.0,Moderate,PM2.5,61.0,42.0,0.0,13.0,47
2013-04-20,52.0,Moderate,PM2.5,70.0,46.0,0.0,14.0,43
2013-04-21,58.0,Moderate,PM2.5,71.0,50.0,0.0,14.0,56
2013-04-22,63.0,Moderate,PM2.5,78.0,54.0,0.0,14.0,61
2013-04-23,55.0,Moderate,PM2.5,69.0,48.0,0.03,17.0,74
2013-04-24,54.0,Moderate,PM2.5,60.0,39.0,0.28,15.0,61
2013-04-25,57.0,Moderate,PM2.5,73.0,49.0,0.0,11.0,50
2013-04-26,66.0,Moderate,PM2.5,77.0,61.0,0.04,17.0,63
2013-04-27,58.0,Moderate,PM2.5,73.0,61.0,0.0,16.0,72
2013-04-28,61.0,Moderate,PM2.5,80.0,53.0,0.0,8.0,75
2013-04-29,59.0,Moderate,PM2.5,85.0,62.0,0.0,12.0,56
2013-04-30,61.0,Moderate,PM2.5,81.0,62.0,0.01,11.0,70
2013-05-01,61.0,Moderate,PM2.5,80.0,65.0,0.0,11.0,75
2013-05-02,47.0,Good,PM2.5,69.0,46.0,0.05,22.0,73
2013-05-03,49.0,Good,PM2.5,66.0,44.0,0.0,20.0,40
2013-05-04,54.0,Moderate,PM2.5,72.0,44.0,0.0,17.0,43
2013-05-05,36.0,Good,PM2.5,68.0,49.0,0.0,11.0,55
2013-05-06,54.0,Moderate,PM2.5,76.0,48.0,0.0,5.0,62
2013-05-07,97.0,Moderate,Ozone,83.0,54.0,0.0,8.0,54
2013-05-08,57.0,Moderate,PM2.5,83.0,62.0,0.02,13.0,47
2013-05-09,61.0,Moderate,PM2.5,76.0,65.0,0.33,15.0,77
2013-05-10,63.0,Moderate,PM2.5,80.0,65.0,0.01,9.0,75
2013-05-11,61.0,Moderate,Ozone,79.0,60.0,0.0,15.0,55
2013-05-12,74.0,Moderate,Ozone,78.0,59.0,0.0,12.0,40
2013-05-13,80.0,Moderate,Ozone,86.0,58.0,0.0,12.0,40
2013-05-14,77.0,Moderate,Ozone,86.0,64.0,0.0,15.0,47
2013-05-15,60.0,Moderate,PM2.5,74.0,65.0,1.24,16.0,85
2013-05-16,59.0,Moderate,PM2.5,82.0,68.0,1.26,15.0,85
2013-05-17,81.0,Moderate,PM2.5,89.0,70.0,0.01,13.0,78
2013-05-18,97.0,Moderate,PM2.5,90.0,73.0,0.0,16.0,67
2013-05-19,71.0,Moderate,PM2.5,88.0,72.0,0.0,20.0,63
2013-05-20,73.0,Moderate,PM2.5,87.0,73.0,0.0,19.0,66
2013-05-21,60.0,Moderate,PM2.5,81.0,66.0,2.17,15.0,84
2013-05-22,61.0,Moderate,Ozone,83.0,58.0,0.0,6.0,76
2013-05-23,82.0,Moderate,PM2.5,85.0,68.0,0.0,10.0,75
2013-05-24,71.0,Moderate,PM2.5,82.0,71.0,0.28,12.0,82
2013-05-25,55.0,Moderate,PM2.5,84.0,69.0,0.03,12.0,79
2013-05-26,56.0,Moderate,PM2.5,86.0,71.0,0.04,13.0,74
2013-05-27,57.0,Moderate,PM2.5,84.0,70.0,0.0,17.0,67
2013-05-28,61.0,Moderate,PM2.5,84.0,71.0,0.0,19.0,63
2013-05-29,58.0,Moderate,PM2.5,82.0,73.0,0.08,20.0,73
2013-05-30,44.0,Good,PM2.5,86.0,73.0,0.06,20.0,71
2013-05-31,52.0,Moderate,PM2.5,87.0,74.0,0.0,16.0,69
2013-06-01,46.0,Good,PM2.5,85.0,73.0,0.53,20.0,79
2013-06-02,47.0,Good,Ozone,81.0,66.0,0.05,8.0,64
2013-06-03,77.0,Moderate,Ozone,86.0,62.0,0.0,6.0,67
2013-06-04,71.0,Moderate,Ozone,90.0,70.0,0.0,13.0,64
2013-06-05,53.0,Moderate,PM2.5,90.0,73.0,0.0,11.0,60
2013-06-06,50.0,Good,PM2.5,79.0,71.0,1.03,12.0,80
2013-06-07,54.0,Moderate,Ozone,81.0,64.0,0.0,8.0,66
2013-06-08,74.0,Moderate,Ozone,86.0,63.0,0.0,9.0,60
2013-06-09,54.0,Moderate,Ozone,86.0,71.0,0.02,10.0,70
2013-06-10,67.0,Moderate,Ozone,94.0,71.0,0.0,9.0,68
2013-06-11,54.0,Moderate,PM2.5,90.0,74.0,0.0,12.0,65
2013-06-12,63.0,Moderate,PM2.5,94.0,76.0,0.0,12.0,63
2013-06-13,57.0,Moderate,PM2.5,95.0,77.0,0.0,9.0,59
2013-06-14,56.0,Moderate,PM2.5,93.0,77.0,0.0,6.0,61
2013-06-15,59.0,Moderate,PM2.5,90.0,77.0,0.51,9.0,77
2013-06-16,56.0,Moderate,PM2.5,94.0,77.0,0.0,8.0,65
2013-06-17,52.0,Moderate,PM2.5,92.0,78.0,0.29,12.0,69
2013-06-18,43.0,Good,Ozone,82.0,74.0,0.09,10.0,80
2013-06-19,57.0,Moderate,PM2.5,89.0,71.0,0.0,10.0,73
2013-06-20,75.0,Moderate,PM2.5,93.0,76.0,0.0,12.0,65
2013-06-21,90.0,Moderate,PM2.5,94.0,76.0,0.0,13.0,56
2013-06-22,70.0,Moderate,PM2.5,94.0,77.0,0.0,12.0,54
2013-06-23,64.0,Moderate,PM2.5,94.0,78.0,0.0,14.0,55
2013-06-24,70.0,Moderate,PM2.5,92.0,78.0,0.0,14.0,55
2013-06-25,79.0,Moderate,PM2.5,98.0,78.0,0.0,17.0,50
2013-06-26,74.0,Moderate,PM2.5,97.0,78.0,0.0,17.0,50
2013-06-27,74.0,Moderate,PM2.5,98.0,80.0,0.0,10.0,52
2013-06-28,119.0,Unhealthy for Sensitive Groups,Ozone,98.0,81.0,0.01,10.0,50
2013-06-29,51.0,Moderate,Ozone,97.0,75.0,0.0,12.0,49
2013-06-30,44.0,Good,Ozone,89.0,76.0,0.0,11.0,43
2013-07-01,52.0,Moderate,PM2.5,86.0,71.0,0.0,11.0,44
2013-07-02,67.0,Moderate,PM2.5,86.0,68.0,0.0,9.0,42
2013-07-03,100.0,Moderate,Ozone,89.0,66.0,0.0,7.0,42
2013-07-04,93.0,Moderate,Ozone,92.0,72.0,0.0,13.0,39
2013-07-05,122.0,Unhealthy for Sensitive Groups,Ozone,94.0,73.0,0.0,11.0,48
2013-07-06,84.0,Moderate,Ozone,94.0,75.0,0.0,11.0,43
2013-07-07,57.0,Moderate,PM2.5,95.0,76.0,0.0,10.0,49
2013-07-08,34.0,Good,Ozone,94.0,78.0,0.0,11.0,55
2013-07-09,56.0,Moderate,PM2.5,98.0,80.0,0.0,11.0,48
2013-07-10,45.0,Good,Ozone,98.0,81.0,0.0,14.0,45
2013-07-11,67.0,Moderate,Ozone,101.0,82.0,0.0,12.0,44
2013-07-12,93.0,Moderate,Ozone,98.0,79.0,0.0,7.0,58
2013-07-13,126.0,Unhealthy for Sensitive Groups,Ozone,97.0,81.0,0.0,11.0,48
2013-07-14,74.0,Moderate,PM2.5,86.0,70.0,0.21,9.0,64
2013-07-15,58.0,Moderate,PM2.5,75.0,69.0,0.66,10.0,90
2013-07-16,52.0,Moderate,PM2.5,85.0,72.0,0.18,9.0,83
2013-07-17,39.0,Good,PM2.5,86.0,73.0,0.52,9.0,87
2013-07-18,58.0,Moderate,Ozone,90.0,73.0,0.0,5.0,75
2013-07-19,54.0,Moderate,PM2.5,92.0,74.0,0.13,8.0,77
2013-07-20,58.0,Moderate,Ozone,91.0,74.0,0.13,9.0,76
2013-07-21,46.0,Good,PM2.5,92.0,75.0,0.02,11.0,73
2013-07-22,52.0,Moderate,PM2.5,94.0,78.0,0.0,13.0,67
2013-07-23,68.0,Moderate,PM2.5,94.0,78.0,0.01,12.0,64
2013-07-24,93.0,Moderate,Ozone,95.0,79.0,0.02,11.0,60
2013-07-25,100.0,Moderate,Ozone,91.0,75.0,0.02,7.0,73
2013-07-26,56.0,Moderate,PM2.5,96.0,80.0,0.05,12.0,64
2013-07-27,45.0,Good,Ozone,89.0,72.0,0.0,12.0,66
2013-07-28,56.0,Moderate,PM2.5,90.0,70.0,0.0,12.0,62
2013-07-29,75.0,Moderate,PM2.5,94.0,77.0,0.0,13.0,60
2013-07-30,64.0,Moderate,PM2.5,97.0,78.0,0.0,16.0,53
2013-07-31,129.0,Unhealthy for Sensitive Groups,Ozone,99.0,80.0,0.0,13.0,50
2013-08-01,154.0,Unhealthy,Ozone,99.0,81.0,0.0,10.0,57
2013-08-02,63.0,Moderate,PM2.5,100.0,82.0,0.0,11.0,46
2013-08-03,50.0,Good,PM2.5,98.0,82.0,0.01,13.0,51
2013-08-04,39.0,Good,Ozone,98.0,81.0,0.0,13.0,49
2013-08-05,52.0,Moderate,PM2.5,100.0,82.0,0.0,12.0,46
2013-08-06,55.0,Moderate,PM2.5,101.0,81.0,0.0,13.0,45
2013-08-07,95.0,Moderate,PM2.5,103.0,81.0,0.0,15.0,45
2013-08-08,106.0,Unhealthy for Sensitive Groups,PM2.5,100.0,81.0,0.0,13.0,46
2013-08-09,93.0,Moderate,PM2.5,99.0,82.0,0.0,13.0,43
2013-08-10,71.0,Moderate,Ozone,96.0,79.0,0.01,7.0,58
2013-08-11,112.0,Unhealthy for Sensitive Groups,Ozone,98.0,80.0,0.01,11.0,54
2013-08-12,55.0,Moderate,PM2.5,97.0,81.0,0.0,11.0,51
2013-08-13,53.0,Moderate,PM2.5,98.0,83.0,0.02,11.0,47
2013-08-14,70.0,Moderate,PM10,87.0,76.0,0.5,11.0,76
2013-08-15,71.0,Moderate,Ozone,87.0,74.0,0.0,9.0,62
2013-08-16,97.0,Moderate,Ozone,86.0,73.0,0.0,11.0,58
2013-08-17,74.0,Moderate,Ozone,88.0,69.0,0.0,10.0,52
2013-08-18,66.0,Moderate,PM2.5,90.0,70.0,0.0,7.0,51
2013-08-19,97.0,Moderate,Ozone,93.0,72.0,0.0,6.0,49
2013-08-20,101.0,Unhealthy for Sensitive Groups,Ozone,94.0,74.0,0.0,7.0,44
2013-08-21,58.0,Moderate,PM2.5,93.0,76.0,0.0,8.0,52
2013-08-22,62.0,Moderate,PM2.5,96.0,77.0,0.0,9.0,49
2013-08-23,67.0,Moderate,Ozone,98.0,78.0,0.0,11.0,50
2013-08-24,67.0,Moderate,Ozone,98.0,81.0,0.0,9.0,44
2013-08-25,52.0,Moderate,PM2.5,96.0,80.0,0.01,11.0,49
2013-08-26,47.0,Good,Ozone,96.0,79.0,0.0,11.0,49
2013-08-27,66.0,Moderate,PM2.5,93.0,76.0,0.0,9.0,59
2013-08-28,65.0,Moderate,PM2.5,96.0,76.0,0.0,6.0,55
2013-08-29,143.0,Unhealthy for Sensitive Groups,Ozone,99.0,78.0,0.0,6.0,45
2013-08-30,136.0,Unhealthy for Sensitive Groups,Ozone,101.0,80.0,0.0,8.0,42
2013-08-31,115.0,Unhealthy for Sensitive Groups,Ozone,102.0,81.0,0.0,10.0,40
2013-09-01,112.0,Unhealthy for Sensitive Groups,Ozone,101.0,83.0,0.0,11.0,40
2013-09-02,74.0,Moderate,Ozone,91.0,79.0,0.06,7.0,55
2013-09-03,147.0,Unhealthy for Sensitive Groups,Ozone,97.0,78.0,0.0,6.0,51
2013-09-04,136.0,Unhealthy for Sensitive Groups,Ozone,98.0,77.0,0.0,9.0,49
2013-09-05,115.0,Unhealthy for Sensitive Groups,Ozone,97.0,79.0,0.0,8.0,50
2013-09-06,126.0,Unhealthy for Sensitive Groups,Ozone,97.0,80.0,0.0,7.0,45
2013-09-07,84.0,Moderate,Ozone,98.0,80.0,0.0,12.0,42
2013-09-08,52.0,Moderate,PM2.5,96.0,76.0,0.0,9.0,54
2013-09-09,52.0,Moderate,PM2.5,95.0,77.0,0.0,11.0,48
2013-09-10,56.0,Moderate,PM2.5,94.0,77.0,0.0,10.0,48
2013-09-11,66.0,Moderate,PM2.5,95.0,76.0,0.0,7.0,49
2013-09-12,122.0,Unhealthy for Sensitive Groups,Ozone,94.0,76.0,0.0,5.0,55
2013-09-13,87.0,Moderate,Ozone,96.0,80.0,0.0,10.0,50
2013-09-14,101.0,Unhealthy for Sensitive Groups,Ozone,92.0,78.0,0.0,12.0,51
2013-09-15,84.0,Moderate,Ozone,93.0,77.0,0.0,10.0,47
2013-09-16,74.0,Moderate,PM2.5,94.0,78.0,0.0,7.0,47
2013-09-17,66.0,Moderate,PM2.5,93.0,78.0,0.0,6.0,48
2013-09-18,61.0,Moderate,PM2.5,95.0,81.0,0.0,10.0,44
2013-09-19,57.0,Moderate,PM2.5,88.0,75.0,0.08,11.0,62
2013-09-20,26.0,Good,Ozone,76.0,71.0,2.0,12.0,93
2013-09-21,46.0,Good,Ozone,80.0,65.0,0.0,12.0,58
2013-09-22,52.0,Moderate,PM2.5,80.0,59.0,0.0,6.0,67
2013-09-23,71.0,Moderate,Ozone,82.0,61.0,0.0,7.0,64
2013-09-24,74.0,Moderate,Ozone,89.0,65.0,0.0,7.0,63
2013-09-25,101.0,Unhealthy for Sensitive Groups,Ozone,90.0,65.0,0.0,9.0,53
2013-09-26,115.0,Unhealthy for Sensitive Groups,Ozone,92.0,69.0,0.0,10.0,48
2013-09-27,62.0,Moderate,PM2.5,88.0,73.0,0.02,13.0,60
2013-09-28,52.0,Moderate,PM2.5,82.0,67.0,0.94,13.0,78
2013-09-29,43.0,Good,Ozone,79.0,65.0,0.02,11.0,66
2013-09-30,93.0,Moderate,Ozone,83.0,65.0,0.0,6.0,65
2013-10-01,58.0,Moderate,PM2.5,86.0,68.0,0.0,10.0,75
2013-10-02,43.0,Good,PM2.5,86.0,73.0,0.01,11.0,78
2013-10-03,38.0,Good,PM2.5,89.0,73.0,0.0,14.0,73
2013-10-04,43.0,Good,PM2.5,87.0,72.0,0.0,15.0,70
2013-10-05,24.0,Good,PM2.5,79.0,57.0,0.26,16.0,75
2013-10-06,40.0,Good,Ozone,72.0,54.0,0.0,13.0,50
2013-10-07,46.0,Good,PM2.5,79.0,52.0,0.0,6.0,52
2013-10-08,53.0,Moderate,PM2.5,80.0,53.0,0.0,9.0,54
2013-10-09,101.0,Unhealthy for Sensitive Groups,Ozone,82.0,58.0,0.0,9.0,56
2013-10-10,77.0,Moderate,Ozone,83.0,61.0,0.0,14.0,59
2013-10-11,47.0,Good,PM2.5,84.0,68.0,0.0,14.0,70
2013-10-12,37.0,Good,PM2.5,90.0,72.0,0.0,12.0,70
2013-10-13,48.0,Good,PM2.5,79.0,72.0,0.01,11.0,84
2013-10-14,55.0,Moderate,PM2.5,73.0,70.0,0.77,11.0,93
2013-10-15,37.0,Good,PM2.5,73.0,57.0,1.12,14.0,89
2013-10-16,29.0,Good,PM2.5,63.0,54.0,0.46,12.0,69
2013-10-17,47.0,Good,PM2.5,69.0,49.0,0.0,8.0,63
2013-10-18,52.0,Moderate,PM2.5,69.0,53.0,0.04,17.0,72
2013-10-19,35.0,Good,NO2,62.0,46.0,0.0,18.0,64
2013-10-20,42.0,Good,Ozone,69.0,45.0,0.0,14.0,64
2013-10-21,52.0,Moderate,PM2.5,73.0,53.0,0.05,12.0,73
2013-10-22,43.0,Good,NO2,73.0,47.0,0.0,10.0,61
2013-10-23,47.0,Good,PM2.5,79.0,51.0,0.0,9.0,64
2013-10-24,46.0,Good,Ozone,77.0,56.0,0.0,11.0,59
2013-10-25,51.0,Moderate,PM2.5,67.0,53.0,0.0,12.0,62
2013-10-26,56.0,Moderate,PM2.5,75.0,56.0,0.57,10.0,74
2013-10-27,34.0,Good,Ozone,67.0,58.0,0.06,8.0,85
2013-10-28,53.0,Moderate,PM2.5,74.0,58.0,0.0,12.0,85
2013-10-29,46.0,Good,PM2.5,77.0,68.0,0.0,15.0,82
2013-10-30,36.0,Good,PM2.5,72.0,68.0,0.41,15.0,91
2013-10-31,37.0,Good,NO2,74.0,57.0,0.01,20.0,68
2013-11-01,43.0,Good,PM2.5,73.0,52.0,0.0,13.0,63
2013-11-02,36.0,Good,Ozone,65.0,52.0,0.0,13.0,50
2013-11-03,57.0,Moderate,PM2.5,64.0,46.0,0.0,15.0,59
2013-11-04,51.0,Moderate,PM2.5,60.0,56.0,0.26,12.0,81
2013-11-05,53.0,Moderate,PM2.5,70.0,60.0,0.72,16.0,92
2013-11-06,39.0,Good,PM10,66.0,49.0,0.41,16.0,74
2013-11-07,48.0,Good,PM2.5,61.0,42.0,0.0,7.0,66
2013-11-08,53.0,Moderate,PM2.5,64.0,46.0,0.0,10.0,67
2013-11-09,47.0,Good,PM2.5,67.0,55.0,0.0,11.0,59
2013-11-10,56.0,Moderate,PM2.5,65.0,51.0,0.0,7.0,76
2013-11-11,65.0,Moderate,PM2.5,71.0,49.0,0.0,6.0,77
2013-11-12,40.0,Good,PM2.5,59.0,41.0,0.0,18.0,57
2013-11-13,52.0,Moderate,PM2.5,49.0,33.0,0.0,8.0,55
2013-11-14,56.0,Moderate,PM2.5,57.0,35.0,0.0,12.0,60
2013-11-15,65.0,Moderate,PM2.5,69.0,49.0,0.0,12.0,77
2013-11-16,37.0,Good,PM2.5,76.0,60.0,0.0,19.0,79
2013-11-17,34.0,Good,Ozone,84.0,67.0,0.0,17.0,68
2013-11-18,31.0,Good,Ozone,70.0,57.0,0.0,13.0,38
2013-11-19,40.0,Good,PM2.5,66.0,54.0,0.0,12.0,47
2013-11-20,55.0,Moderate,PM2.5,65.0,52.0,0.0,14.0,59
2013-11-21,70.0,Moderate,PM2.5,71.0,61.0,0.63,14.0,89
2013-11-22,52.0,Moderate,PM2.5,65.0,36.0,0.55,19.0,80
2013-11-23,56.0,Moderate,PM2.5,43.0,37.0,0.02,14.0,70
2013-11-24,49.0,Good,PM2.5,43.0,34.0,0.09,13.0,54
2013-11-25,48.0,Good,PM2.5,38.0,35.0,0.34,10.0,77
2013-11-26,54.0,Moderate,PM2.5,50.0,36.0,0.01,18.0,65
2013-11-27,53.0,Moderate,PM2.5,44.0,31.0,0.0,15.0,56
2013-11-28,62.0,Moderate,PM2.5,51.0,31.0,0.0,6.0,64
2013-11-29,70.0,Moderate,PM2.5,56.0,31.0,0.0,9.0,72
2013-11-30,56.0,Moderate,PM2.5,65.0,42.0,0.0,13.0,76
2013-12-01,49.0,Good,PM2.5,69.0,53.0,0.0,14.0,83
2013-12-02,63.0,Moderate,PM2.5,63.0,45.0,0.0,6.0,91
2013-12-03,61.0,Moderate,PM2.5,74.0,46.0,0.0,9.0,66
2013-12-04,54.0,Moderate,PM2.5,76.0,56.0,0.0,12.0,63
2013-12-05,27.0,Good,PM2.5,58.0,30.0,0.17,17.0,64
2013-12-06,57.0,Moderate,PM10,31.0,28.0,0.72,16.0,77
2013-12-07,55.0,Moderate,PM2.5,31.0,23.0,0.0,12.0,62
2013-12-08,67.0,Moderate,PM2.5,41.0,28.0,0.0,7.0,71
2013-12-09,67.0,Moderate,PM2.5,36.0,28.0,0.0,10.0,82
2013-12-10,72.0,Moderate,PM2.5,37.0,23.0,0.0,11.0,63
2013-12-11,80.0,Moderate,PM2.5,46.0,26.0,0.0,7.0,73
2013-12-12,79.0,Moderate,PM2.5,46.0,26.0,0.0,7.0,75
2013-12-13,74.0,Moderate,PM2.5,45.0,38.0,0.26,11.0,83
2013-12-14,77.0,Moderate,PM2.5,45.0,35.0,0.0,18.0,78
2013-12-15,71.0,Moderate,PM2.5,57.0,28.0,0.0,8.0,68
2013-12-16,52.0,Moderate,PM2.5,62.0,38.0,0.0,9.0,67
2013-12-17,66.0,Moderate,PM2.5,65.0,36.0,0.0,9.0,76
2013-12-18,66.0,Moderate,PM2.5,66.0,37.0,0.0,15.0,75
2013-12-19,39.0,Good,PM2.5,71.0,53.0,0.0,23.0,76
2013-12-20,66.0,Moderate,PM2.5,69.0,47.0,0.14,16.0,90
2013-12-21,51.0,Moderate,PM2.5,54.0,37.0,1.14,14.0,90
2013-12-22,49.0,Good,PM2.5,47.0,33.0,0.0,14.0,67
2013-12-23,65.0,Moderate,PM2.5,44.0,26.0,0.0,8.0,70
2013-12-24,59.0,Moderate,PM2.5,51.0,27.0,0.0,12.0,73
2013-12-25,54.0,Moderate,PM2.5,56.0,35.0,0.0,11.0,74
2013-12-26,77.0,Moderate,PM2.5,51.0,31.0,0.0,7.0,78
2013-12-27,91.0,Moderate,PM2.5,55.0,33.0,0.0,5.0,81
2013-12-28,77.0,Moderate,PM2.5,58.0,35.0,0.0,8.0,80
2013-12-29,55.0,Moderate,PM2.5,54.0,33.0,0.0,17.0,76
2013-12-30,74.0,Moderate,PM10,42.0,32.0,0.0,11.0,57
2013-12-31,69.0,Moderate,PM2.5,51.0,29.0,0.0,10.0,70
2014-01-01,52.0,Moderate,PM2.5,65.0,36.0,0.0,19.0,71
2014-01-02,53.0,Moderate,PM2.5,43.0,28.0,0.0,19.0,56
2014-01-03,53.0,Moderate,PM2.5,49.0,27.0,0.0,16.0,63
2014-01-04,33.0,Good,Ozone,65.0,42.0,0.0,19.0,69
2014-01-05,48.0,Good,PM2.5,56.0,27.0,0.0,20.0,55
2014-01-06,37.0,Good,NO2,31.0,19.0,0.0,16.0,42
2014-01-07,36.0,Good,PM2.5,44.0,23.0,0.0,13.0,45
2014-01-08,47.0,Good,PM2.5,47.0,32.0,0.14,13.0,77
2014-01-09,66.0,Moderate,PM2.5,54.0,46.0,0.11,11.0,94
2014-01-10,46.0,Good,PM2.5,65.0,47.0,0.65,16.0,90
2014-01-11,48.0,Good,PM2.5,65.0,39.0,0.0,10.0,62
2014-01-12,42.0,Good,Ozone,68.0,43.0,0.0,21.0,53
2014-01-13,37.0,Good,NO2,60.0,44.0,0.0,19.0,52
2014-01-14,51.0,Moderate,PM2.5,62.0,37.0,0.0,17.0,51
2014-01-15,39.0,Good,NO2,54.0,36.0,0.0,13.0,47
2014-01-16,42.0,Good,NO2,62.0,41.0,0.0,12.0,49
2014-01-17,63.0,Moderate,PM10,52.0,39.0,0.0,12.0,36
2014-01-18,43.0,Good,PM2.5,65.0,39.0,0.0,14.0,45
2014-01-19,36.0,Good,PM2.5,61.0,35.0,0.0,9.0,52
2014-01-20,51.0,Moderate,PM2.5,70.0,46.0,0.0,18.0,48
2014-01-21,41.0,Good,NO2,53.0,36.0,0.0,17.0,38
2014-01-22,53.0,Moderate,PM2.5,58.0,34.0,0.0,12.0,52
2014-01-23,31.0,Good,Ozone,43.0,28.0,0.0,20.0,41
2014-01-24,25.0,Good,NO2,40.0,23.0,0.0,12.0,32
2014-01-25,42.0,Good,NO2,63.0,33.0,0.0,11.0,47
2014-01-26,56.0,Moderate,PM2.5,71.0,45.0,0.0,12.0,48
2014-01-27,35.0,Good,NO2,47.0,29.0,0.0,23.0,42
2014-01-28,40.0,Good,NO2,36.0,24.0,0.0,14.0,38
2014-01-29,66.0,Moderate,PM2.5,43.0,22.0,0.0,13.0,54
2014-01-30,31.0,Good,Ozone,58.0,31.0,0.0,23.0,55
2014-01-31,40.0,Good,PM2.5,72.0,50.0,0.0,17.0,77
2014-02-01,65.0,Moderate,PM2.5,66.0,44.0,0.09,18.0,85
2014-02-02,57.0,Moderate,PM2.5,43.0,32.0,0.26,17.0,75
2014-02-03,61.0,Moderate,PM2.5,44.0,31.0,0.0,9.0,71
2014-02-04,47.0,Good,PM2.5,48.0,39.0,0.21,10.0,83
2014-02-05,55.0,Moderate,PM2.5,37.0,26.0,0.0,18.0,59
2014-02-06,44.0,Good,PM2.5,27.0,20.0,0.0,14.0,54
2014-02-07,69.0,Moderate,PM2.5,33.0,25.0,0.02,6.0,64
2014-02-08,71.0,Moderate,PM2.5,53.0,26.0,0.0,9.0,81
2014-02-09,74.0,Moderate,PM2.5,50.0,31.0,0.0,10.0,91
2014-02-10,64.0,Moderate,PM2.5,39.0,32.0,0.03,11.0,86
2014-02-11,69.0,Moderate,PM2.5,35.0,31.0,0.09,14.0,71
2014-02-12,59.0,Moderate,PM2.5,48.0,30.0,0.0,7.0,64
2014-02-13,60.0,Moderate,PM2.5,64.0,28.0,0.0,10.0,68
2014-02-14,41.0,Good,NO2,67.0,44.0,0.0,18.0,56
2014-02-15,38.0,Good,Ozone,67.0,36.0,0.0,13.0,58
2014-02-16,55.0,Moderate,PM2.5,70.0,44.0,0.0,15.0,77
2014-02-17,51.0,Moderate,PM2.5,71.0,53.0,0.0,15.0,61
2014-02-18,55.0,Moderate,PM2.5,79.0,44.0,0.0,15.0,60
2014-02-19,62.0,Moderate,PM2.5,70.0,59.0,0.0,18.0,83
2014-02-20,52.0,Moderate,PM2.5,74.0,49.0,0.0,21.0,59
2014-02-21,38.0,Good,NO2,65.0,37.0,0.0,11.0,43
2014-02-22,62.0,Moderate,PM10,73.0,49.0,0.0,15.0,42
2014-02-23,47.0,Good,PM2.5,71.0,53.0,0.0,15.0,70
2014-02-24,59.0,Moderate,PM2.5,55.0,46.0,0.06,10.0,74
2014-02-25,70.0,Moderate,PM2.5,53.0,44.0,0.07,12.0,80
2014-02-26,43.0,Good,PM2.5,43.0,33.0,0.11,20.0,50
2014-02-27,56.0,Moderate,PM2.5,54.0,31.0,0.0,10.0,54
2014-02-28,45.0,Good,PM2.5,81.0,43.0,0.0,18.0,49
2014-03-01,57.0,Moderate,PM2.5,80.0,49.0,0.0,14.0,70
2014-03-02,54.0,Moderate,PM2.5,68.0,23.0,0.49,19.0,85
2014-03-03,37.0,Good,PM2.5,34.0,19.0,0.0,18.0,52
2014-03-04,59.0,Moderate,PM2.5,47.0,28.0,0.0,10.0,56
2014-03-05,62.0,Moderate,PM2.5,53.0,31.0,0.0,10.0,68
2014-03-06,71.0,Moderate,PM2.5,53.0,37.0,0.02,12.0,76
2014-03-07,64.0,Moderate,PM2.5,65.0,37.0,0.0,17.0,67
2014-03-08,74.0,Moderate,PM2.5,61.0,42.0,0.28,15.0,81
2014-03-09,67.0,Moderate,PM2.5,59.0,38.0,0.0,11.0,68
2014-03-10,66.0,Moderate,PM2.5,74.0,43.0,0.0,11.0,66
2014-03-11,40.0,Good,Ozone,80.0,55.0,0.0,16.0,70
2014-03-12,41.0,Good,Ozone,60.0,45.0,0.0,21.0,41
2014-03-13,48.0,Good,Ozone,67.0,36.0,0.0,12.0,46
2014-03-14,44.0,Good,Ozone,70.0,48.0,0.01,15.0,60
2014-03-15,57.0,Moderate,PM2.5,65.0,57.0,0.91,11.0,89
2014-03-16,31.0,Good,Ozone,58.0,43.0,0.13,21.0,73
2014-03-17,36.0,Good,Ozone,59.0,37.0,0.0,14.0,52
2014-03-18,89.0,Moderate,PM10,78.0,49.0,0.0,20.0,47
2014-03-19,50.0,Good,PM2.5,63.0,45.0,0.0,17.0,45
2014-03-20,66.0,Moderate,PM2.5,70.0,40.0,0.0,10.0,56
2014-03-21,69.0,Moderate,PM2.5,81.0,53.0,0.0,18.0,54
2014-03-22,59.0,Moderate,PM2.5,66.0,52.0,0.19,13.0,84
2014-03-23,51.0,Moderate,PM2.5,58.0,49.0,0.15,16.0,62
2014-03-24,52.0,Moderate,PM2.5,64.0,41.0,0.0,7.0,61
2014-03-25,42.0,Good,Ozone,61.0,42.0,0.0,14.0,50
2014-03-26,55.0,Moderate,PM2.5,62.0,44.0,0.06,19.0,57
2014-03-27,43.0,Good,PM2.5,78.0,57.0,0.04,20.0,78
2014-03-28,55.0,Moderate,PM2.5,79.0,55.0,0.11,16.0,82
2014-03-29,61.0,Moderate,PM2.5,72.0,47.0,0.0,15.0,52
2014-03-30,50.0,Good,Ozone,77.0,49.0,0.0,16.0,47
2014-03-31,48.0,Good,Ozone,79.0,55.0,0.0,17.0,60
2014-04-01,57.0,Moderate,PM2.5,82.0,61.0,0.0,16.0,68
2014-04-02,57.0,Moderate,PM2.5,83.0,69.0,0.07,19.0,75
2014-04-03,65.0,Moderate,PM2.5,83.0,71.0,0.07,19.0,73
2014-04-04,42.0,Good,Ozone,73.0,49.0,0.0,21.0,40
2014-04-05,36.0,Good,PM2.5,61.0,50.0,0.04,13.0,51
2014-04-06,33.0,Good,Ozone,53.0,48.0,0.66,12.0,86
2014-04-07,44.0,Good,Ozone,65.0,48.0,0.01,7.0,74
2014-04-08,44.0,Good,Ozone,70.0,51.0,0.0,20.0,46
2014-04-09,74.0,Moderate,Ozone,78.0,46.0,0.0,15.0,50
2014-04-10,64.0,Moderate,Ozone,83.0,60.0,0.0,22.0,49
2014-04-11,46.0,Good,Ozone,83.0,61.0,0.0,18.0,60
2014-04-12,52.0,Moderate,PM2.5,84.0,63.0,0.0,21.0,59
2014-04-13,53.0,Moderate,PM2.5,78.0,67.0,0.15,20.0,78
2014-04-14,38.0,Good,Ozone,72.0,48.0,0.26,21.0,55
2014-04-15,48.0,Good,Ozone,62.0,39.0,0.0,12.0,37
2014-04-16,54.0,Moderate,Ozone,67.0,45.0,0.0,18.0,46
2014-04-17,61.0,Moderate,PM2.5,65.0,49.0,0.02,11.0,71
2014-04-18,77.0,Moderate,Ozone,74.0,54.0,0.01,7.0,66
2014-04-19,60.0,Moderate,PM2.5,76.0,54.0,0.0,9.0,63
2014-04-20,57.0,Moderate,PM2.5,77.0,60.0,0.16,12.0,71
2014-04-21,49.0,Good,PM2.5,82.0,60.0,0.05,13.0,73
2014-04-22,74.0,Moderate,Ozone,82.0,59.0,0.0,9.0,68
2014-04-23,61.0,Moderate,Ozone,86.0,59.0,0.0,15.0,59
2014-04-24,50.0,Good,Ozone,83.0,66.0,0.08,20.0,53
2014-04-25,54.0,Moderate,Ozone,83.0,55.0,0.0,10.0,35
2014-04-26,66.0,Moderate,PM2.5,85.0,64.0,0.0,20.0,59
2014-04-27,72.0,Moderate,PM2.5,91.0,72.0,0.09,19.0,53
2014-04-28,70.0,Moderate,PM2.5,84.0,64.0,0.0,12.0,22
2014-04-29,41.0,Good,Ozone,77.0,62.0,0.0,20.0,30
2014-04-30,44.0,Good,Ozone,67.0,53.0,0.0,17.0,36
2014-05-01,49.0,Good,Ozone,74.0,47.0,0.0,10.0,39
2014-05-02,54.0,Moderate,Ozone,80.0,53.0,0.0,12.0,30
2014-05-03,100.0,Moderate,Ozone,88.0,53.0,0.0,10.0,32
2014-05-04,80.0,Moderate,Ozone,93.0,66.0,0.0,17.0,23
2014-05-05,77.0,Moderate,Ozone,91.0,64.0,0.0,18.0,36
2014-05-06,53.0,Moderate,PM2.5,89.0,65.0,0.0,20.0,52
2014-05-07,55.0,Moderate,PM2.5,87.0,68.0,0.01,19.0,56
2014-05-08,54.0,Moderate,PM2.5,78.0,72.0,1.03,19.0,83
2014-05-09,71.0,Moderate,Ozone,87.0,68.0,0.02,13.0,73
2014-05-10,48.0,Good,PM2.5,84.0,65.0,0.0,15.0,74
2014-05-11,64.0,Moderate,PM2.5,87.0,71.0,0.0,19.0,69
2014-05-12,56.0,Moderate,PM2.5,80.0,66.0,0.85,19.0,87
2014-05-13,35.0,Good,Ozone,67.0,56.0,0.44,17.0,60
2014-05-14,45.0,Good,Ozone,70.0,54.0,0.33,13.0,59
2014-05-15,61.0,Moderate,Ozone,80.0,51.0,0.0,10.0,52
2014-05-16,100.0,Moderate,Ozone,83.0,55.0,0.0,14.0,59
2014-05-17,71.0,Moderate,Ozone,81.0,62.0,0.0,14.0,52
2014-05-18,47.0,Good,Ozone,82.0,63.0,0.0,15.0,61
2014-05-19,47.0,Good,Ozone,85.0,65.0,0.0,21.0,59
2014-05-20,47.0,Good,PM2.5,87.0,67.0,0.0,19.0,58
2014-05-21,48.0,Good,PM2.5,87.0,68.0,0.0,16.0,58
2014-05-22,51.0,Moderate,PM2.5,85.0,68.0,0.0,12.0,60
2014-05-23,55.0,Moderate,PM2.5,83.0,71.0,0.0,9.0,60
2014-05-24,52.0,Moderate,PM2.5,85.0,70.0,0.03,10.0,62
2014-05-25,48.0,Good,PM2.5,86.0,70.0,0.05,14.0,65
2014-05-26,52.0,Moderate,PM2.5,78.0,69.0,0.2,14.0,78
2014-05-27,48.0,Good,Ozone,78.0,68.0,0.6,14.0,83
2014-05-28,54.0,Moderate,Ozone,80.0,64.0,0.04,8.0,76
2014-05-29,47.0,Good,Ozone,84.0,65.0,0.0,7.0,71
2014-05-30,38.0,Good,Ozone,84.0,69.0,0.02,7.0,71
2014-05-31,57.0,Moderate,PM2.5,84.0,70.0,0.01,8.0,78
2014-06-01,56.0,Moderate,PM2.5,88.0,69.0,0.02,11.0,73
2014-06-02,40.0,Good,PM2.5,87.0,72.0,0.0,15.0,68
2014-06-03,38.0,Good,PM2.5,89.0,74.0,0.0,10.0,69
2014-06-04,34.0,Good,PM2.5,90.0,74.0,0.0,14.0,68
2014-06-05,35.0,Good,PM2.5,89.0,74.0,0.02,14.0,68
2014-06-06,62.0,Moderate,PM2.5,92.0,74.0,0.03,13.0,64
2014-06-07,44.0,Good,PM2.5,93.0,74.0,0.0,14.0,58
2014-06-08,34.0,Good,Ozone,89.0,75.0,0.2,13.0,64
2014-06-09,58.0,Moderate,Ozone,80.0,71.0,1.11,15.0,78
2014-06-10,46.0,Good,Ozone,82.0,67.0,0.0,14.0,59
2014-06-11,77.0,Moderate,Ozone,91.0,66.0,0.0,11.0,64
2014-06-12,52.0,Moderate,PM2.5,87.0,73.0,0.52,15.0,76
2014-06-13,54.0,Moderate,Ozone,87.0,70.0,0.06,8.0,72
2014-06-14,52.0,Moderate,PM2.5,89.0,72.0,0.01,15.0,75
2014-06-15,57.0,Moderate,PM2.5,89.0,74.0,0.0,18.0,66
2014-06-16,76.0,Moderate,PM2.5,91.0,75.0,0.0,16.0,64
2014-06-17,62.0,Moderate,PM2.5,92.0,75.0,0.0,16.0,65
2014-06-18,54.0,Moderate,PM2.5,92.0,76.0,0.02,17.0,65
2014-06-19,56.0,Moderate,PM2.5,92.0,75.0,0.01,14.0,63
2014-06-20,60.0,Moderate,PM2.5,92.0,75.0,0.0,8.0,54
2014-06-21,70.0,Moderate,PM2.5,90.0,77.0,0.07,8.0,61
2014-06-22,71.0,Moderate,PM2.5,83.0,74.0,0.3,15.0,78
2014-06-23,52.0,Moderate,PM2.5,88.0,73.0,0.01,10.0,67
2014-06-24,49.0,Good,Ozone,92.0,72.0,0.02,9.0,67
2014-06-25,42.0,Good,PM2.5,87.0,73.0,0.04,10.0,77
2014-06-26,51.0,Moderate,PM2.5,88.0,74.0,0.15,14.0,78
2014-06-27,44.0,Good,PM2.5,88.0,73.0,0.02,17.0,73
2014-06-28,59.0,Moderate,PM2.5,90.0,76.0,0.0,20.0,71
2014-06-29,76.0,Moderate,PM2.5,94.0,77.0,0.0,17.0,65
2014-06-30,92.0,Moderate,PM2.5,96.0,75.0,0.0,18.0,59
2014-07-01,106.0,Unhealthy for Sensitive Groups,PM2.5,94.0,75.0,0.0,16.0,60
2014-07-02,68.0,Moderate,PM2.5,93.0,76.0,0.18,12.0,62
2014-07-03,44.0,Good,Ozone,89.0,75.0,0.02,10.0,62
2014-07-04,69.0,Moderate,PM2.5,92.0,73.0,0.01,10.0,59
2014-07-05,70.0,Moderate,PM2.5,91.0,74.0,0.0,9.0,62
2014-07-06,58.0,Moderate,PM2.5,94.0,74.0,0.0,9.0,57
2014-07-07,86.0,Moderate,PM2.5,96.0,77.0,0.0,13.0,53
2014-07-08,58.0,Moderate,PM2.5,96.0,78.0,0.0,13.0,50
2014-07-09,71.0,Moderate,PM2.5,96.0,78.0,0.0,12.0,45
2014-07-10,67.0,Moderate,PM2.5,97.0,78.0,0.0,11.0,40
2014-07-11,73.0,Moderate,PM2.5,96.0,77.0,0.0,11.0,44
2014-07-12,84.0,Moderate,PM2.5,98.0,78.0,0.0,8.0,43
2014-07-13,74.0,Moderate,PM2.5,98.0,78.0,0.0,7.0,43
2014-07-14,55.0,Moderate,PM2.5,101.0,79.0,0.0,9.0,42
2014-07-15,48.0,Good,Ozone,92.0,77.0,0.0,12.0,52
2014-07-16,77.0,Moderate,Ozone,92.0,71.0,0.0,11.0,45
2014-07-17,54.0,Moderate,PM2.5,83.0,69.0,1.02,11.0,84
2014-07-18,32.0,Good,Ozone,77.0,67.0,0.01,10.0,77
2014-07-19,49.0,Good,PM2.5,77.0,69.0,0.0,6.0,72
2014-07-20,68.0,Moderate,PM2.5,87.0,67.0,0.0,8.0,75
2014-07-21,76.0,Moderate,PM2.5,94.0,72.0,0.0,7.0,71
2014-07-22,82.0,Moderate,PM2.5,94.0,75.0,0.0,8.0,67
2014-07-23,101.0,Unhealthy for Sensitive Groups,Ozone,94.0,74.0,0.0,13.0,63
2014-07-24,84.0,Moderate,Ozone,93.0,74.0,0.14,8.0,68
2014-07-25,105.0,Unhealthy for Sensitive Groups,Ozone,98.0,74.0,0.0,12.0,58
2014-07-26,68.0,Moderate,PM2.5,100.0,78.0,0.0,12.0,52
2014-07-27,63.0,Moderate,PM2.5,101.0,80.0,0.0,12.0,48
2014-07-28,55.0,Moderate,PM2.5,93.0,81.0,0.13,14.0,56
2014-07-29,56.0,Moderate,PM2.5,89.0,74.0,0.03,8.0,52
2014-07-30,67.0,Moderate,PM2.5,90.0,74.0,0.1,14.0,62
2014-07-31,52.0,Moderate,PM2.5,82.0,73.0,0.02,15.0,75
2014-08-01,55.0,Moderate,PM2.5,80.0,71.0,0.01,11.0,73
2014-08-02,64.0,Moderate,PM2.5,85.0,71.0,0.0,9.0,66
2014-08-03,82.0,Moderate,PM2.5,90.0,70.0,0.0,10.0,61
2014-08-04,75.0,Moderate,PM2.5,92.0,71.0,0.0,10.0,58
2014-08-05,69.0,Moderate,PM2.5,96.0,72.0,0.0,10.0,52
2014-08-06,62.0,Moderate,PM2.5,97.0,78.0,0.0,11.0,56
2014-08-07,60.0,Moderate,PM2.5,98.0,80.0,0.04,14.0,53
2014-08-08,53.0,Moderate,PM2.5,102.0,81.0,0.0,12.0,45
2014-08-09,64.0,Moderate,PM2.5,101.0,81.0,0.0,13.0,47
2014-08-10,53.0,Moderate,PM2.5,101.0,82.0,0.0,9.0,46
2014-08-11,71.0,Moderate,Ozone,96.0,79.0,0.01,9.0,54
2014-08-12,60.0,Moderate,PM2.5,94.0,77.0,0.0,12.0,46
2014-08-13,61.0,Moderate,Ozone,92.0,72.0,0.0,8.0,42
2014-08-14,97.0,Moderate,Ozone,94.0,73.0,0.0,8.0,44
2014-08-15,60.0,Moderate,PM2.5,98.0,75.0,0.0,9.0,45
2014-08-16,53.0,Moderate,PM2.5,100.0,80.0,0.04,13.0,48
2014-08-17,32.0,Good,PM2.5,95.0,80.0,0.11,12.0,65
2014-08-18,83.0,Moderate,PM2.5,93.0,78.0,0.0,10.0,63
2014-08-19,58.0,Moderate,PM2.5,92.0,80.0,0.0,13.0,63
2014-08-20,72.0,Moderate,PM2.5,98.0,79.0,0.0,15.0,58
2014-08-21,85.0,Moderate,PM2.5,98.0,80.0,0.0,15.0,53
2014-08-22,74.0,Moderate,PM2.5,101.0,80.0,0.0,16.0,46
2014-08-23,66.0,Moderate,PM2.5,99.0,80.0,0.0,13.0,41
2014-08-24,66.0,Moderate,PM2.5,99.0,80.0,0.0,11.0,44
2014-08-25,71.0,Moderate,Ozone,99.0,80.0,0.0,10.0,45
2014-08-26,69.0,Moderate,PM2.5,97.0,80.0,0.01,10.0,50
2014-08-27,63.0,Moderate,PM2.5,95.0,79.0,0.0,9.0,51
2014-08-28,58.0,Moderate,PM2.5,96.0,77.0,0.01,12.0,49
2014-08-29,101.0,Unhealthy for Sensitive Groups,Ozone,92.0,78.0,0.02,12.0,63
2014-08-30,71.0,Moderate,Ozone,91.0,77.0,0.0,12.0,62
2014-08-31,42.0,Good,Ozone,95.0,78.0,0.0,16.0,59
2014-09-01,54.0,Moderate,PM2.5,95.0,77.0,0.0,16.0,57
2014-09-02,46.0,Good,PM2.5,95.0,80.0,0.0,15.0,56
2014-09-03,36.0,Good,PM2.5,96.0,79.0,0.0,13.0,52
2014-09-04,46.0,Good,PM2.5,96.0,80.0,0.0,14.0,48
2014-09-05,54.0,Moderate,PM2.5,95.0,78.0,0.0,10.0,54
2014-09-06,74.0,Moderate,Ozone,94.0,79.0,0.0,8.0,54
2014-09-07,49.0,Good,PM2.5,84.0,72.0,0.13,9.0,76
2014-09-08,63.0,Moderate,PM2.5,92.0,75.0,0.0,10.0,65
2014-09-09,58.0,Moderate,PM2.5,97.0,79.0,0.0,14.0,54
2014-09-10,37.0,Good,Ozone,100.0,80.0,0.0,15.0,51
2014-09-11,56.0,Moderate,PM2.5,91.0,77.0,0.22,12.0,66
2014-09-12,26.0,Good,PM2.5,76.0,63.0,0.41,17.0,87
2014-09-13,27.0,Good,PM2.5,67.0,60.0,0.01,15.0,71
2014-09-14,44.0,Good,PM2.5,77.0,66.0,0.0,6.0,70
2014-09-15,56.0,Moderate,PM2.5,82.0,70.0,0.13,6.0,78
2014-09-16,62.0,Moderate,PM2.5,88.0,71.0,0.0,5.0,73
2014-09-17,55.0,Moderate,PM2.5,91.0,73.0,0.02,9.0,73
2014-09-18,34.0,Good,Ozone,85.0,74.0,0.15,9.0,83
2014-09-19,38.0,Good,PM2.5,85.0,69.0,0.02,8.0,76
2014-09-20,55.0,Moderate,PM2.5,89.0,72.0,0.0,8.0,69
2014-09-21,77.0,Moderate,Ozone,91.0,73.0,0.0,7.0,57
2014-09-22,47.0,Good,Ozone,86.0,72.0,0.0,12.0,50
2014-09-23,67.0,Moderate,Ozone,83.0,64.0,0.0,9.0,48
2014-09-24,74.0,Moderate,Ozone,86.0,61.0,0.0,7.0,47
2014-09-25,71.0,Moderate,Ozone,87.0,63.0,0.0,6.0,52
2014-09-26,80.0,Moderate,Ozone,86.0,65.0,0.0,7.0,55
2014-09-27,63.0,Moderate,PM2.5,86.0,67.0,0.0,8.0,53
2014-09-28,56.0,Moderate,PM2.5,88.0,69.0,0.0,8.0,53
2014-09-29,51.0,Moderate,PM2.5,87.0,68.0,0.0,8.0,54
2014-09-30,51.0,Moderate,PM2.5,91.0,71.0,0.0,10.0,51
2014-10-01,38.0,Good,PM2.5,92.0,73.0,0.0,11.0,59
2014-10-02,60.0,Moderate,PM2.5,94.0,76.0,0.12,18.0,63
2014-10-03,40.0,Good,Ozone,81.0,64.0,0.0,12.0,45
2014-10-04,41.0,Good,Ozone,78.0,54.0,0.0,9.0,42
2014-10-05,58.0,Moderate,PM2.5,85.0,63.0,0.0,12.0,48
2014-10-06,43.0,Good,Ozone,85.0,69.0,0.01,14.0,64
2014-10-07,42.0,Good,Ozone,95.0,70.0,0.0,14.0,65
2014-10-08,51.0,Moderate,PM2.5,89.0,74.0,0.0,14.0,62
2014-10-09,42.0,Good,PM2.5,92.0,74.0,0.02,13.0,60
2014-10-10,46.0,Good,PM2.5,91.0,73.0,0.11,14.0,57
2014-10-11,18.0,Good,PM2.5,74.0,61.0,0.31,12.0,77
2014-10-12,48.0,Good,PM2.5,74.0,56.0,0.01,15.0,73
2014-10-13,29.0,Good,Ozone,73.0,63.0,1.14,27.0,69
2014-10-14,53.0,Moderate,PM2.5,74.0,56.0,0.0,17.0,43
2014-10-15,55.0,Moderate,NO2,79.0,55.0,0.0,6.0,63
2014-10-16,55.0,Moderate,PM2.5,85.0,58.0,0.0,14.0,53
2014-10-17,100.0,Moderate,Ozone,83.0,62.0,0.0,13.0,51
2014-10-18,51.0,Moderate,PM2.5,81.0,63.0,0.0,10.0,64
2014-10-19,56.0,Moderate,PM2.5,76.0,60.0,0.0,8.0,66
2014-10-20,64.0,Moderate,PM2.5,80.0,58.0,0.0,6.0,67
2014-10-21,67.0,Moderate,PM2.5,81.0,62.0,0.0,6.0,67
2014-10-22,67.0,Moderate,PM2.5,80.0,60.0,0.0,7.0,67
2014-10-23,64.0,Moderate,PM2.5,77.0,63.0,0.0,8.0,59
2014-10-24,61.0,Moderate,PM2.5,83.0,60.0,0.0,8.0,61
2014-10-25,61.0,Moderate,Ozone,87.0,65.0,0.0,9.0,61
2014-10-26,67.0,Moderate,Ozone,87.0,67.0,0.0,14.0,55
2014-10-27,41.0,Good,Ozone,85.0,66.0,0.0,18.0,54
2014-10-28,35.0,Good,Ozone,80.0,69.0,0.08,16.0,66
2014-10-29,53.0,Moderate,PM2.5,76.0,62.0,0.0,10.0,50
2014-10-30,56.0,Moderate,PM2.5,78.0,56.0,0.0,7.0,55
2014-10-31,41.0,Good,PM2.5,66.0,55.0,0.0,15.0,47
2014-11-01,42.0,Good,PM2.5,61.0,45.0,0.0,10.0,42
2014-11-02,40.0,Good,PM2.5,67.0,47.0,0.0,14.0,44
2014-11-03,43.0,Good,PM2.5,77.0,56.0,0.0,18.0,65
2014-11-04,30.0,Good,Ozone,71.0,55.0,0.59,17.0,82
2014-11-05,37.0,Good,PM2.5,59.0,53.0,0.52,10.0,89
2014-11-06,39.0,Good,NO2,71.0,49.0,0.0,9.0,66
2014-11-07,41.0,Good,PM2.5,66.0,45.0,0.0,9.0,56
2014-11-08,34.0,Good,Ozone,68.0,51.0,0.0,17.0,58
2014-11-09,35.0,Good,Ozone,71.0,42.0,0.0,13.0,60
2014-11-10,46.0,Good,PM2.5,77.0,55.0,0.0,23.0,59
2014-11-11,28.0,Good,PM2.5,67.0,43.0,0.0,19.0,50
2014-11-12,39.0,Good,PM2.5,43.0,35.0,0.0,17.0,44
2014-11-13,41.0,Good,PM2.5,38.0,32.0,0.0,16.0,36
2014-11-14,36.0,Good,PM2.5,42.0,29.0,0.0,5.0,48
2014-11-15,55.0,Moderate,PM2.5,49.0,35.0,0.0,13.0,64
2014-11-16,52.0,Moderate,PM2.5,44.0,33.0,0.07,16.0,81
2014-11-17,40.0,Good,PM2.5,44.0,29.0,0.0,18.0,50
2014-11-18,52.0,Moderate,PM2.5,55.0,28.0,0.0,13.0,54
2014-11-19,52.0,Moderate,PM2.5,62.0,40.0,0.0,15.0,52
2014-11-20,44.0,Good,PM2.5,71.0,46.0,0.0,12.0,76
2014-11-21,46.0,Good,PM2.5,67.0,58.0,0.04,13.0,90
2014-11-22,52.0,Moderate,PM2.5,64.0,59.0,2.28,13.0,94
2014-11-23,31.0,Good,Ozone,74.0,54.0,0.0,18.0,70
2014-11-24,38.0,Good,NO2,59.0,44.0,0.0,17.0,49
2014-11-25,52.0,Moderate,PM2.5,61.0,38.0,0.0,10.0,63
2014-11-26,37.0,Good,NO2,62.0,44.0,0.0,12.0,52
2014-11-27,34.0,Good,PM2.5,56.0,40.0,0.0,9.0,52
2014-11-28,42.0,Good,PM2.5,67.0,44.0,0.0,17.0,67
2014-11-29,32.0,Good,Ozone,74.0,55.0,0.0,20.0,65
2014-11-30,31.0,Good,Ozone,77.0,64.0,0.0,19.0,75
2014-12-01,48.0,Good,PM2.5,66.0,38.0,0.01,17.0,58
2014-12-02,54.0,Moderate,PM2.5,47.0,35.0,0.0,10.0,51
2014-12-03,57.0,Moderate,PM2.5,57.0,48.0,0.07,9.0,78
2014-12-04,63.0,Moderate,PM2.5,64.0,55.0,0.07,9.0,92
2014-12-05,49.0,Good,PM2.5,76.0,61.0,0.07,14.0,83
2014-12-06,29.0,Good,Ozone,65.0,52.0,0.0,13.0,76
2014-12-07,54.0,Moderate,PM2.5,55.0,46.0,0.01,9.0,82
2014-12-08,58.0,Moderate,PM2.5,59.0,43.0,0.0,4.0,84
2014-12-09,68.0,Moderate,PM2.5,56.0,41.0,0.0,5.0,91
2014-12-10,77.0,Moderate,PM2.5,56.0,42.0,0.0,6.0,91
2014-12-11,59.0,Moderate,PM2.5,67.0,53.0,0.06,7.0,81
2014-12-12,43.0,Good,PM2.5,69.0,57.0,0.16,8.0,87
2014-12-13,57.0,Moderate,PM2.5,69.0,56.0,0.02,13.0,81
2014-12-14,40.0,Good,PM2.5,67.0,59.0,0.26,15.0,92
2014-12-15,23.0,Good,NO2,63.0,51.0,0.0,14.0,60
2014-12-16,29.0,Good,NO2,52.0,42.0,0.0,11.0,54
2014-12-17,45.0,Good,PM2.5,47.0,40.0,0.69,9.0,79
2014-12-18,55.0,Moderate,PM2.5,53.0,44.0,0.04,7.0,86
2014-12-19,59.0,Moderate,PM2.5,51.0,47.0,0.0,10.0,85
2014-12-20,55.0,Moderate,PM2.5,50.0,47.0,0.0,4.0,82
2014-12-21,56.0,Moderate,PM2.5,53.0,47.0,0.01,13.0,82
2014-12-22,34.0,Good,PM2.5,64.0,51.0,0.0,16.0,74
2014-12-23,28.0,Good,Ozone,53.0,45.0,0.35,14.0,66
2014-12-24,32.0,Good,PM2.5,51.0,39.0,0.0,14.0,58
2014-12-25,37.0,Good,Ozone,60.0,38.0,0.0,20.0,56
2014-12-26,31.0,Good,PM2.5,62.0,51.0,0.04,16.0,84
2014-12-27,22.0,Good,PM2.5,62.0,37.0,0.17,20.0,79
2014-12-28,29.0,Good,NO2,46.0,36.0,0.0,12.0,55
2014-12-29,53.0,Moderate,PM2.5,52.0,31.0,0.0,9.0,79
2014-12-30,49.0,Good,PM2.5,46.0,38.0,0.0,13.0,76
2014-12-31,64.0,Moderate,PM2.5,38.0,35.0,0.0,12.0,62
2015-01-01,57.0,Moderate,PM2.5,37.0,35.0,0.74,6.0,81
2015-01-02,24.0,Good,PM2.5,41.0,37.0,0.2,7.0,94
2015-01-03,28.0,Good,NO2,52.0,38.0,0.28,10.0,81
2015-01-04,31.0,Good,PM2.5,41.0,30.0,0.0,17.0,58
2015-01-05,29.0,Good,NO2,45.0,25.0,0.0,12.0,58
2015-01-06,52.0,Moderate,PM2.5,55.0,32.0,0.0,12.0,74
2015-01-07,34.0,Good,PM2.5,40.0,26.0,0.0,22.0,53
2015-01-08,33.0,Good,PM2.5,37.0,22.0,0.0,12.0,42
2015-01-09,38.0,Good,PM2.5,38.0,29.0,0.0,13.0,53
2015-01-10,39.0,Good,PM2.5,36.0,31.0,0.03,8.0,49
2015-01-11,51.0,Moderate,PM2.5,41.0,34.0,0.47,7.0,91
2015-01-12,56.0,Moderate,PM2.5,44.0,37.0,0.0,13.0,80
2015-01-13,63.0,Moderate,PM2.5,41.0,35.0,0.01,11.0,64
2015-01-14,56.0,Moderate,PM2.5,42.0,34.0,0.0,6.0,64
2015-01-15,61.0,Moderate,PM2.5,53.0,36.0,0.0,8.0,63
2015-01-16,57.0,Moderate,PM2.5,60.0,31.0,0.0,10.0,73
2015-01-17,40.0,Good,NO2,66.0,42.0,0.0,14.0,65
2015-01-18,34.0,Good,NO2,66.0,35.0,0.0,11.0,59
2015-01-19,50.0,Good,NO2,66.0,44.0,0.0,12.0,59
2015-01-20,63.0,Moderate,PM2.5,68.0,40.0,0.0,12.0,81
2015-01-21,35.0,Good,PM2.5,61.0,44.0,0.14,11.0,60
2015-01-22,31.0,Good,Ozone,49.0,38.0,1.05,19.0,91
2015-01-23,35.0,Good,NO2,51.0,40.0,0.0,13.0,70
2015-01-24,38.0,Good,PM2.5,58.0,34.0,0.0,9.0,63
2015-01-25,36.0,Good,Ozone,62.0,43.0,0.0,20.0,52
2015-01-26,42.0,Good,NO2,68.0,36.0,0.0,10.0,61
2015-01-27,44.0,Good,NO2,73.0,44.0,0.0,8.0,69
2015-01-28,45.0,Good,Ozone,76.0,51.0,0.0,16.0,69
2015-01-29,32.0,Good,PM2.5,66.0,51.0,0.0,16.0,52
2015-01-30,31.0,Good,PM2.5,56.0,41.0,0.0,10.0,57
2015-01-31,52.0,Moderate,PM2.5,54.0,44.0,0.16,14.0,71
2015-02-01,31.0,Good,PM2.5,60.0,40.0,0.47,19.0,74
2015-02-02,33.0,Good,PM2.5,41.0,27.0,0.0,18.0,49
2015-02-03,36.0,Good,PM2.5,53.0,35.0,0.0,12.0,57
2015-02-04,52.0,Moderate,PM2.5,56.0,41.0,0.01,17.0,77
2015-02-05,61.0,Moderate,PM2.5,43.0,34.0,0.0,16.0,65
2015-02-06,60.0,Moderate,PM2.5,56.0,32.0,0.0,12.0,68
2015-02-07,44.0,Good,PM2.5,67.0,43.0,0.0,19.0,76
2015-02-08,53.0,Moderate,PM2.5,70.0,53.0,0.0,17.0,78
2015-02-09,50.0,Good,PM2.5,73.0,50.0,0.0,8.0,69
2015-02-10,57.0,Moderate,PM2.5,72.0,46.0,0.0,12.0,70
2015-02-11,61.0,Moderate,PM2.5,66.0,50.0,0.0,15.0,72
2015-02-12,32.0,Good,Ozone,54.0,40.0,0.0,15.0,50
2015-02-13,56.0,Moderate,PM2.5,66.0,37.0,0.0,9.0,60
2015-02-14,56.0,Moderate,PM2.5,76.0,42.0,0.0,10.0,62
2015-02-15,58.0,Moderate,PM2.5,72.0,54.0,0.11,15.0,72
2015-02-16,46.0,Good,PM2.5,60.0,34.0,0.24,20.0,72
2015-02-17,48.0,Good,PM2.5,53.0,31.0,0.03,9.0,57
2015-02-18,37.0,Good,PM2.5,55.0,32.0,0.0,10.0,69
2015-02-19,35.0,Good,Ozone,60.0,33.0,0.0,12.0,54
2015-02-20,47.0,Good,PM2.5,68.0,49.0,0.0,21.0,77
2015-02-21,34.0,Good,PM2.5,64.0,51.0,0.04,22.0,77
2015-02-22,27.0,Good,Ozone,50.0,33.0,0.73,16.0,81
2015-02-23,37.0,Good,PM2.5,33.0,28.0,0.09,17.0,75
2015-02-24,55.0,Moderate,PM2.5,37.0,28.0,0.0,8.0,65
2015-02-25,67.0,Moderate,PM2.5,47.0,33.0,0.64,7.0,77
2015-02-26,52.0,Moderate,PM2.5,39.0,31.0,0.01,15.0,63
2015-02-27,37.0,Good,PM2.5,33.0,28.0,0.11,12.0,58
2015-02-28,54.0,Moderate,PM2.5,33.0,27.0,0.11,9.0,83
2015-03-01,57.0,Moderate,PM2.5,38.0,32.0,0.07,9.0,93
2015-03-02,64.0,Moderate,PM2.5,40.0,34.0,0.05,11.0,92
2015-03-03,54.0,Moderate,PM2.5,57.0,40.0,0.18,7.0,98
2015-03-04,43.0,Good,PM2.5,57.0,30.0,0.35,19.0,94
2015-03-05,43.0,Good,NO2,41.0,27.0,0.21,17.0,58
2015-03-06,62.0,Moderate,PM2.5,50.0,25.0,0.0,6.0,61
2015-03-07,53.0,Moderate,PM2.5,60.0,29.0,0.0,8.0,63
2015-03-08,42.0,Good,PM2.5,53.0,46.0,0.27,9.0,78
2015-03-09,25.0,Good,NO2,49.0,46.0,0.94,10.0,97
2015-03-10,26.0,Good,Ozone,56.0,48.0,0.0,6.0,90
2015-03-11,43.0,Good,PM2.5,67.0,41.0,0.0,9.0,82
2015-03-12,52.0,Moderate,PM2.5,64.0,49.0,0.0,10.0,84
2015-03-13,35.0,Good,PM2.5,58.0,54.0,0.25,12.0,94
2015-03-14,38.0,Good,Ozone,61.0,55.0,0.01,17.0,78
2015-03-15,33.0,Good,PM2.5,66.0,55.0,0.0,9.0,78
2015-03-16,49.0,Good,PM2.5,75.0,49.0,0.0,10.0,80
2015-03-17,47.0,Good,PM2.5,79.0,61.0,0.0,10.0,77
2015-03-18,56.0,Moderate,PM2.5,66.0,56.0,0.2,5.0,87
2015-03-19,57.0,Moderate,PM2.5,74.0,54.0,0.13,8.0,89
2015-03-20,31.0,Good,PM2.5,64.0,54.0,0.6,11.0,93
2015-03-21,36.0,Good,PM2.5,63.0,53.0,0.11,8.0,90
2015-03-22,41.0,Good,Ozone,66.0,53.0,0.07,6.0,81
2015-03-23,44.0,Good,Ozone,73.0,48.0,0.0,9.0,79
2015-03-24,47.0,Good,Ozone,81.0,58.0,0.0,16.0,75
2015-03-25,41.0,Good,Ozone,79.0,61.0,0.0,18.0,76
2015-03-26,37.0,Good,Ozone,69.0,52.0,0.04,19.0,59
2015-03-27,41.0,Good,Ozone,67.0,46.0,0.0,10.0,57
2015-03-28,58.0,Moderate,Ozone,80.0,48.0,0.0,11.0,62
2015-03-29,42.0,Good,Ozone,81.0,56.0,0.0,18.0,62
2015-03-30,48.0,Good,PM2.5,73.0,61.0,0.01,10.0,83
2015-03-31,48.0,Good,PM2.5,81.0,64.0,0.09,15.0,73
2015-04-01,60.0,Moderate,PM2.5,79.0,66.0,0.02,16.0,72
2015-04-02,61.0,Moderate,PM2.5,84.0,66.0,0.0,19.0,72
2015-04-03,52.0,Moderate,PM2.5,77.0,60.0,0.01,18.0,68
2015-04-04,42.0,Good,Ozone,67.0,51.0,0.0,14.0,46
2015-04-05,39.0,Good,PM2.5,60.0,55.0,0.34,10.0,79
2015-04-06,54.0,Moderate,PM2.5,81.0,58.0,0.04,17.0,79
2015-04-07,57.0,Moderate,PM2.5,81.0,67.0,0.24,16.0,75
2015-04-08,59.0,Moderate,PM2.5,80.0,66.0,0.13,19.0,80
2015-04-09,54.0,Moderate,PM2.5,83.0,67.0,0.05,16.0,76
2015-04-10,36.0,Good,Ozone,69.0,54.0,0.0,15.0,55
2015-04-11,49.0,Good,PM2.5,74.0,56.0,0.0,8.0,73
2015-04-12,56.0,Moderate,PM2.5,76.0,62.0,0.05,10.0,83
2015-04-13,33.0,Good,Ozone,73.0,63.0,0.81,14.0,92
2015-04-14,24.0,Good,PM2.5,63.0,58.0,0.07,9.0,81
2015-04-15,51.0,Moderate,Ozone,73.0,56.0,0.0,9.0,70
2015-04-16,55.0,Moderate,PM2.5,77.0,59.0,0.16,11.0,81
2015-04-17,36.0,Good,PM2.5,73.0,64.0,0.03,9.0,89
2015-04-18,48.0,Good,Ozone,78.0,62.0,0.33,10.0,81
2015-04-19,49.0,Good,Ozone,78.0,61.0,0.04,17.0,70
2015-04-20,44.0,Good,Ozone,68.0,51.0,0.0,17.0,50
2015-04-21,46.0,Good,PM2.5,71.0,51.0,0.09,9.0,69
2015-04-22,56.0,Moderate,PM2.5,77.0,59.0,0.03,10.0,77
2015-04-23,52.0,Moderate,PM2.5,74.0,65.0,0.67,12.0,88
2015-04-24,55.0,Moderate,PM2.5,74.0,67.0,1.36,15.0,93
2015-04-25,48.0,Good,Ozone,85.0,61.0,0.0,12.0,59
2015-04-26,57.0,Moderate,PM2.5,83.0,61.0,0.15,13.0,72
2015-04-27,43.0,Good,PM2.5,69.0,57.0,2.89,17.0,85
2015-04-28,38.0,Good,Ozone,58.0,53.0,0.11,15.0,75
2015-04-29,67.0,Moderate,Ozone,73.0,50.0,0.0,9.0,62
2015-04-30,129.0,Unhealthy for Sensitive Groups,Ozone,78.0,52.0,0.0,6.0,63
2015-05-01,101.0,Unhealthy for Sensitive Groups,Ozone,79.0,54.0,0.0,6.0,64
2015-05-02,97.0,Moderate,Ozone,80.0,56.0,0.0,8.0,68
2015-05-03,48.0,Good,Ozone,79.0,61.0,0.0,12.0,65
2015-05-04,53.0,Moderate,PM2.5,80.0,62.0,0.0,12.0,68
2015-05-05,54.0,Moderate,PM2.5,79.0,62.0,0.15,17.0,73
2015-05-06,46.0,Good,PM2.5,80.0,67.0,0.28,16.0,83
2015-05-07,55.0,Moderate,PM2.5,81.0,70.0,0.18,15.0,84
2015-05-08,67.0,Moderate,PM2.5,83.0,68.0,0.63,15.0,86
2015-05-09,66.0,Moderate,PM2.5,82.0,71.0,1.69,15.0,88
2015-05-10,60.0,Moderate,PM2.5,82.0,69.0,0.77,18.0,87
2015-05-11,36.0,Good,Ozone,73.0,64.0,0.24,12.0,72
2015-05-12,35.0,Good,Ozone,70.0,61.0,0.11,11.0,68
2015-05-13,42.0,Good,PM2.5,70.0,62.0,0.59,13.0,90
2015-05-14,52.0,Moderate,PM2.5,82.0,65.0,0.04,11.0,86
2015-05-15,47.0,Good,PM2.5,77.0,70.0,0.26,14.0,87
2015-05-16,58.0,Moderate,PM2.5,83.0,69.0,0.05,18.0,80
2015-05-17,39.0,Good,Ozone,78.0,69.0,1.2,16.0,88
2015-05-18,54.0,Moderate,PM2.5,86.0,67.0,0.02,8.0,84
2015-05-19,57.0,Moderate,PM2.5,79.0,71.0,0.39,14.0,89
2015-05-20,38.0,Good,PM2.5,84.0,68.0,0.02,14.0,78
2015-05-21,24.0,Good,Ozone,67.0,60.0,0.02,13.0,76
2015-05-22,39.0,Good,PM2.5,75.0,61.0,0.02,11.0,81
2015-05-23,53.0,Moderate,PM2.5,77.0,67.0,0.24,16.0,90
2015-05-24,31.0,Good,Ozone,78.0,70.0,1.15,15.0,89
2015-05-25,32.0,Good,Ozone,79.0,67.0,1.39,16.0,92
2015-05-26,53.0,Moderate,PM2.5,83.0,66.0,0.08,13.0,83
2015-05-27,54.0,Moderate,Ozone,83.0,68.0,0.6,13.0,87
2015-05-28,59.0,Moderate,PM2.5,87.0,69.0,0.06,13.0,80
2015-05-29,39.0,Good,Ozone,80.0,69.0,0.63,16.0,80
2015-05-30,37.0,Good,Ozone,78.0,65.0,0.9,15.0,85
2015-05-31,41.0,Good,Ozone,77.0,64.0,0.0,9.0,74
2015-06-01,90.0,Moderate,Ozone,81.0,60.0,0.0,6.0,72
2015-06-02,77.0,Moderate,Ozone,84.0,66.0,0.0,8.0,75
2015-06-03,74.0,Moderate,Ozone,86.0,69.0,0.0,9.0,72
2015-06-04,93.0,Moderate,Ozone,87.0,71.0,0.0,8.0,75
2015-06-05,97.0,Moderate,Ozone,88.0,70.0,0.0,5.0,72
2015-06-06,93.0,Moderate,Ozone,89.0,71.0,0.0,7.0,73
2015-06-07,80.0,Moderate,Ozone,90.0,73.0,0.0,7.0,69
2015-06-08,74.0,Moderate,Ozone,92.0,72.0,0.0,7.0,62
2015-06-09,90.0,Moderate,Ozone,94.0,74.0,0.0,5.0,58
2015-06-10,74.0,Moderate,Ozone,94.0,73.0,0.0,7.0,59
2015-06-11,46.0,Good,PM2.5,91.0,75.0,0.0,13.0,61
2015-06-12,40.0,Good,PM2.5,91.0,75.0,0.0,13.0,61
2015-06-13,44.0,Good,PM2.5,87.0,74.0,0.37,12.0,75
2015-06-14,35.0,Good,PM2.5,87.0,75.0,0.14,14.0,79
2015-06-15,43.0,Good,PM2.5,85.0,74.0,0.2,10.0,80
2015-06-16,37.0,Good,PM2.5,82.0,74.0,0.64,9.0,88
2015-06-17,27.0,Good,PM2.5,81.0,73.0,1.91,25.0,88
2015-06-18,39.0,Good,Ozone,89.0,73.0,0.08,18.0,74
2015-06-19,52.0,Moderate,PM2.5,90.0,74.0,0.0,8.0,76
2015-06-20,62.0,Moderate,PM2.5,84.0,76.0,0.0,11.0,76
2015-06-21,68.0,Moderate,PM2.5,86.0,75.0,0.41,12.0,84
2015-06-22,70.0,Moderate,PM2.5,89.0,75.0,0.0,13.0,77
2015-06-23,57.0,Moderate,PM2.5,90.0,73.0,0.03,9.0,78
2015-06-24,51.0,Moderate,PM2.5,92.0,75.0,0.0,7.0,73
2015-06-25,41.0,Good,Ozone,91.0,76.0,0.0,9.0,70
2015-06-26,38.0,Good,Ozone,91.0,76.0,0.02,9.0,71
2015-06-27,45.0,Good,Ozone,86.0,75.0,0.26,8.0,73
2015-06-28,119.0,Unhealthy for Sensitive Groups,Ozone,88.0,69.0,0.0,6.0,62
2015-06-29,74.0,Moderate,Ozone,91.0,73.0,0.04,8.0,73
2015-06-30,63.0,Moderate,PM2.5,91.0,76.0,0.02,11.0,71
2015-07-01,43.0,Good,PM2.5,91.0,75.0,0.0,14.0,69
2015-07-02,64.0,Moderate,PM2.5,91.0,76.0,0.0,16.0,61
2015-07-03,74.0,Moderate,PM2.5,90.0,78.0,0.0,13.0,65
2015-07-04,63.0,Moderate,PM2.5,91.0,77.0,0.06,11.0,66
2015-07-05,69.0,Moderate,PM2.5,91.0,76.0,0.03,14.0,68
2015-07-06,79.0,Moderate,PM2.5,92.0,78.0,0.0,18.0,63
2015-07-07,65.0,Moderate,PM2.5,90.0,78.0,0.0,16.0,68
2015-07-08,76.0,Moderate,PM2.5,89.0,78.0,0.01,20.0,66
2015-07-09,86.0,Moderate,PM2.5,93.0,77.0,0.0,15.0,59
2015-07-10,77.0,Moderate,PM2.5,93.0,74.0,0.0,11.0,59
2015-07-11,69.0,Moderate,PM2.5,94.0,76.0,0.0,11.0,55
2015-07-12,48.0,Good,PM2.5,96.0,77.0,0.0,10.0,55
2015-07-13,57.0,Moderate,PM2.5,98.0,80.0,0.0,11.0,55
2015-07-14,67.0,Moderate,PM2.5,98.0,80.0,0.0,11.0,54
2015-07-15,51.0,Moderate,PM2.5,95.0,78.0,0.0,9.0,52
2015-07-16,44.0,Good,Ozone,96.0,78.0,0.0,10.0,52
2015-07-17,46.0,Good,PM2.5,96.0,79.0,0.0,12.0,55
2015-07-18,53.0,Moderate,PM2.5,97.0,79.0,0.0,12.0,54
2015-07-19,52.0,Moderate,PM2.5,97.0,80.0,0.0,11.0,54
2015-07-20,56.0,Moderate,PM2.5,98.0,81.0,0.0,9.0,52
2015-07-21,52.0,Moderate,PM2.5,95.0,81.0,0.0,10.0,53
2015-07-22,52.0,Moderate,PM2.5,95.0,81.0,0.0,11.0,54
2015-07-23,60.0,Moderate,PM2.5,98.0,81.0,0.0,12.0,51
2015-07-24,56.0,Moderate,PM2.5,98.0,80.0,0.0,11.0,48
2015-07-25,51.0,Moderate,PM2.5,98.0,80.0,0.0,8.0,54
2015-07-26,53.0,Moderate,PM2.5,98.0,79.0,0.0,8.0,52
2015-07-27,56.0,Moderate,PM2.5,97.0,81.0,0.0,9.0,54
2015-07-28,61.0,Moderate,PM2.5,97.0,80.0,0.0,10.0,48
2015-07-29,65.0,Moderate,PM2.5,96.0,80.0,0.0,9.0,51
2015-07-30,147.0,Unhealthy for Sensitive Groups,Ozone,99.0,82.0,0.0,9.0,47
2015-07-31,77.0,Moderate,Ozone,93.0,81.0,0.11,11.0,58
2015-08-01,105.0,Unhealthy for Sensitive Groups,Ozone,94.0,76.0,0.0,8.0,43
2015-08-02,71.0,Moderate,Ozone,95.0,76.0,0.0,6.0,43
2015-08-03,143.0,Unhealthy for Sensitive Groups,Ozone,97.0,77.0,0.0,8.0,42
2015-08-04,97.0,Moderate,Ozone,97.0,81.0,0.0,8.0,50
2015-08-05,55.0,Moderate,PM2.5,99.0,82.0,0.0,11.0,51
2015-08-06,58.0,Moderate,PM2.5,101.0,83.0,0.0,13.0,47
2015-08-07,58.0,Moderate,PM2.5,101.0,83.0,0.0,13.0,46
2015-08-08,54.0,Moderate,PM2.5,101.0,82.0,0.0,11.0,47
2015-08-09,61.0,Moderate,PM2.5,102.0,82.0,0.0,10.0,45
2015-08-10,140.0,Unhealthy for Sensitive Groups,Ozone,102.0,82.0,0.0,10.0,41
2015-08-11,93.0,Moderate,Ozone,97.0,82.0,0.02,9.0,53
2015-08-12,77.0,Moderate,Ozone,97.0,80.0,0.0,12.0,47
2015-08-13,100.0,Moderate,Ozone,95.0,79.0,0.0,7.0,49
2015-08-14,84.0,Moderate,Ozone,95.0,79.0,0.0,10.0,44
2015-08-15,77.0,Moderate,Ozone,94.0,77.0,0.0,10.0,42
2015-08-16,87.0,Moderate,Ozone,95.0,74.0,0.0,8.0,44
2015-08-17,100.0,Moderate,Ozone,94.0,78.0,0.0,9.0,49
2015-08-18,49.0,Good,Ozone,97.0,80.0,0.0,11.0,48
2015-08-19,47.0,Good,Ozone,94.0,70.0,0.16,16.0,62
2015-08-20,34.0,Good,PM2.5,76.0,67.0,1.0,10.0,77
2015-08-21,47.0,Good,Ozone,89.0,73.0,0.0,12.0,70
2015-08-22,44.0,Good,Ozone,94.0,75.0,0.0,11.0,65
2015-08-23,49.0,Good,PM2.5,95.0,79.0,0.0,13.0,65
2015-08-24,129.0,Unhealthy for Sensitive Groups,Ozone,96.0,78.0,0.0,7.0,64
2015-08-25,64.0,Moderate,Ozone,91.0,77.0,0.09,11.0,72
2015-08-26,87.0,Moderate,Ozone,92.0,75.0,0.0,6.0,62
2015-08-27,115.0,Unhealthy for Sensitive Groups,Ozone,93.0,70.0,0.0,7.0,49
2015-08-28,140.0,Unhealthy for Sensitive Groups,Ozone,94.0,71.0,0.0,6.0,49
2015-08-29,90.0,Moderate,Ozone,93.0,78.0,0.0,10.0,51
2015-08-30,97.0,Moderate,Ozone,95.0,77.0,0.0,9.0,53
2015-08-31,64.0,Moderate,Ozone,93.0,75.0,0.0,9.0,54
2015-09-01,46.0,Good,PM2.5,92.0,75.0,0.0,11.0,52
2015-09-02,50.0,Good,Ozone,92.0,74.0,0.0,10.0,58
2015-09-03,46.0,Good,Ozone,93.0,76.0,0.0,7.0,52
2015-09-04,44.0,Good,Ozone,93.0,79.0,0.0,9.0,55
2015-09-05,47.0,Good,PM2.5,94.0,81.0,0.0,9.0,54
2015-09-06,57.0,Moderate,PM2.5,96.0,80.0,0.0,9.0,55
2015-09-07,54.0,Moderate,PM2.5,97.0,81.0,0.0,12.0,47
2015-09-08,52.0,Moderate,PM2.5,97.0,81.0,0.02,10.0,54
2015-09-09,38.0,Good,PM2.5,87.0,77.0,0.39,10.0,72
2015-09-10,58.0,Moderate,Ozone,90.0,75.0,0.0,7.0,70
2015-09-11,49.0,Good,Ozone,92.0,73.0,0.0,14.0,62
2015-09-12,42.0,Good,Ozone,84.0,68.0,0.0,11.0,44
2015-09-13,48.0,Good,Ozone,90.0,67.0,0.0,13.0,36
2015-09-14,61.0,Moderate,Ozone,90.0,70.0,0.0,13.0,40
2015-09-15,56.0,Moderate,PM2.5,88.0,69.0,0.02,12.0,57
2015-09-16,39.0,Good,Ozone,92.0,74.0,0.0,12.0,61
2015-09-17,52.0,Moderate,PM2.5,92.0,75.0,0.0,13.0,59
2015-09-18,41.0,Good,PM2.5,95.0,77.0,0.0,13.0,51
2015-09-19,40.0,Good,Ozone,90.0,77.0,0.0,10.0,58
2015-09-20,40.0,Good,Ozone,89.0,74.0,0.09,10.0,74
2015-09-21,93.0,Moderate,Ozone,91.0,69.0,0.0,7.0,64
2015-09-22,84.0,Moderate,Ozone,91.0,74.0,0.0,9.0,51
2015-09-23,84.0,Moderate,Ozone,91.0,73.0,0.0,9.0,42
2015-09-24,71.0,Moderate,Ozone,91.0,69.0,0.0,7.0,46
2015-09-25,71.0,Moderate,Ozone,90.0,74.0,0.0,6.0,48
2015-09-26,93.0,Moderate,Ozone,90.0,69.0,0.0,8.0,46
2015-09-27,84.0,Moderate,Ozone,89.0,70.0,0.0,7.0,44
2015-09-28,62.0,Moderate,PM2.5,88.0,70.0,0.0,9.0,50
2015-09-29,53.0,Moderate,PM2.5,89.0,72.0,0.0,8.0,57
2015-09-30,61.0,Moderate,Ozone,90.0,71.0,0.0,10.0,51
2015-10-01,53.0,Moderate,PM2.5,83.0,69.0,0.0,11.0,58
2015-10-02,45.0,Good,Ozone,79.0,63.0,0.0,10.0,40
2015-10-03,47.0,Good,Ozone,78.0,59.0,0.0,8.0,46
2015-10-04,43.0,Good,Ozone,78.0,62.0,0.0,8.0,52
2015-10-05,38.0,Good,Ozone,80.0,65.0,0.0,9.0,54
2015-10-06,53.0,Moderate,PM2.5,82.0,62.0,0.0,7.0,62
2015-10-07,54.0,Moderate,Ozone,87.0,66.0,0.0,6.0,56
2015-10-08,69.0,Moderate,PM2.5,89.0,69.0,0.0,5.0,51
2015-10-09,68.0,Moderate,PM2.5,87.0,70.0,0.0,15.0,61
2015-10-10,67.0,Moderate,Ozone,82.0,63.0,0.0,10.0,55
2015-10-11,61.0,Moderate,Ozone,93.0,67.0,0.0,15.0,43
2015-10-12,93.0,Moderate,Ozone,92.0,75.0,0.0,16.0,47
2015-10-13,58.0,Moderate,Ozone,88.0,63.0,0.0,11.0,29
2015-10-14,54.0,Moderate,Ozone,94.0,64.0,0.0,8.0,30
2015-10-15,56.0,Moderate,PM2.5,94.0,69.0,0.0,12.0,25
2015-10-16,52.0,Moderate,PM2.5,84.0,67.0,0.0,10.0,38
2015-10-17,55.0,Moderate,PM2.5,76.0,64.0,0.0,10.0,31
2015-10-18,48.0,Good,Ozone,78.0,59.0,0.0,9.0,29
2015-10-19,52.0,Moderate,PM2.5,81.0,59.0,0.0,11.0,31
2015-10-20,57.0,Moderate,PM2.5,82.0,61.0,0.0,11.0,45
2015-10-21,53.0,Moderate,PM2.5,83.0,68.0,0.0,11.0,72
2015-10-22,39.0,Good,PM2.5,78.0,69.0,0.17,18.0,72
2015-10-23,26.0,Good,Ozone,74.0,69.0,3.08,10.0,96
2015-10-24,25.0,Good,Ozone,71.0,59.0,3.2,13.0,93
2015-10-25,24.0,Good,Ozone,64.0,58.0,0.23,14.0,81
2015-10-26,31.0,Good,Ozone,73.0,57.0,0.0,12.0,63
2015-10-27,42.0,Good,Ozone,74.0,58.0,0.0,7.0,73
2015-10-28,40.0,Good,Ozone,73.0,59.0,0.0,16.0,69
2015-10-29,52.0,Moderate,PM2.5,74.0,52.0,0.0,8.0,75
2015-10-30,55.0,Moderate,PM2.5,67.0,62.0,1.22,21.0,86
2015-10-31,30.0,Good,Ozone,71.0,62.0,0.28,11.0,88
2015-11-01,44.0,Good,PM2.5,66.0,59.0,0.25,6.0,81
2015-11-02,58.0,Moderate,PM2.5,71.0,57.0,0.0,7.0,85
2015-11-03,60.0,Moderate,PM2.5,74.0,60.0,0.0,9.0,87
2015-11-04,57.0,Moderate,PM2.5,74.0,61.0,0.06,12.0,84
2015-11-05,54.0,Moderate,PM2.5,77.0,67.0,1.13,17.0,91
2015-11-06,31.0,Good,PM2.5,71.0,58.0,0.0,11.0,59
2015-11-07,29.0,Good,PM2.5,66.0,55.0,0.48,13.0,70
2015-11-08,37.0,Good,PM2.5,64.0,50.0,0.0,10.0,59
2015-11-09,48.0,Good,PM2.5,65.0,53.0,0.0,6.0,67
2015-11-10,52.0,Moderate,PM2.5,74.0,54.0,0.0,13.0,81
2015-11-11,34.0,Good,PM2.5,79.0,62.0,0.23,15.0,71
2015-11-12,39.0,Good,NO2,65.0,49.0,0.0,12.0,53
2015-11-13,51.0,Moderate,PM2.5,65.0,47.0,0.0,7.0,62
2015-11-14,54.0,Moderate,PM2.5,63.0,50.0,0.03,9.0,66
2015-11-15,44.0,Good,PM2.5,61.0,55.0,0.19,10.0,75
2015-11-16,55.0,Moderate,PM2.5,71.0,57.0,0.3,20.0,92
2015-11-17,27.0,Good,Ozone,72.0,54.0,1.14,24.0,69
2015-11-18,31.0,Good,Ozone,67.0,49.0,0.0,15.0,51
2015-11-19,46.0,Good,PM2.5,68.0,48.0,0.0,10.0,77
2015-11-20,61.0,Moderate,PM2.5,70.0,53.0,0.0,13.0,79
2015-11-21,31.0,Good,Ozone,59.0,42.0,0.0,21.0,61
2015-11-22,37.0,Good,PM2.5,52.0,35.0,0.0,5.0,65
2015-11-23,47.0,Good,PM2.5,60.0,37.0,0.0,9.0,71
2015-11-24,44.0,Good,PM2.5,65.0,46.0,0.0,15.0,72
2015-11-25,46.0,Good,PM2.5,70.0,60.0,0.04,17.0,81
2015-11-26,35.0,Good,PM2.5,70.0,64.0,0.51,16.0,92
2015-11-27,17.0,Good,Ozone,68.0,41.0,2.44,19.0,97
2015-11-28,11.0,Good,Ozone,42.0,40.0,1.15,13.0,93
2015-11-29,16.0,Good,PM2.5,44.0,41.0,0.93,10.0,92
2015-11-30,14.0,Good,NO2,49.0,44.0,0.02,7.0,88
2015-12-01,52.0,Moderate,PM2.5,53.0,39.0,0.0,5.0,78
2015-12-02,51.0,Moderate,PM2.5,56.0,38.0,0.0,12.0,74
2015-12-03,49.0,Good,PM2.5,58.0,39.0,0.0,6.0,77
2015-12-04,59.0,Moderate,PM2.5,58.0,38.0,0.0,6.0,80
2015-12-05,55.0,Moderate,PM2.5,58.0,38.0,0.0,8.0,79
2015-12-06,59.0,Moderate,PM2.5,62.0,44.0,0.0,7.0,82
2015-12-07,60.0,Moderate,PM2.5,64.0,42.0,0.0,7.0,78
2015-12-08,56.0,Moderate,PM2.5,69.0,48.0,0.0,14.0,80
2015-12-09,53.0,Moderate,PM2.5,68.0,45.0,0.0,7.0,74
2015-12-10,55.0,Moderate,PM2.5,73.0,52.0,0.0,14.0,76
2015-12-11,60.0,Moderate,PM2.5,73.0,47.0,0.0,16.0,83
2015-12-12,34.0,Good,PM2.5,72.0,66.0,0.68,20.0,93
2015-12-13,25.0,Good,Ozone,70.0,52.0,1.46,23.0,76
2015-12-14,28.0,Good,NO2,65.0,47.0,0.0,18.0,56
2015-12-15,39.0,Good,PM2.5,67.0,52.0,0.0,13.0,74
2015-12-16,29.0,Good,NO2,53.0,42.0,0.0,12.0,50
2015-12-17,38.0,Good,PM2.5,56.0,38.0,0.0,15.0,64
2015-12-18,40.0,Good,PM2.5,49.0,33.0,0.0,14.0,71
2015-12-19,52.0,Moderate,PM2.5,59.0,39.0,0.0,13.0,70
2015-12-20,56.0,Moderate,PM2.5,64.0,47.0,0.01,18.0,84
2015-12-21,41.0,Good,NO2,68.0,55.0,0.0,16.0,76
2015-12-22,58.0,Moderate,PM2.5,70.0,45.0,0.0,16.0,79
2015-12-23,34.0,Good,NO2,73.0,55.0,0.0,17.0,67
2015-12-24,33.0,Good,PM2.5,73.0,51.0,0.0,11.0,67
2015-12-25,53.0,Moderate,PM2.5,71.0,47.0,0.01,11.0,73
2015-12-26,51.0,Moderate,PM2.5,74.0,66.0,0.36,22.0,92
2015-12-27,44.0,Good,PM2.5,68.0,43.0,3.37,20.0,98
2015-12-28,22.0,Good,Ozone,45.0,36.0,0.41,19.0,78
2015-12-29,34.0,Good,PM2.5,45.0,33.0,0.0,6.0,74
2015-12-30,53.0,Moderate,PM2.5,51.0,34.0,0.0,6.0,83
2015-12-31,53.0,Moderate,PM2.5,51.0,36.0,0.0,10.0,74
2016-01-01,52.0,Moderate,PM2.5,47.0,38.0,0.0,11.0,61
2016-01-02,37.0,Good,PM2.5,49.0,38.0,0.0,6.0,60
2016-01-03,53.0,Moderate,PM2.5,57.0,36.0,0.0,7.0,65
2016-01-04,47.0,Good,PM2.5,51.0,33.0,0.0,7.0,70
2016-01-05,55.0,Moderate,PM2.5,45.0,31.0,0.0,10.0,73
2016-01-06,58.0,Moderate,PM2.5,48.0,38.0,0.25,9.0,78
2016-01-07,39.0,Good,PM2.5,65.0,48.0,0.15,11.0,82
2016-01-08,59.0,Moderate,PM2.5,63.0,41.0,0.0,9.0,77
2016-01-09,31.0,Good,PM2.5,48.0,38.0,0.0,18.0,72
2016-01-10,43.0,Good,PM2.5,40.0,29.0,0.0,13.0,57
2016-01-11,49.0,Good,PM2.5,48.0,31.0,0.0,6.0,63
2016-01-12,55.0,Moderate,PM2.5,59.0,33.0,0.0,7.0,71
2016-01-13,53.0,Moderate,PM2.5,63.0,39.0,0.0,13.0,71
2016-01-14,42.0,Good,PM2.5,66.0,44.0,0.0,19.0,76
2016-01-15,39.0,Good,NO2,60.0,44.0,0.0,15.0,58
2016-01-16,32.0,Good,PM2.5,46.0,35.0,0.03,15.0,73
2016-01-17,57.0,Moderate,PM2.5,52.0,30.0,0.0,8.0,77
2016-01-18,55.0,Moderate,PM2.5,46.0,30.0,0.0,11.0,68
2016-01-19,55.0,Moderate,PM2.5,62.0,38.0,0.03,21.0,78
2016-01-20,59.0,Moderate,PM2.5,50.0,32.0,0.0,13.0,75
2016-01-21,56.0,Moderate,PM2.5,52.0,38.0,0.56,18.0,88
2016-01-22,53.0,Moderate,PM2.5,46.0,34.0,0.0,18.0,60
2016-01-23,58.0,Moderate,PM2.5,47.0,27.0,0.0,8.0,74
2016-01-24,43.0,Good,PM2.5,60.0,38.0,0.0,18.0,71
2016-01-25,34.0,Good,NO2,63.0,48.0,0.0,18.0,71
2016-01-26,29.0,Good,NO2,49.0,40.0,0.0,13.0,58
2016-01-27,43.0,Good,PM2.5,52.0,33.0,0.0,8.0,62
2016-01-28,51.0,Moderate,PM2.5,64.0,36.0,0.0,7.0,61
2016-01-29,41.0,Good,PM2.5,71.0,41.0,0.0,17.0,59
2016-01-30,43.0,Good,Ozone,72.0,49.0,0.0,20.0,49
2016-01-31,35.0,Good,Ozone,71.0,53.0,0.0,20.0,67
2016-02-01,59.0,Moderate,PM2.5,69.0,44.0,0.0,16.0,76
2016-02-02,34.0,Good,Ozone,64.0,48.0,0.0,16.0,46
2016-02-03,34.0,Good,Ozone,50.0,38.0,0.0,15.0,47
2016-02-04,50.0,Good,PM2.5,53.0,31.0,0.0,8.0,59
2016-02-05,52.0,Moderate,PM2.5,56.0,35.0,0.0,11.0,55
2016-02-06,57.0,Moderate,PM2.5,50.0,36.0,0.04,11.0,74
2016-02-07,58.0,Moderate,PM2.5,62.0,36.0,0.0,12.0,67
2016-02-08,35.0,Good,Ozone,54.0,42.0,0.0,22.0,31
2016-02-09,36.0,Good,Ozone,60.0,39.0,0.0,12.0,36
2016-02-10,35.0,Good,NO2,70.0,35.0,0.0,13.0,52
2016-02-11,58.0,Moderate,NO2,72.0,49.0,0.0,13.0,41
2016-02-12,63.0,Moderate,PM2.5,69.0,45.0,0.0,7.0,62
2016-02-13,63.0,Moderate,PM2.5,65.0,43.0,0.0,14.0,58
2016-02-14,32.0,Good,PM2.5,67.0,55.0,0.01,18.0,78
2016-02-15,48.0,Good,PM2.5,68.0,52.0,0.07,11.0,66
2016-02-16,38.0,Good,NO2,71.0,48.0,0.0,12.0,42
2016-02-17,38.0,Good,PM2.5,69.0,43.0,0.0,9.0,50
2016-02-18,45.0,Good,Ozone,74.0,51.0,0.0,21.0,53
2016-02-19,39.0,Good,PM2.5,77.0,59.0,0.0,20.0,68
2016-02-20,38.0,Good,PM2.5,77.0,63.0,0.0,16.0,73
2016-02-21,54.0,Moderate,PM2.5,72.0,61.0,0.39,12.0,87
2016-02-22,39.0,Good,PM2.5,60.0,53.0,0.19,10.0,77
2016-02-23,31.0,Good,Ozone,55.0,40.0,1.89,21.0,91
2016-02-24,38.0,Good,NO2,58.0,43.0,0.01,19.0,51
2016-02-25,36.0,Good,Ozone,56.0,43.0,0.0,12.0,49
2016-02-26,39.0,Good,PM2.5,58.0,36.0,0.0,7.0,59
2016-02-27,61.0,Moderate,Ozone,69.0,43.0,0.0,14.0,60
2016-02-28,37.0,Good,Ozone,71.0,52.0,0.0,19.0,73
2016-02-29,53.0,Moderate,PM2.5,73.0,50.0,0.0,12.0,85
2016-03-01,39.0,Good,Ozone,69.0,53.0,0.0,20.0,65
2016-03-02,44.0,Good,Ozone,68.0,45.0,0.0,20.0,54
2016-03-03,41.0,Good,Ozone,71.0,54.0,0.0,22.0,59
2016-03-04,52.0,Moderate,PM2.5,69.0,48.0,0.0,9.0,55
2016-03-05,64.0,Moderate,Ozone,75.0,47.0,0.0,7.0,63
2016-03-06,47.0,Good,PM2.5,72.0,55.0,0.0,20.0,66
2016-03-07,40.0,Good,PM2.5,73.0,62.0,0.02,20.0,76
2016-03-08,29.0,Good,Ozone,70.0,62.0,0.69,16.0,88
2016-03-09,29.0,Good,Ozone,65.0,59.0,0.64,16.0,91
2016-03-10,23.0,Good,Ozone,65.0,57.0,0.29,15.0,83
2016-03-11,19.0,Good,Ozone,61.0,58.0,0.37,13.0,93
2016-03-12,44.0,Good,Ozone,68.0,59.0,0.14,10.0,87
2016-03-13,43.0,Good,Ozone,77.0,57.0,0.0,17.0,66
2016-03-14,46.0,Good,Ozone,84.0,54.0,0.0,14.0,62
2016-03-15,42.0,Good,Ozone,80.0,63.0,0.0,15.0,49
2016-03-16,48.0,Good,Ozone,75.0,52.0,0.0,9.0,51
2016-03-17,35.0,Good,Ozone,66.0,55.0,0.07,11.0,67
2016-03-18,53.0,Moderate,PM2.5,69.0,54.0,0.12,15.0,84
2016-03-19,39.0,Good,Ozone,58.0,43.0,0.0,18.0,50
2016-03-20,37.0,Good,Ozone,54.0,40.0,0.0,14.0,46
2016-03-21,43.0,Good,Ozone,63.0,37.0,0.0,16.0,57
2016-03-22,46.0,Good,Ozone,73.0,49.0,0.0,23.0,59
2016-03-23,40.0,Good,Ozone,79.0,61.0,0.0,23.0,72
2016-03-24,38.0,Good,Ozone,66.0,47.0,0.33,19.0,49
2016-03-25,74.0,Moderate,NO2,67.0,41.0,0.0,9.0,61
2016-03-26,54.0,Moderate,Ozone,73.0,49.0,0.0,12.0,66
2016-03-27,38.0,Good,PM2.5,63.0,52.0,0.0,15.0,69
2016-03-28,40.0,Good,Ozone,68.0,42.0,0.0,8.0,62
2016-03-29,49.0,Good,PM2.5,70.0,54.0,0.0,14.0,73
2016-03-30,36.0,Good,PM2.5,75.0,65.0,0.59,19.0,91
2016-03-31,42.0,Good,PM2.5,73.0,59.0,0.0,15.0,61
2016-04-01,35.0,Good,Ozone,63.0,52.0,0.08,16.0,47
2016-04-02,44.0,Good,Ozone,67.0,46.0,0.0,9.0,49
2016-04-03,46.0,Good,Ozone,74.0,45.0,0.0,11.0,52
2016-04-04,58.0,Moderate,Ozone,81.0,54.0,0.0,12.0,50
2016-04-05,54.0,Moderate,Ozone,83.0,54.0,0.0,15.0,53
2016-04-06,42.0,Good,Ozone,76.0,58.0,0.0,18.0,40
2016-04-07,51.0,Moderate,Ozone,85.0,55.0,0.0,10.0,35
2016-04-08,45.0,Good,Ozone,74.0,58.0,0.0,12.0,29
2016-04-09,55.0,Moderate,PM2.5,72.0,54.0,0.09,14.0,52
2016-04-10,48.0,Good,PM2.5,75.0,61.0,0.0,20.0,69
2016-04-11,48.0,Good,PM2.5,85.0,64.0,0.23,18.0,77
2016-04-12,33.0,Good,Ozone,68.0,60.0,0.04,11.0,72
2016-04-13,36.0,Good,PM2.5,65.0,53.0,0.23,12.0,79
2016-04-14,43.0,Good,Ozone,72.0,54.0,0.04,8.0,75
2016-04-15,52.0,Moderate,PM2.5,74.0,54.0,0.0,10.0,74
2016-04-16,52.0,Moderate,PM2.5,77.0,63.0,0.06,19.0,75
2016-04-17,39.0,Good,Ozone,70.0,65.0,0.96,20.0,87
2016-04-18,43.0,Good,Ozone,73.0,65.0,3.28,10.0,88
2016-04-19,44.0,Good,Ozone,75.0,62.0,0.0,6.0,81
2016-04-20,39.0,Good,Ozone,72.0,61.0,0.33,9.0,83
2016-04-21,44.0,Good,Ozone,76.0,57.0,0.11,8.0,76
2016-04-22,50.0,Good,Ozone,78.0,55.0,0.0,8.0,63
2016-04-23,61.0,Moderate,Ozone,79.0,55.0,0.0,8.0,65
2016-04-24,50.0,Good,Ozone,76.0,61.0,0.0,16.0,70
2016-04-25,43.0,Good,PM2.5,83.0,66.0,0.0,16.0,79
2016-04-26,54.0,Moderate,PM2.5,83.0,71.0,0.13,18.0,75
2016-04-27,48.0,Good,Ozone,81.0,63.0,0.66,13.0,64
2016-04-28,64.0,Moderate,Ozone,83.0,59.0,0.0,11.0,60
2016-04-29,66.0,Moderate,PM2.5,76.0,67.0,2.46,13.0,93
2016-04-30,42.0,Good,PM2.5,75.0,63.0,0.0,10.0,82
2016-05-01,38.0,Good,Ozone,73.0,60.0,0.0,13.0,66
2016-05-02,32.0,Good,Ozone,65.0,55.0,0.05,14.0,68
2016-05-03,46.0,Good,Ozone,71.0,49.0,0.02,7.0,66
2016-05-04,50.0,Good,Ozone,79.0,54.0,0.0,11.0,63
2016-05-05,61.0,Moderate,Ozone,79.0,55.0,0.0,7.0,58
2016-05-06,67.0,Moderate,Ozone,81.0,56.0,0.0,6.0,61
2016-05-07,64.0,Moderate,Ozone,82.0,60.0,0.0,14.0,66
2016-05-08,49.0,Good,PM2.5,74.0,65.0,0.09,21.0,75
2016-05-09,46.0,Good,PM2.5,86.0,66.0,0.31,17.0,73
2016-05-10,69.0,Moderate,PM2.5,90.0,69.0,0.0,20.0,76
2016-05-11,55.0,Moderate,PM2.5,87.0,69.0,0.0,19.0,69
2016-05-12,48.0,Good,Ozone,80.0,68.0,0.06,13.0,76
2016-05-13,58.0,Moderate,Ozone,83.0,62.0,0.0,9.0,58
2016-05-14,42.0,Good,Ozone,72.0,64.0,0.17,15.0,67
2016-05-15,41.0,Good,Ozone,74.0,59.0,0.0,9.0,60
2016-05-16,52.0,Moderate,PM2.5,76.0,63.0,0.1,13.0,76
2016-05-17,54.0,Moderate,Ozone,79.0,65.0,0.04,14.0,78
2016-05-18,24.0,Good,Ozone,69.0,58.0,0.07,12.0,76
2016-05-19,38.0,Good,PM2.5,67.0,60.0,0.31,10.0,86
2016-05-20,93.0,Moderate,Ozone,78.0,58.0,0.0,7.0,78
2016-05-21,53.0,Moderate,PM2.5,83.0,60.0,0.0,7.0,77
2016-05-22,56.0,Moderate,PM2.5,82.0,69.0,0.11,11.0,77
2016-05-23,51.0,Moderate,PM2.5,81.0,70.0,0.0,15.0,78
2016-05-24,54.0,Moderate,PM2.5,84.0,71.0,0.02,16.0,79
2016-05-25,65.0,Moderate,PM2.5,86.0,75.0,0.12,17.0,80
2016-05-26,40.0,Good,PM2.5,83.0,74.0,0.16,20.0,82
2016-05-27,40.0,Good,Ozone,81.0,71.0,0.08,19.0,81
2016-05-28,47.0,Good,PM2.5,86.0,68.0,0.0,9.0,78
2016-05-29,51.0,Moderate,PM2.5,87.0,71.0,0.21,8.0,79
2016-05-30,77.0,Moderate,Ozone,82.0,70.0,0.4,8.0,78
2016-05-31,39.0,Good,PM2.5,85.0,71.0,0.59,16.0,85
2016-06-01,39.0,Good,Ozone,79.0,68.0,0.49,7.0,85
2016-06-02,29.0,Good,PM2.5,75.0,68.0,1.5,8.0,91
2016-06-03,40.0,Good,Ozone,81.0,67.0,0.3,8.0,87
2016-06-04,38.0,Good,Ozone,82.0,67.0,0.08,10.0,81
2016-06-05,51.0,Moderate,Ozone,85.0,68.0,0.0,12.0,64
2016-06-06,77.0,Moderate,Ozone,85.0,65.0,0.0,6.0,64
2016-06-07,140.0,Unhealthy for Sensitive Groups,Ozone,88.0,65.0,0.0,6.0,68
2016-06-08,77.0,Moderate,Ozone,89.0,67.0,0.0,7.0,66
2016-06-09,74.0,Moderate,Ozone,88.0,69.0,0.0,9.0,69
2016-06-10,74.0,Moderate,Ozone,89.0,72.0,0.0,10.0,70
2016-06-11,52.0,Moderate,PM2.5,89.0,74.0,0.05,9.0,76
2016-06-12,42.0,Good,PM2.5,87.0,76.0,0.35,11.0,82
2016-06-13,29.0,Good,Ozone,88.0,74.0,0.32,10.0,87
2016-06-14,54.0,Moderate,PM2.5,88.0,76.0,0.02,13.0,80
2016-06-15,69.0,Moderate,PM2.5,91.0,77.0,0.0,11.0,76
2016-06-16,64.0,Moderate,PM2.5,93.0,76.0,0.0,12.0,70
2016-06-17,58.0,Moderate,PM2.5,94.0,76.0,0.0,12.0,70
2016-06-18,56.0,Moderate,PM2.5,93.0,77.0,0.01,8.0,71
2016-06-19,52.0,Moderate,PM2.5,92.0,78.0,0.0,9.0,63
2016-06-20,101.0,Unhealthy for Sensitive Groups,Ozone,92.0,75.0,0.02,7.0,65
2016-06-21,60.0,Moderate,PM2.5,94.0,77.0,0.0,8.0,60
2016-06-22,53.0,Moderate,PM2.5,94.0,78.0,0.0,12.0,63
2016-06-23,44.0,Good,Ozone,94.0,78.0,0.0,13.0,61
2016-06-24,39.0,Good,Ozone,93.0,77.0,0.0,12.0,59
2016-06-25,39.0,Good,PM2.5,92.0,77.0,0.01,13.0,67
2016-06-26,54.0,Moderate,PM2.5,94.0,78.0,0.0,10.0,63
2016-06-27,74.0,Moderate,Ozone,95.0,78.0,0.13,8.0,67
2016-06-28,51.0,Moderate,PM2.5,94.0,78.0,0.2,12.0,70
2016-06-29,58.0,Moderate,Ozone,94.0,75.0,0.0,7.0,57
2016-06-30,100.0,Moderate,Ozone,95.0,74.0,0.0,6.0,54
2016-07-01,84.0,Moderate,Ozone,94.0,76.0,0.0,8.0,54
2016-07-02,63.0,Moderate,PM2.5,95.0,78.0,0.0,14.0,58
2016-07-03,61.0,Moderate,PM2.5,97.0,80.0,0.0,17.0,61
2016-07-04,52.0,Moderate,PM2.5,94.0,80.0,0.14,16.0,64
2016-07-05,56.0,Moderate,PM2.5,96.0,80.0,0.0,16.0,61
2016-07-06,53.0,Moderate,PM2.5,96.0,79.0,0.0,18.0,60
2016-07-07,53.0,Moderate,PM2.5,97.0,79.0,0.0,18.0,58
2016-07-08,59.0,Moderate,PM2.5,97.0,78.0,0.0,17.0,58
2016-07-09,54.0,Moderate,PM2.5,95.0,79.0,0.01,13.0,59
2016-07-10,64.0,Moderate,PM2.5,92.0,79.0,0.01,12.0,66
2016-07-11,86.0,Moderate,PM2.5,96.0,79.0,0.0,18.0,59
2016-07-12,63.0,Moderate,PM2.5,96.0,78.0,0.0,19.0,55
2016-07-13,53.0,Moderate,PM2.5,98.0,79.0,0.0,17.0,58
2016-07-14,47.0,Good,PM2.5,98.0,80.0,0.0,16.0,55
2016-07-15,63.0,Moderate,PM2.5,91.0,79.0,0.03,10.0,64
2016-07-16,75.0,Moderate,PM2.5,97.0,79.0,0.0,10.0,54
2016-07-17,55.0,Moderate,PM2.5,96.0,80.0,0.0,11.0,48
2016-07-18,38.0,Good,PM2.5,94.0,79.0,0.0,10.0,59
2016-07-19,54.0,Moderate,PM2.5,95.0,80.0,0.0,10.0,60
2016-07-20,43.0,Good,PM2.5,96.0,81.0,0.0,9.0,55
2016-07-21,49.0,Good,PM2.5,98.0,82.0,0.0,8.0,52
2016-07-22,67.0,Moderate,Ozone,99.0,82.0,0.0,7.0,46
2016-07-23,54.0,Moderate,PM2.5,99.0,83.0,0.0,7.0,49
2016-07-24,48.0,Good,PM2.5,98.0,83.0,0.0,7.0,53
2016-07-25,48.0,Good,Ozone,98.0,83.0,0.07,12.0,59
2016-07-26,74.0,Moderate,Ozone,95.0,78.0,0.25,6.0,71
2016-07-27,71.0,Moderate,Ozone,94.0,79.0,0.04,7.0,70
2016-07-28,54.0,Moderate,PM2.5,94.0,80.0,0.13,10.0,68
2016-07-29,54.0,Moderate,Ozone,92.0,79.0,0.02,9.0,66
2016-07-30,41.0,Good,PM2.5,93.0,76.0,0.31,9.0,66
2016-07-31,43.0,Good,PM2.5,96.0,80.0,0.0,11.0,55
2016-08-01,68.0,Moderate,PM2.5,99.0,80.0,0.0,11.0,53
2016-08-02,64.0,Moderate,PM2.5,99.0,80.0,0.0,10.0,45
2016-08-03,53.0,Moderate,PM2.5,100.0,81.0,0.0,9.0,51
2016-08-04,49.0,Good,Ozone,100.0,82.0,0.0,9.0,48
2016-08-05,84.0,Moderate,Ozone,98.0,82.0,0.0,10.0,50
2016-08-06,51.0,Moderate,Ozone,98.0,83.0,0.0,8.0,49
2016-08-07,60.0,Moderate,PM2.5,99.0,84.0,0.0,8.0,47
2016-08-08,55.0,Moderate,PM2.5,100.0,83.0,0.0,12.0,47
2016-08-09,61.0,Moderate,Ozone,99.0,84.0,0.0,11.0,47
2016-08-10,53.0,Moderate,PM2.5,100.0,84.0,0.0,10.0,50
2016-08-11,49.0,Good,PM2.5,102.0,85.0,0.0,9.0,46
2016-08-12,61.0,Moderate,Ozone,100.0,85.0,0.06,9.0,52
2016-08-13,45.0,Good,Ozone,89.0,78.0,0.59,10.0,74
2016-08-14,34.0,Good,Ozone,86.0,77.0,0.05,9.0,69
2016-08-15,28.0,Good,Ozone,79.0,75.0,0.5,5.0,85
2016-08-16,44.0,Good,PM2.5,79.0,71.0,0.38,7.0,89
2016-08-17,24.0,Good,PM2.5,79.0,73.0,0.63,9.0,92
2016-08-18,24.0,Good,PM2.5,80.0,73.0,0.54,9.0,90
2016-08-19,31.0,Good,PM2.5,85.0,75.0,0.32,8.0,87
2016-08-20,34.0,Good,Ozone,78.0,75.0,0.9,10.0,88
2016-08-21,40.0,Good,Ozone,85.0,72.0,0.0,8.0,76
2016-08-22,44.0,Good,PM2.5,86.0,72.0,0.61,11.0,88
2016-08-23,56.0,Moderate,PM2.5,90.0,75.0,0.0,14.0,76
2016-08-24,56.0,Moderate,PM2.5,90.0,74.0,0.0,12.0,72
2016-08-25,51.0,Moderate,PM2.5,90.0,75.0,0.0,10.0,76
2016-08-26,41.0,Good,Ozone,86.0,77.0,0.13,10.0,83
2016-08-27,52.0,Moderate,PM2.5,87.0,73.0,0.06,6.0,82
2016-08-28,46.0,Good,PM2.5,87.0,74.0,0.17,9.0,77
2016-08-29,52.0,Moderate,PM2.5,88.0,74.0,0.29,10.0,82
2016-08-30,50.0,Good,PM2.5,88.0,74.0,0.28,8.0,82
2016-08-31,67.0,Moderate,Ozone,90.0,76.0,0.0,6.0,76
2016-09-01,52.0,Moderate,PM2.5,88.0,76.0,0.06,11.0,80
2016-09-02,48.0,Good,Ozone,85.0,73.0,0.03,8.0,78
2016-09-03,54.0,Moderate,Ozone,85.0,71.0,0.0,8.0,68
2016-09-04,62.0,Moderate,PM2.5,88.0,71.0,0.0,8.0,69
2016-09-05,47.0,Good,PM2.5,90.0,75.0,0.02,11.0,77
2016-09-06,54.0,Moderate,PM2.5,90.0,75.0,0.0,11.0,76
2016-09-07,62.0,Moderate,PM2.5,92.0,77.0,0.0,12.0,72
2016-09-08,76.0,Moderate,PM2.5,93.0,78.0,0.0,11.0,67
2016-09-09,64.0,Moderate,PM2.5,93.0,77.0,0.02,13.0,69
2016-09-10,39.0,Good,Ozone,83.0,73.0,0.27,13.0,73
2016-09-11,108.0,Unhealthy for Sensitive Groups,Ozone,84.0,64.0,0.0,6.0,59
2016-09-12,56.0,Moderate,PM2.5,89.0,68.0,0.0,7.0,69
2016-09-13,54.0,Moderate,PM2.5,89.0,73.0,0.0,7.0,72
2016-09-14,54.0,Moderate,PM2.5,89.0,76.0,0.01,6.0,71
2016-09-15,58.0,Moderate,PM2.5,90.0,73.0,0.01,5.0,72
2016-09-16,71.0,Moderate,Ozone,92.0,75.0,0.0,7.0,69
2016-09-17,93.0,Moderate,Ozone,92.0,77.0,0.02,5.0,73
2016-09-18,58.0,Moderate,Ozone,93.0,77.0,0.01,10.0,67
2016-09-19,51.0,Moderate,Ozone,95.0,78.0,0.01,8.0,64
2016-09-20,97.0,Moderate,Ozone,96.0,78.0,0.0,10.0,62
2016-09-21,84.0,Moderate,Ozone,92.0,74.0,0.0,8.0,59
2016-09-22,80.0,Moderate,Ozone,92.0,72.0,0.0,6.0,56
2016-09-23,56.0,Moderate,PM2.5,92.0,77.0,0.0,12.0,62
2016-09-24,36.0,Good,PM2.5,88.0,78.0,0.12,11.0,76
2016-09-25,23.0,Good,PM2.5,80.0,73.0,1.08,8.0,89
2016-09-26,24.0,Good,Ozone,73.0,66.0,0.48,13.0,81
2016-09-27,39.0,Good,Ozone,76.0,62.0,0.0,6.0,57
2016-09-28,71.0,Moderate,Ozone,84.0,57.0,0.0,6.0,63
2016-09-29,33.0,Good,Ozone,76.0,62.0,0.0,13.0,55
2016-09-30,71.0,Moderate,Ozone,76.0,58.0,0.0,5.0,60
2016-10-01,90.0,Moderate,Ozone,80.0,63.0,0.0,7.0,59
2016-10-02,71.0,Moderate,Ozone,81.0,60.0,0.0,7.0,64
2016-10-03,67.0,Moderate,Ozone,84.0,62.0,0.0,9.0,64
2016-10-04,55.0,Moderate,PM2.5,87.0,68.0,0.0,15.0,64
2016-10-05,53.0,Moderate,PM2.5,90.0,73.0,0.0,16.0,70
2016-10-06,48.0,Good,PM2.5,88.0,74.0,0.0,11.0,74
2016-10-07,26.0,Good,Ozone,76.0,65.0,0.09,15.0,77
2016-10-08,42.0,Good,PM2.5,76.0,59.0,0.0,10.0,61
2016-10-09,60.0,Moderate,PM2.5,75.0,55.0,0.0,7.0,52
2016-10-10,56.0,Moderate,PM2.5,80.0,54.0,0.0,8.0,51
2016-10-11,67.0,Moderate,Ozone,85.0,58.0,0.0,13.0,55
2016-10-12,46.0,Good,Ozone,89.0,71.0,0.0,13.0,71
2016-10-13,46.0,Good,PM2.5,76.0,64.0,0.0,11.0,66
2016-10-14,51.0,Moderate,PM2.5,77.0,64.0,0.04,7.0,78
2016-10-15,48.0,Good,PM2.5,85.0,69.0,0.0,16.0,72
2016-10-16,31.0,Good,Ozone,89.0,72.0,0.0,17.0,66
2016-10-17,33.0,Good,Ozone,90.0,72.0,0.0,17.0,64
2016-10-18,32.0,Good,PM2.5,90.0,72.0,0.0,15.0,65
2016-10-19,34.0,Good,PM2.5,89.0,72.0,0.0,12.0,65
2016-10-20,37.0,Good,Ozone,76.0,65.0,0.17,18.0,63
2016-10-21,43.0,Good,PM2.5,71.0,56.0,0.0,8.0,53
2016-10-22,46.0,Good,PM2.5,76.0,53.0,0.0,9.0,54
2016-10-23,44.0,Good,Ozone,77.0,59.0,0.0,13.0,54
2016-10-24,46.0,Good,PM2.5,82.0,65.0,0.0,8.0,67
2016-10-25,53.0,Moderate,PM2.5,79.0,63.0,0.0,10.0,73
2016-10-26,49.0,Good,PM2.5,83.0,66.0,0.01,11.0,67
2016-10-27,52.0,Moderate,PM2.5,83.0,67.0,0.0,9.0,65
2016-10-28,53.0,Moderate,PM2.5,84.0,64.0,0.0,10.0,57
2016-10-29,47.0,Good,PM2.5,85.0,66.0,0.0,12.0,54
2016-10-30,44.0,Good,PM2.5,86.0,66.0,0.0,10.0,61
2016-10-31,45.0,Good,Ozone,85.0,65.0,0.0,13.0,51
2016-11-01,37.0,Good,PM2.5,85.0,72.0,0.01,14.0,73
2016-11-02,49.0,Good,PM2.5,81.0,70.0,0.34,14.0,85
2016-11-03,33.0,Good,PM2.5,74.0,68.0,0.07,8.0,91
2016-11-04,60.0,Moderate,PM2.5,74.0,66.0,0.09,7.0,86
2016-11-05,57.0,Moderate,PM2.5,69.0,61.0,0.43,8.0,73
2016-11-06,55.0,Moderate,PM2.5,68.0,61.0,0.25,10.0,73
2016-11-07,56.0,Moderate,PM2.5,69.0,62.0,0.6,10.0,94
2016-11-08,60.0,Moderate,PM2.5,67.0,62.0,0.25,8.0,89
2016-11-09,53.0,Moderate,PM2.5,68.0,60.0,0.06,10.0,83
2016-11-10,57.0,Moderate,PM2.5,69.0,53.0,0.0,5.0,78
2016-11-11,58.0,Moderate,PM2.5,73.0,53.0,0.0,6.0,78
2016-11-12,54.0,Moderate,PM2.5,67.0,55.0,0.0,9.0,73
2016-11-13,55.0,Moderate,PM2.5,69.0,54.0,0.0,7.0,69
2016-11-14,55.0,Moderate,PM2.5,76.0,58.0,0.0,9.0,74
2016-11-15,54.0,Moderate,NO2,80.0,52.0,0.0,6.0,70
2016-11-16,52.0,Moderate,PM2.5,82.0,55.0,0.0,13.0,64
2016-11-17,38.0,Good,Ozone,76.0,60.0,0.0,19.0,64
2016-11-18,30.0,Good,Ozone,71.0,51.0,0.43,19.0,57
2016-11-19,39.0,Good,PM2.5,56.0,44.0,0.0,13.0,48
2016-11-20,54.0,Moderate,PM2.5,60.0,38.0,0.0,11.0,58
2016-11-21,38.0,Good,Ozone,69.0,46.0,0.0,14.0,60
2016-11-22,28.0,Good,Ozone,69.0,61.0,0.22,16.0,85
2016-11-23,31.0,Good,PM2.5,65.0,52.0,0.0,17.0,64
2016-11-24,55.0,Moderate,PM2.5,68.0,45.0,0.0,8.0,75
2016-11-25,52.0,Moderate,PM2.5,61.0,51.0,0.0,9.0,72
2016-11-26,62.0,Moderate,PM2.5,64.0,47.0,0.0,8.0,76
2016-11-27,62.0,Moderate,PM2.5,67.0,53.0,0.02,21.0,83
2016-11-28,33.0,Good,NO2,71.0,58.0,0.2,22.0,60
2016-11-29,31.0,Good,Ozone,71.0,55.0,0.0,11.0,42
2016-11-30,36.0,Good,NO2,59.0,46.0,0.0,12.0,43
2016-12-01,43.0,Good,PM2.5,63.0,40.0,0.0,11.0,57
2016-12-02,53.0,Moderate,PM2.5,64.0,46.0,0.01,12.0,58
2016-12-03,31.0,Good,PM2.5,54.0,48.0,0.78,13.0,86
2016-12-04,24.0,Good,PM2.5,53.0,48.0,0.0,10.0,82
2016-12-05,50.0,Good,PM2.5,52.0,46.0,0.24,9.0,85
2016-12-06,43.0,Good,PM2.5,53.0,44.0,0.0,14.0,82
2016-12-07,49.0,Good,PM2.5,53.0,42.0,0.0,15.0,69
2016-12-08,28.0,Good,PM2.5,46.0,33.0,0.0,18.0,50
2016-12-09,39.0,Good,PM2.5,42.0,28.0,0.0,8.0,52
2016-12-10,47.0,Good,PM2.5,48.0,32.0,0.0,14.0,63
2016-12-11,32.0,Good,PM2.5,70.0,47.0,0.07,21.0,82
2016-12-12,55.0,Moderate,PM2.5,55.0,42.0,0.0,11.0,77
2016-12-13,60.0,Moderate,PM2.5,58.0,44.0,0.0,13.0,81
2016-12-14,69.0,Moderate,PM2.5,50.0,44.0,0.0,10.0,71
2016-12-15,66.0,Moderate,PM2.5,46.0,41.0,0.0,12.0,71
2016-12-16,50.0,Good,PM2.5,63.0,46.0,0.0,19.0,80
2016-12-17,39.0,Good,PM2.5,73.0,33.0,0.0,24.0,74
2016-12-18,31.0,Good,Ozone,30.0,22.0,0.0,21.0,42
2016-12-19,56.0,Moderate,PM2.5,36.0,20.0,0.0,11.0,45
2016-12-20,57.0,Moderate,PM2.5,52.0,28.0,0.0,9.0,53
2016-12-21,48.0,Good,PM2.5,65.0,40.0,0.0,14.0,59
2016-12-22,47.0,Good,PM2.5,57.0,43.0,0.0,13.0,57
2016-12-23,77.0,Moderate,PM2.5,59.0,42.0,0.13,5.0,82
2016-12-24,64.0,Moderate,PM2.5,71.0,59.0,0.56,12.0,95
2016-12-25,36.0,Good,PM2.5,76.0,66.0,0.06,23.0,87
2016-12-26,40.0,Good,PM2.5,70.0,59.0,0.1,15.0,72
2016-12-27,35.0,Good,NO2,65.0,49.0,0.0,10.0,54
2016-12-28,54.0,Moderate,PM2.5,78.0,55.0,0.0,16.0,72
2016-12-29,35.0,Good,Ozone,57.0,48.0,0.0,16.0,34
2016-12-30,32.0,Good,NO2,56.0,38.0,0.0,13.0,43
2016-12-31,37.0,Good,NO2,69.0,49.0,0.0,15.0,59
2017-01-01,71.0,Moderate,PM2.5,62.0,44.0,0.12,11.0,77
2017-01-02,30.0,Good,Ozone,70.0,56.0,0.14,15.0,74
2017-01-03,27.0,Good,PM2.5,57.0,39.0,0.0,19.0,60
2017-01-04,39.0,Good,PM2.5,41.0,31.0,0.0,14.0,50
2017-01-05,53.0,Moderate,PM2.5,40.0,28.0,0.0,15.0,66
2017-01-06,39.0,Good,PM2.5,26.0,21.0,0.0,16.0,52
2017-01-07,66.0,Moderate,PM2.5,36.0,15.0,0.0,8.0,44
2017-01-08,60.0,Moderate,PM2.5,45.0,24.0,0.0,18.0,36
2017-01-09,34.0,Good,Ozone,63.0,34.0,0.0,22.0,75
2017-01-10,42.0,Good,NO2,75.0,56.0,0.0,24.0,68
2017-01-11,45.0,Good,PM2.5,76.0,60.0,0.0,25.0,76
2017-01-12,54.0,Moderate,PM2.5,75.0,50.0,0.03,19.0,78
2017-01-13,63.0,Moderate,PM2.5,54.0,42.0,0.1,10.0,84
2017-01-14,52.0,Moderate,PM2.5,48.0,39.0,0.02,9.0,90
2017-01-15,52.0,Moderate,PM2.5,64.0,45.0,0.45,19.0,95
2017-01-16,25.0,Good,NO2,63.0,46.0,1.02,18.0,79
2017-01-17,18.0,Good,NO2,53.0,46.0,0.26,9.0,71
2017-01-18,29.0,Good,PM2.5,52.0,47.0,0.35,9.0,88
2017-01-19,33.0,Good,PM2.5,67.0,45.0,0.0,16.0,84
2017-01-20,35.0,Good,NO2,72.0,52.0,0.0,15.0,54
2017-01-21,52.0,Moderate,PM2.5,67.0,50.0,0.01,15.0,80
2017-01-22,35.0,Good,Ozone,61.0,50.0,0.0,27.0,49
2017-01-23,31.0,Good,Ozone,63.0,39.0,0.0,13.0,56
2017-01-24,39.0,Good,Ozone,73.0,52.0,0.0,15.0,59
2017-01-25,27.0,Good,Ozone,64.0,44.0,0.0,15.0,49
2017-01-26,39.0,Good,NO2,50.0,33.0,0.0,10.0,52
2017-01-27,47.0,Good,PM2.5,53.0,30.0,0.0,12.0,52
2017-01-28,36.0,Good,Ozone,55.0,35.0,0.0,13.0,46
2017-01-29,39.0,Good,Ozone,63.0,42.0,0.0,14.0,42
2017-01-30,48.0,Good,NO2,71.0,45.0,0.0,11.0,39
2017-01-31,44.0,Good,Ozone,74.0,50.0,0.0,17.0,35
2017-02-01,52.0,Moderate,PM2.5,76.0,54.0,0.0,16.0,53
2017-02-02,47.0,Good,PM2.5,55.0,43.0,0.0,16.0,52
2017-02-03,57.0,Moderate,PM2.5,52.0,40.0,0.0,11.0,54
2017-02-04,54.0,Moderate,PM2.5,51.0,44.0,0.02,12.0,56
2017-02-05,63.0,Moderate,PM2.5,69.0,49.0,0.04,14.0,85
2017-02-06,48.0,Good,PM2.5,78.0,63.0,0.09,23.0,82
2017-02-07,44.0,Good,PM2.5,79.0,60.0,0.0,21.0,46
2017-02-08,38.0,Good,PM2.5,67.0,50.0,0.0,20.0,39
2017-02-09,50.0,Good,PM2.5,57.0,35.0,0.0,11.0,47
2017-02-10,62.0,Moderate,PM2.5,71.0,48.0,0.0,22.0,67
2017-02-11,62.0,Moderate,PM2.5,85.0,62.0,0.0,18.0,72
2017-02-12,55.0,Moderate,PM2.5,72.0,62.0,0.0,20.0,63
2017-02-13,33.0,Good,Ozone,65.0,55.0,0.04,13.0,47
2017-02-14,27.0,Good,Ozone,54.0,42.0,1.13,17.0,81
2017-02-15,37.0,Good,NO2,57.0,40.0,0.0,16.0,59
2017-02-16,41.0,Good,Ozone,64.0,35.0,0.0,11.0,60
2017-02-17,43.0,Good,Ozone,69.0,49.0,0.0,15.0,58
2017-02-18,43.0,Good,Ozone,77.0,56.0,0.02,13.0,74
2017-02-19,64.0,Moderate,PM2.5,76.0,59.0,0.2,19.0,86
2017-02-20,31.0,Good,Ozone,68.0,56.0,1.85,16.0,84
2017-02-21,35.0,Good,NO2,71.0,51.0,0.0,15.0,72
2017-02-22,48.0,Good,Ozone,77.0,43.0,0.0,12.0,65
2017-02-23,67.0,Moderate,Ozone,81.0,55.0,0.0,21.0,58
2017-02-24,31.0,Good,Ozone,70.0,50.0,0.0,21.0,53
2017-02-25,36.0,Good,NO2,52.0,35.0,0.0,15.0,44
2017-02-26,59.0,Moderate,PM2.5,64.0,41.0,0.09,17.0,67
2017-02-27,61.0,Moderate,PM2.5,76.0,56.0,0.07,15.0,86
2017-02-28,76.0,Moderate,PM2.5,79.0,65.0,0.11,17.0,84
2017-03-01,42.0,Good,Ozone,71.0,50.0,0.01,18.0,47
2017-03-02,45.0,Good,NO2,62.0,39.0,0.0,9.0,41
2017-03-03,52.0,Moderate,PM2.5,67.0,41.0,0.0,12.0,45
2017-03-04,52.0,Moderate,PM2.5,59.0,48.0,0.06,14.0,62
2017-03-05,60.0,Moderate,PM2.5,63.0,52.0,0.25,16.0,94
2017-03-06,43.0,Good,PM2.5,79.0,63.0,0.21,26.0,80
2017-03-07,46.0,Good,PM2.5,71.0,52.0,0.23,20.0,50
2017-03-08,52.0,Moderate,PM2.5,72.0,43.0,0.01,13.0,52
2017-03-09,47.0,Good,PM2.5,76.0,60.0,0.04,17.0,82
2017-03-10,52.0,Moderate,PM2.5,71.0,60.0,0.04,16.0,86
2017-03-11,52.0,Moderate,PM2.5,74.0,48.0,0.16,16.0,81
2017-03-12,35.0,Good,Ozone,55.0,42.0,0.01,16.0,72
2017-03-13,32.0,Good,Ozone,63.0,48.0,0.2,17.0,60
2017-03-14,47.0,Good,PM2.5,62.0,37.0,0.0,9.0,52
2017-03-15,59.0,Moderate,PM2.5,62.0,43.0,0.0,13.0,59
2017-03-16,60.0,Moderate,PM2.5,71.0,52.0,0.03,17.0,80
2017-03-17,47.0,Good,PM2.5,78.0,63.0,0.02,19.0,74
2017-03-18,51.0,Moderate,PM2.5,80.0,64.0,0.0,11.0,72
2017-03-19,54.0,Moderate,PM2.5,83.0,65.0,0.0,15.0,73
2017-03-20,48.0,Good,PM2.5,89.0,65.0,0.0,18.0,59
2017-03-21,44.0,Good,Ozone,86.0,64.0,0.0,17.0,53
2017-03-22,53.0,Moderate,PM2.5,82.0,64.0,0.0,15.0,67
2017-03-23,46.0,Good,PM2.5,85.0,64.0,0.0,25.0,55
2017-03-24,40.0,Good,Ozone,81.0,65.0,0.66,24.0,58
2017-03-25,42.0,Good,Ozone,71.0,54.0,0.0,16.0,48
2017-03-26,59.0,Moderate,PM2.5,82.0,54.0,0.2,21.0,65
2017-03-27,58.0,Moderate,PM2.5,74.0,59.0,0.0,19.0,70
2017-03-28,66.0,Moderate,PM2.5,81.0,61.0,0.04,22.0,71
2017-03-29,48.0,Good,Ozone,79.0,59.0,0.26,25.0,64
2017-03-30,39.0,Good,Ozone,74.0,51.0,0.0,15.0,56
2017-03-31,54.0,Moderate,Ozone,83.0,53.0,0.0,15.0,57
2017-04-01,45.0,Good,Ozone,77.0,58.0,0.12,16.0,62
2017-04-02,35.0,Good,Ozone,67.0,59.0,0.71,17.0,84
2017-04-03,64.0,Moderate,Ozone,78.0,51.0,0.0,11.0,66
2017-04-04,64.0,Moderate,Ozone,84.0,60.0,0.04,23.0,54
2017-04-05,41.0,Good,Ozone,69.0,48.0,0.0,25.0,50
2017-04-06,50.0,Good,Ozone,72.0,46.0,0.0,6.0,53
2017-04-07,93.0,Moderate,Ozone,79.0,50.0,0.0,12.0,45
2017-04-08,54.0,Moderate,Ozone,84.0,61.0,0.0,22.0,56
2017-04-09,43.0,Good,Ozone,85.0,64.0,0.0,24.0,62
2017-04-10,43.0,Good,PM2.5,74.0,65.0,1.46,18.0,83
2017-04-11,60.0,Moderate,PM2.5,76.0,59.0,0.86,11.0,81
2017-04-12,48.0,Good,PM2.5,76.0,62.0,0.06,13.0,80
2017-04-13,54.0,Moderate,PM2.5,78.0,61.0,0.05,14.0,78
2017-04-14,44.0,Good,Ozone,81.0,64.0,0.0,15.0,64
2017-04-15,42.0,Good,PM2.5,79.0,64.0,0.0,16.0,70
2017-04-16,52.0,Moderate,PM2.5,81.0,65.0,0.27,16.0,75
2017-04-17,42.0,Good,PM2.5,74.0,63.0,0.09,12.0,87
2017-04-18,42.0,Good,Ozone,80.0,62.0,0.0,11.0,77
2017-04-19,44.0,Good,PM2.5,81.0,64.0,0.03,16.0,77
2017-04-20,47.0,Good,PM2.5,82.0,67.0,0.06,15.0,77
2017-04-21,47.0,Good,PM2.5,83.0,67.0,0.23,20.0,73
2017-04-22,35.0,Good,Ozone,66.0,54.0,0.48,18.0,67
2017-04-23,50.0,Good,Ozone,72.0,49.0,0.0,12.0,54
2017-04-24,61.0,Moderate,Ozone,77.0,49.0,0.0,16.0,56
2017-04-25,43.0,Good,Ozone,87.0,61.0,0.0,24.0,64
2017-04-26,44.0,Good,PM2.5,73.0,56.0,0.25,23.0,74
2017-04-27,39.0,Good,Ozone,77.0,49.0,0.0,19.0,61
2017-04-28,71.0,Moderate,PM2.5,87.0,65.0,0.01,17.0,66
2017-04-29,75.0,Moderate,PM2.5,83.0,56.0,1.15,30.0,80
2017-04-30,51.0,Moderate,Ozone,67.0,49.0,0.02,31.0,48
2017-05-01,97.0,Moderate,Ozone,80.0,46.0,0.0,11.0,48
2017-05-02,71.0,Moderate,Ozone,86.0,60.0,0.0,16.0,53
2017-05-03,44.0,Good,PM2.5,78.0,60.0,0.62,24.0,67
2017-05-04,44.0,Good,Ozone,71.0,54.0,0.0,21.0,53
2017-05-05,58.0,Moderate,Ozone,76.0,52.0,0.0,13.0,50
2017-05-06,133.0,Unhealthy for Sensitive Groups,Ozone,82.0,52.0,0.0,8.0,56
2017-05-07,87.0,Moderate,Ozone,84.0,59.0,0.0,13.0,55
2017-05-08,61.0,Moderate,Ozone,83.0,62.0,0.0,15.0,59
2017-05-09,57.0,Moderate,PM2.5,80.0,66.0,0.03,12.0,69
2017-05-10,67.0,Moderate,PM2.5,84.0,69.0,0.05,21.0,73
2017-05-11,58.0,Moderate,PM2.5,85.0,70.0,0.15,15.0,63
2017-05-12,43.0,Good,Ozone,80.0,63.0,0.0,21.0,59
2017-05-13,93.0,Moderate,Ozone,80.0,58.0,0.0,9.0,62
2017-05-14,74.0,Moderate,Ozone,89.0,61.0,0.0,11.0,60
2017-05-15,77.0,Moderate,Ozone,89.0,68.0,0.0,16.0,55
2017-05-16,55.0,Moderate,PM2.5,88.0,70.0,0.01,23.0,60
2017-05-17,53.0,Moderate,PM2.5,90.0,69.0,0.06,25.0,59
2017-05-18,66.0,Moderate,PM2.5,93.0,71.0,1.19,21.0,73
2017-05-19,55.0,Moderate,PM2.5,88.0,72.0,0.42,19.0,73
2017-05-20,36.0,Good,Ozone,78.0,67.0,1.11,14.0,80
2017-05-21,41.0,Good,Ozone,77.0,63.0,0.04,12.0,61
2017-05-22,46.0,Good,Ozone,77.0,63.0,0.11,12.0,72
2017-05-23,35.0,Good,Ozone,74.0,59.0,0.54,14.0,83
2017-05-24,44.0,Good,Ozone,77.0,54.0,0.0,13.0,60
2017-05-25,77.0,Moderate,Ozone,87.0,60.0,0.0,23.0,57
2017-05-26,52.0,Moderate,PM2.5,94.0,72.0,0.0,18.0,69
2017-05-27,79.0,Moderate,PM2.5,90.0,76.0,0.04,19.0,75
2017-05-28,47.0,Good,PM2.5,83.0,69.0,0.84,19.0,82
2017-05-29,47.0,Good,Ozone,83.0,65.0,0.0,7.0,64
2017-05-30,71.0,Moderate,Ozone,86.0,64.0,0.0,9.0,71
2017-05-31,71.0,Moderate,PM2.5,85.0,67.0,0.02,11.0,71
2017-06-01,51.0,Moderate,PM2.5,82.0,71.0,0.29,10.0,80
2017-06-02,47.0,Good,PM2.5,77.0,70.0,1.31,11.0,90
2017-06-03,45.0,Good,Ozone,81.0,69.0,0.55,8.0,86
2017-06-04,48.0,Good,Ozone,80.0,69.0,0.4,9.0,86
2017-06-05,35.0,Good,Ozone,80.0,69.0,0.35,10.0,87
2017-06-06,64.0,Moderate,Ozone,89.0,69.0,0.0,14.0,71
2017-06-07,90.0,Moderate,Ozone,85.0,69.0,0.04,8.0,71
2017-06-08,105.0,Unhealthy for Sensitive Groups,Ozone,83.0,66.0,0.0,8.0,67
2017-06-09,57.0,Moderate,PM2.5,80.0,68.0,1.61,14.0,79
2017-06-10,67.0,Moderate,Ozone,84.0,70.0,0.02,16.0,77
2017-06-11,44.0,Good,Ozone,87.0,73.0,0.0,16.0,71
2017-06-12,53.0,Moderate,PM2.5,89.0,73.0,0.0,17.0,73
2017-06-13,49.0,Good,PM2.5,88.0,74.0,0.05,16.0,76
2017-06-14,57.0,Moderate,PM2.5,90.0,76.0,0.04,16.0,70
2017-06-15,54.0,Moderate,PM2.5,92.0,77.0,0.0,13.0,66
2017-06-16,53.0,Moderate,PM2.5,94.0,77.0,0.0,13.0,63
2017-06-17,46.0,Good,PM2.5,96.0,77.0,0.0,17.0,65
2017-06-18,46.0,Good,PM2.5,95.0,78.0,0.02,15.0,66
2017-06-19,41.0,Good,Ozone,87.0,73.0,2.3,14.0,84
2017-06-20,53.0,Moderate,PM2.5,89.0,72.0,0.0,10.0,76
2017-06-21,50.0,Good,PM2.5,89.0,70.0,0.0,13.0,65
2017-06-22,27.0,Good,Ozone,88.0,74.0,0.03,11.0,73
2017-06-23,84.0,Moderate,Ozone,96.0,76.0,0.0,10.0,71
2017-06-24,36.0,Good,Ozone,84.0,72.0,1.7,16.0,82
2017-06-25,42.0,Good,Ozone,85.0,72.0,0.0,11.0,66
2017-06-26,46.0,Good,PM2.5,82.0,71.0,0.17,8.0,80
2017-06-27,57.0,Moderate,PM2.5,87.0,71.0,0.02,14.0,78
2017-06-28,44.0,Good,PM2.5,89.0,72.0,0.0,11.0,71
2017-06-29,39.0,Good,Ozone,94.0,74.0,0.0,13.0,68
2017-06-30,55.0,Moderate,PM2.5,96.0,78.0,0.04,16.0,66
2017-07-01,31.0,Good,Ozone,84.0,72.0,0.09,15.0,80
2017-07-02,65.0,Moderate,PM2.5,95.0,73.0,0.01,14.0,72
2017-07-03,53.0,Moderate,PM2.5,95.0,78.0,0.28,14.0,65
2017-07-04,47.0,Good,PM2.5,94.0,75.0,0.19,14.0,70
2017-07-05,54.0,Moderate,PM2.5,91.0,76.0,0.49,11.0,79
2017-07-06,77.0,Moderate,Ozone,89.0,74.0,0.09,7.0,82
2017-07-07,47.0,Good,PM2.5,91.0,76.0,0.01,7.0,72
2017-07-08,51.0,Moderate,Ozone,90.0,76.0,0.02,8.0,73
2017-07-09,43.0,Good,Ozone,90.0,74.0,0.13,12.0,74
2017-07-10,47.0,Good,PM2.5,92.0,73.0,0.02,10.0,75
2017-07-11,57.0,Moderate,PM2.5,93.0,77.0,0.0,13.0,68
2017-07-12,52.0,Moderate,PM2.5,94.0,77.0,0.0,12.0,67
2017-07-13,49.0,Good,PM2.5,92.0,78.0,0.01,11.0,69
2017-07-14,52.0,Moderate,PM2.5,93.0,79.0,0.14,8.0,68
2017-07-15,49.0,Good,PM2.5,90.0,76.0,0.72,9.0,80
2017-07-16,52.0,Moderate,PM2.5,91.0,76.0,0.06,10.0,75
2017-07-17,52.0,Moderate,PM2.5,91.0,76.0,0.03,11.0,75
2017-07-18,56.0,Moderate,PM2.5,93.0,77.0,0.0,9.0,67
2017-07-19,57.0,Moderate,PM2.5,94.0,79.0,0.0,10.0,66
2017-07-20,49.0,Good,PM2.5,95.0,80.0,0.01,9.0,60
2017-07-21,57.0,Moderate,PM2.5,97.0,81.0,0.0,10.0,54
2017-07-22,53.0,Moderate,PM2.5,97.0,80.0,0.0,12.0,56
2017-07-23,48.0,Good,PM2.5,96.0,80.0,0.03,14.0,60
2017-07-24,53.0,Moderate,PM2.5,90.0,76.0,0.19,8.0,77
2017-07-25,84.0,Moderate,PM2.5,94.0,76.0,0.0,13.0,71
2017-07-26,63.0,Moderate,PM2.5,97.0,78.0,0.0,14.0,58
2017-07-27,47.0,Good,Ozone,98.0,80.0,0.0,15.0,54
2017-07-28,93.0,Moderate,Ozone,100.0,81.0,0.0,11.0,49
2017-07-29,74.0,Moderate,Ozone,95.0,80.0,0.0,11.0,58
2017-07-30,54.0,Moderate,PM2.5,91.0,78.0,0.0,11.0,59
2017-07-31,64.0,Moderate,Ozone,89.0,73.0,0.0,9.0,53
2017-08-01,77.0,Moderate,Ozone,90.0,76.0,0.44,9.0,61
2017-08-02,61.0,Moderate,PM2.5,82.0,72.0,2.17,9.0,86
2017-08-03,97.0,Moderate,Ozone,87.0,71.0,0.02,7.0,82
2017-08-04,126.0,Unhealthy for Sensitive Groups,Ozone,89.0,74.0,0.18,8.0,73
2017-08-05,60.0,Moderate,PM2.5,94.0,75.0,0.0,18.0,65
2017-08-06,63.0,Moderate,PM2.5,95.0,76.0,1.46,15.0,75
2017-08-07,46.0,Good,Ozone,84.0,75.0,0.64,12.0,85
2017-08-08,42.0,Good,PM2.5,84.0,73.0,0.66,12.0,81
2017-08-09,53.0,Moderate,PM2.5,85.0,72.0,0.06,10.0,81
2017-08-10,108.0,Unhealthy for Sensitive Groups,Ozone,90.0,72.0,0.0,11.0,77
2017-08-11,84.0,Moderate,Ozone,92.0,78.0,0.1,9.0,73
2017-08-12,48.0,Good,Ozone,89.0,76.0,0.32,11.0,83
2017-08-13,46.0,Good,Ozone,87.0,76.0,0.91,8.0,88
2017-08-14,58.0,Moderate,PM2.5,92.0,76.0,0.39,16.0,76
2017-08-15,56.0,Moderate,PM2.5,91.0,79.0,0.0,14.0,68
2017-08-16,54.0,Moderate,PM2.5,94.0,79.0,0.16,15.0,68
2017-08-17,52.0,Moderate,PM2.5,88.0,76.0,0.44,15.0,79
2017-08-18,54.0,Moderate,PM2.5,89.0,75.0,0.0,8.0,81
2017-08-19,54.0,Moderate,PM2.5,93.0,78.0,0.01,9.0,70
2017-08-20,48.0,Good,PM2.5,93.0,79.0,0.0,10.0,65
2017-08-21,55.0,Moderate,PM2.5,92.0,78.0,0.0,12.0,64
2017-08-22,71.0,Moderate,Ozone,92.0,77.0,0.0,10.0,65
2017-08-23,50.0,Good,Ozone,87.0,76.0,0.06,9.0,71
2017-08-24,55.0,Moderate,PM2.5,86.0,74.0,1.39,11.0,86
2017-08-25,57.0,Moderate,PM2.5,87.0,74.0,0.04,13.0,79
2017-08-26,61.0,Moderate,PM2.5,80.0,73.0,0.45,12.0,79
2017-08-27,62.0,Moderate,PM2.5,80.0,73.0,0.25,15.0,86
2017-08-28,56.0,Moderate,PM2.5,81.0,72.0,0.12,16.0,84
2017-08-29,57.0,Moderate,PM2.5,83.0,70.0,0.05,14.0,77
2017-08-30,57.0,Moderate,PM2.5,85.0,70.0,0.0,16.0,66
2017-08-31,58.0,Moderate,PM2.5,86.0,69.0,0.0,13.0,67
2017-09-01,140.0,Unhealthy for Sensitive Groups,Ozone,86.0,68.0,0.0,6.0,67
2017-09-02,101.0,Unhealthy for Sensitive Groups,Ozone,90.0,71.0,0.08,11.0,68
2017-09-03,70.0,Moderate,PM2.5,90.0,74.0,0.03,11.0,65
2017-09-04,77.0,Moderate,Ozone,91.0,74.0,0.0,11.0,63
2017-09-05,58.0,Moderate,PM2.5,90.0,74.0,0.02,15.0,60
2017-09-06,37.0,Good,Ozone,82.0,64.0,0.0,13.0,42
2017-09-07,54.0,Moderate,PM2.5,83.0,61.0,0.0,7.0,50
2017-09-08,60.0,Moderate,PM2.5,85.0,61.0,0.0,9.0,48
2017-09-09,52.0,Moderate,PM2.5,84.0,63.0,0.0,9.0,56
2017-09-10,55.0,Moderate,PM2.5,83.0,63.0,0.0,11.0,55
2017-09-11,58.0,Moderate,Ozone,84.0,64.0,0.0,12.0,55
2017-09-12,57.0,Moderate,PM2.5,83.0,61.0,0.0,13.0,57
2017-09-13,136.0,Unhealthy for Sensitive Groups,Ozone,87.0,61.0,0.0,8.0,49
2017-09-14,84.0,Moderate,Ozone,96.0,69.0,0.0,15.0,52
2017-09-15,55.0,Moderate,PM2.5,94.0,73.0,0.0,15.0,57
2017-09-16,55.0,Moderate,PM2.5,95.0,74.0,0.0,14.0,60
2017-09-17,59.0,Moderate,PM2.5,93.0,75.0,0.0,11.0,61
2017-09-18,93.0,Moderate,Ozone,91.0,73.0,0.01,17.0,59
2017-09-19,48.0,Good,PM2.5,95.0,75.0,0.01,13.0,65
2017-09-20,51.0,Moderate,PM2.5,96.0,77.0,0.0,18.0,66
2017-09-21,55.0,Moderate,PM2.5,93.0,78.0,0.02,17.0,68
2017-09-22,55.0,Moderate,PM2.5,92.0,76.0,0.01,12.0,65
2017-09-23,63.0,Moderate,PM2.5,90.0,74.0,0.01,11.0,59
2017-09-24,60.0,Moderate,PM2.5,91.0,74.0,0.01,12.0,60
2017-09-25,57.0,Moderate,PM2.5,90.0,73.0,0.01,12.0,61
2017-09-26,58.0,Moderate,PM2.5,87.0,75.0,0.05,10.0,65
2017-09-27,60.0,Moderate,PM2.5,85.0,74.0,0.31,12.0,74
2017-09-28,51.0,Moderate,PM2.5,82.0,70.0,0.63,11.0,86
2017-09-29,58.0,Moderate,PM2.5,71.0,67.0,0.69,9.0,84
2017-09-30,54.0,Moderate,PM2.5,82.0,66.0,0.0,9.0,57
2017-10-01,67.0,Moderate,Ozone,88.0,66.0,0.0,8.0,46
2017-10-02,62.0,Moderate,PM2.5,91.0,72.0,0.0,17.0,60
2017-10-03,48.0,Good,PM2.5,87.0,73.0,2.1,15.0,83
2017-10-04,54.0,Moderate,PM2.5,83.0,73.0,0.68,10.0,78
2017-10-05,60.0,Moderate,PM2.5,83.0,70.0,0.0,8.0,68
2017-10-06,60.0,Moderate,PM2.5,86.0,69.0,0.0,12.0,64
2017-10-07,48.0,Good,PM2.5,84.0,66.0,0.02,14.0,62
2017-10-08,87.0,Moderate,Ozone,87.0,58.0,0.0,11.0,53
2017-10-09,54.0,Moderate,PM2.5,93.0,71.0,0.02,17.0,64
2017-10-10,31.0,Good,Ozone,70.0,55.0,0.18,17.0,59
2017-10-11,42.0,Good,NO2,74.0,52.0,0.0,9.0,57
2017-10-12,54.0,Moderate,PM2.5,86.0,60.0,0.0,9.0,58
2017-10-13,63.0,Moderate,PM2.5,92.0,71.0,0.0,11.0,64
2017-10-14,56.0,Moderate,PM2.5,92.0,73.0,0.0,14.0,63
2017-10-15,33.0,Good,Ozone,80.0,62.0,0.26,19.0,56
2017-10-16,36.0,Good,Ozone,71.0,52.0,0.0,10.0,48
2017-10-17,53.0,Moderate,PM2.5,74.0,50.0,0.0,9.0,54
2017-10-18,55.0,Moderate,PM2.5,81.0,53.0,0.0,11.0,43
2017-10-19,77.0,Moderate,Ozone,81.0,60.0,0.0,11.0,55
2017-10-20,55.0,Moderate,PM2.5,78.0,63.0,0.09,18.0,72
2017-10-21,32.0,Good,Ozone,85.0,69.0,0.95,18.0,76
2017-10-22,35.0,Good,Ozone,72.0,56.0,1.17,17.0,71
2017-10-23,43.0,Good,Ozone,79.0,51.0,0.0,14.0,57
2017-10-24,34.0,Good,Ozone,69.0,54.0,0.0,20.0,39
2017-10-25,43.0,Good,NO2,76.0,46.0,0.0,12.0,45
2017-10-26,48.0,Good,Ozone,81.0,57.0,0.0,21.0,39
2017-10-27,35.0,Good,PM2.5,68.0,46.0,0.07,24.0,43
2017-10-28,44.0,Good,PM2.5,57.0,38.0,0.0,11.0,39
2017-10-29,43.0,Good,Ozone,75.0,43.0,0.0,13.0,32
2017-10-30,37.0,Good,Ozone,72.0,50.0,0.0,14.0,39
2017-10-31,28.0,Good,PM2.5,60.0,50.0,0.07,14.0,53
2017-11-01,58.0,Moderate,PM2.5,79.0,51.0,0.0,16.0,74
2017-11-02,57.0,Moderate,PM2.5,91.0,67.0,0.0,18.0,67
2017-11-03,63.0,Moderate,PM2.5,74.0,58.0,0.0,10.0,73
2017-11-04,61.0,Moderate,PM2.5,85.0,62.0,0.0,17.0,76
2017-11-05,53.0,Moderate,PM2.5,91.0,72.0,0.0,19.0,71
2017-11-06,55.0,Moderate,PM2.5,81.0,61.0,0.0,11.0,75
2017-11-07,39.0,Good,PM2.5,60.0,51.0,0.04,13.0,69
2017-11-08,44.0,Good,PM2.5,51.0,47.0,0.92,13.0,80
2017-11-09,53.0,Moderate,PM2.5,57.0,48.0,0.0,8.0,75
2017-11-10,60.0,Moderate,PM2.5,61.0,42.0,0.0,8.0,76
2017-11-11,52.0,Moderate,PM2.5,66.0,54.0,0.0,15.0,64
2017-11-12,62.0,Moderate,PM2.5,70.0,61.0,0.22,12.0,86
2017-11-13,68.0,Moderate,PM2.5,65.0,54.0,0.02,9.0,85
2017-11-14,62.0,Moderate,PM2.5,77.0,60.0,0.0,16.0,77
2017-11-15,54.0,Moderate,PM2.5,71.0,65.0,0.26,15.0,85
2017-11-16,69.0,Moderate,PM2.5,72.0,62.0,0.09,12.0,89
2017-11-17,29.0,Good,Ozone,82.0,67.0,0.05,22.0,79
2017-11-18,34.0,Good,Ozone,74.0,51.0,0.0,27.0,60
2017-11-19,36.0,Good,NO2,60.0,40.0,0.0,7.0,53
2017-11-20,51.0,Moderate,PM2.5,63.0,42.0,0.0,15.0,46
2017-11-21,39.0,Good,PM2.5,70.0,51.0,0.0,15.0,68
2017-11-22,35.0,Good,PM2.5,54.0,40.0,0.0,15.0,43
2017-11-23,57.0,Moderate,PM2.5,64.0,36.0,0.0,8.0,53
2017-11-24,42.0,Good,Ozone,72.0,45.0,0.0,14.0,43
2017-11-25,43.0,Good,Ozone,70.0,49.0,0.0,11.0,59
2017-11-26,44.0,Good,PM2.5,70.0,48.0,0.0,8.0,56
2017-11-27,54.0,Moderate,PM2.5,74.0,52.0,0.0,15.0,56
2017-11-28,43.0,Good,PM2.5,76.0,55.0,0.0,19.0,62
2017-11-29,52.0,Moderate,PM2.5,67.0,51.0,0.0,13.0,51
2017-11-30,53.0,Moderate,PM2.5,68.0,44.0,0.0,9.0,67
2017-12-01,57.0,Moderate,PM2.5,71.0,47.0,0.0,11.0,68
2017-12-02,61.0,Moderate,PM2.5,78.0,56.0,0.0,11.0,63
2017-12-03,56.0,Moderate,PM2.5,78.0,57.0,0.04,15.0,75
2017-12-04,30.0,Good,PM2.5,80.0,64.0,0.12,19.0,82
2017-12-05,29.0,Good,Ozone,64.0,46.0,0.26,20.0,36
2017-12-06,32.0,Good,NO2,53.0,44.0,0.0,8.0,36
2017-12-07,30.0,Good,Ozone,49.0,34.0,0.0,17.0,43
2017-12-08,42.0,Good,PM2.5,45.0,25.0,0.0,6.0,48
2017-12-09,48.0,Good,PM2.5,56.0,35.0,0.0,14.0,50
2017-12-10,55.0,Moderate,PM2.5,68.0,34.0,0.0,10.0,51
2017-12-11,44.0,Good,NO2,74.0,42.0,0.0,13.0,35
2017-12-12,36.0,Good,NO2,55.0,42.0,0.0,17.0,42
2017-12-13,53.0,Moderate,PM2.5,72.0,40.0,0.0,14.0,39
2017-12-14,46.0,Good,PM2.5,61.0,43.0,0.0,16.0,44
2017-12-15,51.0,Moderate,PM2.5,54.0,38.0,0.0,10.0,53
2017-12-16,46.0,Good,PM2.5,61.0,40.0,0.5,15.0,55
2017-12-17,50.0,Good,PM2.5,61.0,43.0,0.15,14.0,85
2017-12-18,62.0,Moderate,PM2.5,57.0,42.0,0.0,9.0,93
2017-12-19,46.0,Good,PM2.5,61.0,54.0,1.22,13.0,98
2017-12-20,46.0,Good,PM2.5,61.0,53.0,0.0,7.0,93
2017-12-21,52.0,Moderate,PM2.5,73.0,51.0,0.0,11.0,70
2017-12-22,51.0,Moderate,PM2.5,67.0,36.0,0.86,16.0,85
2017-12-23,43.0,Good,PM2.5,48.0,34.0,0.0,15.0,70
2017-12-24,56.0,Moderate,PM2.5,47.0,34.0,0.0,20.0,69
2017-12-25,37.0,Good,PM2.5,46.0,29.0,0.0,13.0,59
2017-12-26,49.0,Good,PM2.5,42.0,38.0,0.07,11.0,75
2017-12-27,53.0,Moderate,PM2.5,40.0,33.0,0.0,13.0,60
2017-12-28,56.0,Moderate,PM2.5,42.0,36.0,0.0,6.0,63
2017-12-29,56.0,Moderate,PM2.5,47.0,37.0,0.01,11.0,72
2017-12-30,68.0,Moderate,PM2.5,46.0,37.0,0.04,13.0,84
2017-12-31,57.0,Moderate,PM2.5,36.0,24.0,0.02,16.0,62
2018-01-01,44.0,Good,PM2.5,28.0,16.0,0.0,15.0,39
2018-01-02,33.0,Good,PM2.5,30.0,21.0,0.0,8.0,45
2018-01-03,52.0,Moderate,PM2.5,46.0,18.0,0.0,10.0,45
2018-01-04,58.0,Moderate,PM2.5,45.0,25.0,0.0,6.0,61
2018-01-05,58.0,Moderate,PM2.5,57.0,31.0,0.0,9.0,59
2018-01-06,55.0,Moderate,PM2.5,59.0,36.0,0.0,14.0,70
2018-01-07,40.0,Good,PM2.5,61.0,49.0,0.52,19.0,82
2018-01-08,52.0,Moderate,PM2.5,57.0,41.0,0.0,17.0,75
2018-01-09,60.0,Moderate,PM2.5,59.0,37.0,0.0,10.0,85
2018-01-10,53.0,Moderate,PM2.5,58.0,44.0,0.01,19.0,88
2018-01-11,31.0,Good,PM2.5,62.0,33.0,0.0,26.0,71
2018-01-12,27.0,Good,Ozone,41.0,23.0,0.0,22.0,45
2018-01-13,31.0,Good,NO2,42.0,26.0,0.0,11.0,44
2018-01-14,52.0,Moderate,PM2.5,51.0,29.0,0.0,11.0,57
2018-01-15,43.0,Good,PM2.5,61.0,31.0,0.06,21.0,72
2018-01-16,33.0,Good,PM2.5,29.0,20.0,0.02,20.0,38
2018-01-17,58.0,Moderate,PM2.5,32.0,13.0,0.0,6.0,39
2018-01-18,63.0,Moderate,PM2.5,44.0,18.0,0.0,10.0,41
2018-01-19,52.0,Moderate,PM2.5,51.0,31.0,0.0,16.0,59
2018-01-20,40.0,Good,PM2.5,64.0,51.0,0.02,20.0,88
2018-01-21,41.0,Good,PM2.5,69.0,59.0,0.5,21.0,89
2018-01-22,47.0,Good,PM2.5,58.0,43.0,0.0,21.0,32
2018-01-23,48.0,Good,PM2.5,55.0,34.0,0.0,8.0,41
2018-01-24,59.0,Moderate,PM2.5,59.0,30.0,0.0,6.0,57
2018-01-25,54.0,Moderate,PM2.5,62.0,35.0,0.0,14.0,49
2018-01-26,54.0,Moderate,PM2.5,62.0,48.0,0.1,18.0,70
2018-01-27,36.0,Good,PM2.5,64.0,50.0,0.59,14.0,76
2018-01-28,36.0,Good,NO2,61.0,37.0,0.0,10.0,46
2018-01-29,49.0,Good,PM2.5,52.0,37.0,0.0,16.0,47
2018-01-30,32.0,Good,Ozone,57.0,33.0,0.0,18.0,53
2018-01-31,38.0,Good,Ozone,70.0,46.0,0.0,22.0,51
2018-02-01,37.0,Good,PM2.5,62.0,49.0,0.0,18.0,54
2018-02-02,31.0,Good,PM2.5,51.0,34.0,0.0,16.0,44
2018-02-03,55.0,Moderate,PM2.5,59.0,41.0,0.0,19.0,57
2018-02-04,54.0,Moderate,PM2.5,63.0,38.0,0.0,20.0,76
2018-02-05,57.0,Moderate,PM2.5,56.0,26.0,0.0,12.0,62
2018-02-06,66.0,Moderate,PM2.5,42.0,33.0,0.49,13.0,85
2018-02-07,61.0,Moderate,PM2.5,47.0,31.0,0.01,17.0,63
2018-02-08,58.0,Moderate,PM2.5,56.0,28.0,0.0,7.0,71
2018-02-09,52.0,Moderate,PM2.5,68.0,42.0,0.0,20.0,77
2018-02-10,63.0,Moderate,PM2.5,58.0,31.0,0.01,16.0,79
2018-02-11,53.0,Moderate,PM2.5,41.0,26.0,0.02,15.0,54
2018-02-12,48.0,Good,PM2.5,47.0,26.0,0.0,11.0,61
2018-02-13,56.0,Moderate,PM2.5,45.0,38.0,0.22,10.0,83
2018-02-14,53.0,Moderate,PM2.5,68.0,44.0,0.02,17.0,91
2018-02-15,38.0,Good,PM2.5,74.0,62.0,0.04,18.0,86
2018-02-16,39.0,Good,PM2.5,68.0,47.0,0.0,19.0,65
2018-02-17,50.0,Good,PM2.5,64.0,44.0,0.39,12.0,73
2018-02-18,48.0,Good,PM2.5,65.0,45.0,0.07,18.0,92
2018-02-19,44.0,Good,PM2.5,76.0,64.0,0.43,27.0,83
2018-02-20,31.0,Good,PM2.5,72.0,42.0,1.21,22.0,89
2018-02-21,27.0,Good,PM2.5,43.0,35.0,0.69,16.0,90
2018-02-22,33.0,Good,PM2.5,41.0,34.0,0.52,11.0,90
2018-02-23,36.0,Good,PM2.5,55.0,40.0,0.96,9.0,94
2018-02-24,31.0,Good,PM2.5,68.0,46.0,0.92,22.0,90
2018-02-25,39.0,Good,PM2.5,66.0,40.0,0.0,10.0,78
2018-02-26,47.0,Good,PM2.5,63.0,43.0,0.0,8.0,86
2018-02-27,49.0,Good,PM2.5,64.0,50.0,0.75,12.0,95
2018-02-28,45.0,Good,PM2.5,71.0,64.0,0.62,14.0,95
2018-03-01,49.0,Good,PM2.5,65.0,51.0,0.43,18.0,76
2018-03-02,49.0,Good,PM2.5,67.0,41.0,0.0,9.0,67
2018-03-03,48.0,Good,PM2.5,69.0,50.0,0.02,13.0,65
2018-03-04,57.0,Moderate,PM2.5,72.0,60.0,0.15,18.0,83
2018-03-05,47.0,Good,Ozone,69.0,51.0,0.05,21.0,62
2018-03-06,43.0,Good,Ozone,62.0,38.0,0.0,14.0,42
2018-03-07,44.0,Good,NO2,55.0,37.0,0.0,13.0,44
2018-03-08,52.0,Moderate,PM2.5,64.0,40.0,0.0,13.0,58
2018-03-09,48.0,Good,Ozone,70.0,51.0,0.0,22.0,64
2018-03-10,46.0,Good,PM2.5,79.0,62.0,0.07,17.0,77
2018-03-11,51.0,Moderate,PM2.5,63.0,51.0,0.54,20.0,59
2018-03-12,55.0,Moderate,PM2.5,58.0,40.0,0.0,13.0,57
2018-03-13,73.0,Moderate,PM2.5,60.0,42.0,0.0,11.0,56
2018-03-14,73.0,Moderate,PM2.5,64.0,38.0,0.0,9.0,50
2018-03-15,67.0,Moderate,Ozone,76.0,50.0,0.0,21.0,54
2018-03-16,48.0,Good,Ozone,83.0,63.0,0.0,17.0,50
2018-03-17,49.0,Good,PM2.5,81.0,53.0,0.27,12.0,57
2018-03-18,49.0,Good,PM2.5,75.0,59.0,0.04,12.0,86
2018-03-19,40.0,Good,Ozone,69.0,53.0,0.03,21.0,50
2018-03-20,40.0,Good,Ozone,62.0,44.0,0.0,15.0,57
2018-03-21,50.0,Good,PM2.5,68.0,42.0,0.0,9.0,61
2018-03-22,61.0,Moderate,Ozone,76.0,50.0,0.0,20.0,55
2018-03-23,54.0,Moderate,PM2.5,78.0,59.0,0.0,22.0,68
2018-03-24,53.0,Moderate,PM2.5,83.0,64.0,0.0,20.0,67
2018-03-25,67.0,Moderate,PM2.5,80.0,61.0,0.01,17.0,79
2018-03-26,58.0,Moderate,PM2.5,83.0,66.0,0.03,19.0,70
2018-03-27,38.0,Good,Ozone,71.0,62.0,1.7,16.0,83
2018-03-28,34.0,Good,Ozone,66.0,58.0,0.51,13.0,87
2018-03-29,44.0,Good,Ozone,70.0,51.0,0.0,13.0,77
2018-03-30,53.0,Moderate,PM2.5,67.0,48.0,0.0,9.0,68
2018-03-31,54.0,Moderate,PM2.5,78.0,53.0,0.0,19.0,67
2018-04-01,48.0,Good,PM2.5,76.0,48.0,0.06,15.0,78
2018-04-02,55.0,Moderate,PM2.5,64.0,42.0,0.04,13.0,82
2018-04-03,52.0,Moderate,PM2.5,78.0,55.0,0.25,22.0,67
2018-04-04,44.0,Good,Ozone,60.0,42.0,0.0,18.0,45
2018-04-05,54.0,Moderate,PM2.5,70.0,48.0,0.0,18.0,62
2018-04-06,52.0,Moderate,PM2.5,85.0,57.0,0.19,22.0,81
2018-04-07,49.0,Good,PM2.5,52.0,36.0,0.13,19.0,67
2018-04-08,49.0,Good,PM2.5,57.0,37.0,0.0,9.0,75
2018-04-09,55.0,Moderate,PM2.5,66.0,44.0,0.0,11.0,74
2018-04-10,71.0,Moderate,PM2.5,67.0,45.0,0.0,11.0,57
2018-04-11,71.0,Moderate,Ozone,78.0,52.0,0.0,20.0,50
2018-04-12,49.0,Good,PM2.5,85.0,61.0,0.0,25.0,63
2018-04-13,61.0,Moderate,PM2.5,83.0,69.0,0.28,26.0,74
2018-04-14,56.0,Moderate,PM2.5,69.0,47.0,0.0,31.0,32
2018-04-15,50.0,Good,Ozone,63.0,39.0,0.0,17.0,36
2018-04-16,80.0,Moderate,Ozone,80.0,42.0,0.0,18.0,46
2018-04-17,54.0,Moderate,Ozone,86.0,60.0,0.0,21.0,56
2018-04-18,54.0,Moderate,Ozone,77.0,60.0,0.0,21.0,47
2018-04-19,58.0,Moderate,Ozone,69.0,50.0,0.0,13.0,39
2018-04-20,49.0,Good,Ozone,69.0,50.0,0.0,14.0,51
2018-04-21,55.0,Moderate,PM2.5,67.0,55.0,0.54,16.0,77
2018-04-22,48.0,Good,Ozone,71.0,53.0,0.0,19.0,64
2018-04-23,54.0,Moderate,Ozone,74.0,50.0,0.0,14.0,65
2018-04-24,136.0,Unhealthy for Sensitive Groups,Ozone,79.0,52.0,0.0,7.0,64
2018-04-25,49.0,Good,PM2.5,66.0,51.0,0.2,18.0,72
2018-04-26,49.0,Good,Ozone,70.0,45.0,0.01,8.0,67
2018-04-27,87.0,Moderate,Ozone,77.0,51.0,0.0,7.0,63
2018-04-28,136.0,Unhealthy for Sensitive Groups,Ozone,82.0,52.0,0.0,12.0,52
2018-04-29,71.0,Moderate,Ozone,85.0,59.0,0.0,17.0,49
2018-04-30,67.0,Moderate,Ozone,81.0,60.0,0.04,18.0,59
2018-05-01,56.0,Moderate,PM2.5,81.0,67.0,0.13,21.0,77
2018-05-02,57.0,Moderate,PM2.5,87.0,71.0,0.18,23.0,76
2018-05-03,55.0,Moderate,PM2.5,80.0,72.0,0.69,26.0,84
2018-05-04,51.0,Moderate,PM2.5,73.0,64.0,1.09,14.0,86
2018-05-05,71.0,Moderate,Ozone,81.0,58.0,0.0,12.0,70
2018-05-06,136.0,Unhealthy for Sensitive Groups,Ozone,85.0,57.0,0.0,8.0,60
2018-05-07,119.0,Unhealthy for Sensitive Groups,Ozone,91.0,61.0,0.0,9.0,56
2018-05-08,93.0,Moderate,Ozone,90.0,69.0,0.0,18.0,49
2018-05-09,67.0,Moderate,Ozone,89.0,68.0,0.0,16.0,43
2018-05-10,64.0,Moderate,Ozone,87.0,65.0,0.0,18.0,52
2018-05-11,54.0,Moderate,PM2.5,90.0,69.0,0.0,22.0,56
2018-05-12,55.0,Moderate,PM2.5,90.0,72.0,0.02,18.0,58
2018-05-13,57.0,Moderate,PM2.5,89.0,72.0,0.01,15.0,63
2018-05-14,55.0,Moderate,PM2.5,90.0,73.0,0.01,15.0,63
2018-05-15,53.0,Moderate,PM2.5,85.0,71.0,0.42,13.0,74
2018-05-16,90.0,Moderate,Ozone,90.0,68.0,0.05,9.0,60
2018-05-17,97.0,Moderate,Ozone,91.0,68.0,0.0,9.0,52
2018-05-18,61.0,Moderate,Ozone,94.0,72.0,0.0,13.0,55
2018-05-19,58.0,Moderate,PM2.5,95.0,73.0,0.0,20.0,57
2018-05-20,35.0,Good,PM2.5,80.0,69.0,0.5,14.0,79
2018-05-21,71.0,Moderate,Ozone,87.0,66.0,0.03,11.0,76
2018-05-22,48.0,Good,PM2.5,87.0,70.0,0.08,10.0,78
2018-05-23,50.0,Good,PM2.5,89.0,71.0,0.09,10.0,74
2018-05-24,45.0,Good,Ozone,89.0,71.0,0.0,8.0,66
2018-05-25,54.0,Moderate,Ozone,92.0,73.0,0.04,13.0,65
2018-05-26,143.0,Unhealthy for Sensitive Groups,Ozone,96.0,71.0,0.0,10.0,56
2018-05-27,61.0,Moderate,Ozone,96.0,75.0,0.0,12.0,54
2018-05-28,54.0,Moderate,PM2.5,95.0,75.0,0.0,11.0,59
2018-05-29,77.0,Moderate,Ozone,98.0,75.0,0.0,11.0,53
2018-05-30,40.0,Good,Ozone,100.0,78.0,0.0,17.0,53
2018-05-31,41.0,Good,PM2.5,99.0,76.0,0.0,17.0,55
2018-06-01,61.0,Moderate,PM2.5,99.0,77.0,0.0,14.0,57
2018-06-02,64.0,Moderate,PM2.5,100.0,78.0,0.05,15.0,58
2018-06-03,51.0,Moderate,Ozone,93.0,78.0,0.07,13.0,57
2018-06-04,52.0,Moderate,PM2.5,85.0,70.0,0.45,10.0,71
2018-06-05,60.0,Moderate,PM2.5,90.0,70.0,1.11,18.0,83
2018-06-06,55.0,Moderate,PM2.5,91.0,73.0,0.05,16.0,76
2018-06-07,63.0,Moderate,PM2.5,95.0,76.0,0.0,16.0,63
2018-06-08,43.0,Good,Ozone,92.0,72.0,0.0,13.0,66
2018-06-09,54.0,Moderate,PM2.5,94.0,76.0,0.0,10.0,53
2018-06-10,77.0,Moderate,PM2.5,91.0,76.0,0.06,15.0,66
2018-06-11,67.0,Moderate,PM2.5,91.0,78.0,0.12,17.0,67
2018-06-12,60.0,Moderate,PM2.5,94.0,78.0,0.0,14.0,60
2018-06-13,53.0,Moderate,PM2.5,96.0,78.0,0.0,14.0,54
2018-06-14,46.0,Good,PM2.5,95.0,79.0,0.0,14.0,47
2018-06-15,38.0,Good,PM2.5,96.0,78.0,0.0,14.0,51
2018-06-16,55.0,Moderate,PM2.5,95.0,78.0,0.0,15.0,56
2018-06-17,54.0,Moderate,PM2.5,93.0,78.0,0.06,14.0,66
2018-06-18,42.0,Good,PM2.5,92.0,77.0,0.14,16.0,72
2018-06-19,59.0,Moderate,PM2.5,89.0,75.0,0.54,17.0,77
2018-06-20,51.0,Moderate,PM2.5,86.0,74.0,0.94,13.0,83
2018-06-21,150.0,Unhealthy for Sensitive Groups,Ozone,96.0,74.0,0.0,7.0,68
2018-06-22,93.0,Moderate,Ozone,99.0,80.0,0.0,13.0,59
2018-06-23,59.0,Moderate,PM2.5,94.0,71.0,0.96,18.0,68
2018-06-24,56.0,Moderate,PM2.5,99.0,80.0,0.02,21.0,56
2018-06-25,48.0,Good,PM2.5,93.0,76.0,0.15,20.0,65
2018-06-26,56.0,Moderate,PM2.5,96.0,78.0,0.03,16.0,61
2018-06-27,51.0,Moderate,PM2.5,100.0,80.0,0.0,16.0,52
2018-06-28,50.0,Good,PM2.5,100.0,80.0,0.0,14.0,49
2018-06-29,69.0,Moderate,PM2.5,101.0,79.0,0.0,18.0,54
2018-06-30,125.0,Unhealthy for Sensitive Groups,PM2.5,101.0,79.0,0.0,17.0,52
2018-07-01,136.0,Unhealthy for Sensitive Groups,PM2.5,101.0,78.0,0.0,17.0,50
2018-07-02,105.0,Unhealthy for Sensitive Groups,PM2.5,101.0,80.0,0.0,13.0,46
2018-07-03,74.0,Moderate,PM2.5,101.0,81.0,0.0,19.0,48
2018-07-04,61.0,Moderate,PM2.5,96.0,78.0,0.07,17.0,64
2018-07-05,56.0,Moderate,PM2.5,92.0,76.0,0.69,11.0,66
2018-07-06,49.0,Good,PM2.5,94.0,78.0,0.1,16.0,71
2018-07-07,54.0,Moderate,Ozone,91.0,76.0,0.21,12.0,67
2018-07-08,54.0,Moderate,PM2.5,90.0,76.0,0.2,10.0,73
2018-07-09,54.0,Moderate,PM2.5,87.0,74.0,0.45,11.0,85
2018-07-10,64.0,Moderate,PM2.5,87.0,76.0,0.32,8.0,78
2018-07-11,74.0,Moderate,PM2.5,92.0,78.0,0.06,8.0,68
2018-07-12,60.0,Moderate,PM2.5,93.0,77.0,0.45,14.0,73
2018-07-13,59.0,Moderate,PM2.5,94.0,74.0,0.02,14.0,68
2018-07-14,54.0,Moderate,PM2.5,98.0,79.0,0.0,11.0,52
2018-07-15,66.0,Moderate,PM2.5,99.0,80.0,0.0,12.0,52
2018-07-16,151.0,Unhealthy,PM2.5,101.0,81.0,0.0,12.0,47
2018-07-17,152.0,Unhealthy,PM2.5,103.0,82.0,0.0,12.0,38
2018-07-18,90.0,Moderate,PM2.5,105.0,83.0,0.0,15.0,36
2018-07-19,76.0,Moderate,PM2.5,105.0,84.0,0.0,15.0,40
2018-07-20,69.0,Moderate,PM2.5,108.0,84.0,0.0,15.0,33
2018-07-21,67.0,Moderate,PM2.5,108.0,85.0,0.0,14.0,32
2018-07-22,77.0,Moderate,Ozone,107.0,85.0,0.0,15.0,34
2018-07-23,108.0,Unhealthy for Sensitive Groups,Ozone,103.0,84.0,0.0,15.0,37
2018-07-24,64.0,Moderate,Ozone,96.0,82.0,0.0,13.0,43
2018-07-25,133.0,Unhealthy for Sensitive Groups,Ozone,98.0,78.0,0.0,6.0,43
2018-07-26,161.0,Unhealthy,Ozone,102.0,80.0,0.0,8.0,34
2018-07-27,115.0,Unhealthy for Sensitive Groups,Ozone,99.0,84.0,0.0,11.0,38
2018-07-28,119.0,Unhealthy for Sensitive Groups,Ozone,98.0,81.0,0.0,13.0,45
2018-07-29,90.0,Moderate,PM2.5,99.0,83.0,0.14,14.0,52
2018-07-30,100.0,Moderate,Ozone,91.0,76.0,0.43,14.0,62
2018-07-31,61.0,Moderate,Ozone,89.0,73.0,0.04,13.0,61
2018-08-01,97.0,Moderate,Ozone,90.0,70.0,0.0,9.0,50
2018-08-02,105.0,Unhealthy for Sensitive Groups,Ozone,94.0,72.0,0.0,12.0,43
2018-08-03,100.0,Moderate,Ozone,97.0,75.0,0.0,10.0,37
2018-08-04,67.0,Moderate,Ozone,97.0,77.0,0.0,17.0,43
2018-08-05,53.0,Moderate,PM2.5,96.0,77.0,0.0,13.0,54
2018-08-06,61.0,Moderate,PM2.5,97.0,79.0,0.01,16.0,51
2018-08-07,40.0,Good,PM2.5,98.0,80.0,0.0,12.0,52
2018-08-08,53.0,Moderate,PM2.5,100.0,82.0,0.0,15.0,50
2018-08-09,87.0,Moderate,Ozone,93.0,77.0,0.48,11.0,70
2018-08-10,54.0,Moderate,PM2.5,85.0,74.0,0.43,12.0,81
2018-08-11,32.0,Good,PM2.5,83.0,72.0,1.93,10.0,82
2018-08-12,54.0,Moderate,PM2.5,83.0,74.0,0.42,15.0,86
2018-08-13,79.0,Moderate,PM2.5,85.0,73.0,1.43,10.0,91
2018-08-14,96.0,Moderate,PM2.5,87.0,72.0,0.09,14.0,73
2018-08-15,64.0,Moderate,PM2.5,91.0,78.0,0.0,14.0,67
2018-08-16,62.0,Moderate,PM2.5,92.0,78.0,0.0,10.0,66
2018-08-17,57.0,Moderate,PM2.5,93.0,80.0,0.03,12.0,66
2018-08-18,63.0,Moderate,PM2.5,95.0,81.0,0.04,11.0,64
2018-08-19,54.0,Moderate,PM2.5,91.0,80.0,0.17,11.0,72
2018-08-20,105.0,Unhealthy for Sensitive Groups,Ozone,90.0,78.0,0.06,11.0,68
2018-08-21,122.0,Unhealthy for Sensitive Groups,Ozone,90.0,71.0,0.0,7.0,63
2018-08-22,93.0,Moderate,Ozone,91.0,73.0,0.0,11.0,61
2018-08-23,84.0,Moderate,Ozone,97.0,76.0,0.0,11.0,56
2018-08-24,77.0,Moderate,Ozone,99.0,80.0,0.0,15.0,50
2018-08-25,61.0,Moderate,PM2.5,97.0,80.0,0.0,14.0,51
2018-08-26,67.0,Moderate,PM2.5,97.0,79.0,0.0,11.0,54
2018-08-27,59.0,Moderate,PM2.5,96.0,80.0,0.0,15.0,53
2018-08-28,37.0,Good,PM2.5,96.0,79.0,0.0,16.0,58
2018-08-29,47.0,Good,PM2.5,95.0,78.0,0.0,15.0,66
2018-08-30,51.0,Moderate,PM2.5,95.0,76.0,0.0,12.0,60
2018-08-31,53.0,Moderate,PM2.5,95.0,79.0,0.0,10.0,53
2018-09-01,54.0,Moderate,PM2.5,92.0,79.0,0.01,12.0,59
2018-09-02,42.0,Good,PM2.5,89.0,79.0,0.3,16.0,67
2018-09-03,28.0,Good,Ozone,83.0,74.0,0.54,15.0,85
2018-09-04,46.0,Good,PM2.5,87.0,74.0,0.27,14.0,84
2018-09-05,52.0,Moderate,PM2.5,83.0,74.0,0.16,8.0,88
2018-09-06,57.0,Moderate,PM2.5,85.0,74.0,0.62,11.0,87
2018-09-07,52.0,Moderate,PM2.5,85.0,73.0,0.88,13.0,86
2018-09-08,29.0,Good,PM2.5,79.0,73.0,1.93,11.0,92
2018-09-09,27.0,Good,Ozone,78.0,69.0,0.0,10.0,80
2018-09-10,24.0,Good,Ozone,78.0,68.0,0.18,13.0,81
2018-09-11,47.0,Good,PM2.5,79.0,67.0,1.27,12.0,89
2018-09-12,46.0,Good,PM2.5,83.0,70.0,0.57,11.0,89
2018-09-13,44.0,Good,PM2.5,85.0,71.0,0.07,9.0,86
2018-09-14,52.0,Moderate,PM2.5,83.0,72.0,0.7,10.0,90
2018-09-15,45.0,Good,PM2.5,87.0,73.0,0.11,11.0,85
2018-09-16,58.0,Moderate,PM2.5,85.0,74.0,0.36,8.0,85
2018-09-17,56.0,Moderate,PM2.5,88.0,74.0,0.01,5.0,80
2018-09-18,58.0,Moderate,Ozone,91.0,75.0,0.01,8.0,75
2018-09-19,58.0,Moderate,Ozone,90.0,74.0,0.02,11.0,72
2018-09-20,52.0,Moderate,PM2.5,87.0,75.0,0.14,13.0,77
2018-09-21,34.0,Good,PM2.5,80.0,74.0,2.46,13.0,91
2018-09-22,21.0,Good,Ozone,77.0,66.0,4.7,16.0,93
2018-09-23,22.0,Good,PM10,76.0,69.0,0.14,12.0,89
2018-09-24,30.0,Good,Ozone,81.0,70.0,0.11,8.0,85
2018-09-25,42.0,Good,Ozone,85.0,70.0,0.04,8.0,77
2018-09-26,32.0,Good,Ozone,76.0,64.0,0.71,18.0,78
2018-09-27,48.0,Good,Ozone,75.0,59.0,0.0,11.0,69
2018-09-28,58.0,Moderate,PM2.5,80.0,61.0,0.0,10.0,82
2018-09-29,59.0,Moderate,PM2.5,78.0,68.0,0.46,10.0,89
2018-09-30,46.0,Good,PM2.5,80.0,69.0,0.04,10.0,86
2018-10-01,34.0,Good,Ozone,82.0,70.0,0.5,10.0,88
2018-10-02,37.0,Good,PM2.5,83.0,72.0,0.02,10.0,86
2018-10-03,31.0,Good,Ozone,86.0,73.0,0.0,14.0,77
2018-10-04,33.0,Good,Ozone,86.0,74.0,0.0,12.0,78
2018-10-05,44.0,Good,PM2.5,87.0,73.0,0.0,15.0,77
2018-10-06,32.0,Good,Ozone,84.0,72.0,0.37,14.0,85
2018-10-07,29.0,Good,Ozone,83.0,73.0,0.28,15.0,88
2018-10-08,40.0,Good,PM2.5,83.0,71.0,0.33,15.0,87
2018-10-09,31.0,Good,Ozone,74.0,66.0,1.0,14.0,93
2018-10-10,22.0,Good,NO2,70.0,59.0,0.0,13.0,79
2018-10-11,30.0,Good,Ozone,69.0,54.0,0.0,9.0,70
2018-10-12,37.0,Good,PM2.5,74.0,60.0,0.17,10.0,78
2018-10-13,29.0,Good,PM2.5,73.0,61.0,0.83,18.0,93
2018-10-14,24.0,Good,Ozone,84.0,57.0,0.67,16.0,88
2018-10-15,21.0,Good,Ozone,55.0,43.0,1.92,20.0,88
2018-10-16,23.0,Good,PM2.5,53.0,46.0,1.31,16.0,88
2018-10-17,28.0,Good,PM2.5,59.0,51.0,0.62,14.0,80
2018-10-18,36.0,Good,PM2.5,64.0,53.0,0.04,11.0,75
2018-10-19,52.0,Moderate,PM2.5,61.0,58.0,1.11,7.0,88
2018-10-20,33.0,Good,Ozone,72.0,55.0,0.01,15.0,76
2018-10-21,40.0,Good,Ozone,66.0,51.0,0.0,9.0,63
2018-10-22,47.0,Good,PM2.5,64.0,47.0,0.03,6.0,72
2018-10-23,44.0,Good,PM2.5,68.0,53.0,0.0,10.0,69
2018-10-24,42.0,Good,PM2.5,58.0,53.0,1.6,15.0,84
2018-10-25,25.0,Good,NO2,62.0,53.0,0.04,10.0,83
2018-10-26,40.0,Good,PM2.5,70.0,50.0,0.0,9.0,79
2018-10-27,64.0,Moderate,Ozone,78.0,58.0,0.0,8.0,72
2018-10-28,52.0,Moderate,PM2.5,81.0,62.0,0.0,10.0,74
2018-10-29,51.0,Moderate,PM2.5,80.0,61.0,0.0,15.0,74
2018-10-30,41.0,Good,Ozone,80.0,67.0,0.03,23.0,79
2018-10-31,27.0,Good,PM2.5,72.0,55.0,1.89,15.0,94
2018-11-01,38.0,Good,Ozone,62.0,50.0,0.0,18.0,65
2018-11-02,38.0,Good,NO2,71.0,48.0,0.0,13.0,63
2018-11-03,44.0,Good,Ozone,72.0,56.0,0.24,23.0,64
2018-11-04,27.0,Good,Ozone,63.0,48.0,0.0,14.0,68
2018-11-05,38.0,Good,PM2.5,78.0,53.0,0.0,23.0,72
2018-11-06,52.0,Moderate,PM2.5,74.0,55.0,0.02,12.0,79
2018-11-07,41.0,Good,PM2.5,68.0,56.0,0.71,15.0,90
2018-11-08,46.0,Good,PM2.5,59.0,53.0,0.83,12.0,85
2018-11-09,29.0,Good,NO2,54.0,44.0,0.08,18.0,69
2018-11-10,33.0,Good,Ozone,49.0,34.0,0.0,9.0,60
2018-11-11,21.0,Good,Ozone,52.0,43.0,0.07,11.0,71
2018-11-12,25.0,Good,Ozone,48.0,35.0,0.59,21.0,80
2018-11-13,38.0,Good,PM2.5,40.0,31.0,0.0,18.0,55
2018-11-14,42.0,Good,PM2.5,45.0,24.0,0.0,10.0,63
2018-11-15,42.0,Good,PM2.5,61.0,30.0,0.0,11.0,64
2018-11-16,50.0,Good,PM2.5,66.0,43.0,0.0,11.0,60
2018-11-17,42.0,Good,Ozone,67.0,47.0,0.01,14.0,70
2018-11-18,15.0,Good,Ozone,59.0,39.0,0.15,15.0,73
2018-11-19,39.0,Good,PM2.5,51.0,36.0,0.0,7.0,70
2018-11-20,31.0,Good,NO2,55.0,38.0,0.0,10.0,70
2018-11-21,57.0,Moderate,PM2.5,57.0,34.0,0.02,7.0,72
2018-11-22,52.0,Moderate,PM2.5,61.0,39.0,0.0,10.0,78
2018-11-23,36.0,Good,NO2,71.0,53.0,0.0,22.0,67
2018-11-24,41.0,Good,Ozone,72.0,44.0,0.0,16.0,59
2018-11-25,31.0,Good,Ozone,62.0,41.0,0.0,24.0,56
2018-11-26,43.0,Good,PM2.5,49.0,32.0,0.0,14.0,60
2018-11-27,36.0,Good,PM2.5,62.0,35.0,0.0,11.0,58
2018-11-28,40.0,Good,Ozone,67.0,45.0,0.0,19.0,56
2018-11-29,33.0,Good,Ozone,74.0,54.0,0.0,16.0,78
2018-11-30,34.0,Good,PM2.5,72.0,62.0,0.74,17.0,91
2018-12-01,41.0,Good,PM2.5,69.0,56.0,0.01,19.0,42
2018-12-02,30.0,Good,Ozone,60.0,46.0,0.0,13.0,53
2018-12-03,24.0,Good,NO2,52.0,40.0,0.0,10.0,60
2018-12-04,54.0,Moderate,PM2.5,45.0,30.0,0.0,8.0,67
2018-12-05,57.0,Moderate,PM2.5,51.0,30.0,0.0,11.0,70
2018-12-06,48.0,Good,PM2.5,55.0,47.0,0.26,13.0,75
2018-12-07,46.0,Good,PM2.5,49.0,44.0,0.65,13.0,91
2018-12-08,18.0,Good,PM2.5,43.0,36.0,0.47,16.0,91
2018-12-09,56.0,Moderate,PM2.5,46.0,38.0,0.0,12.0,74
2018-12-10,57.0,Moderate,PM2.5,54.0,31.0,0.0,6.0,66
2018-12-11,44.0,Good,PM2.5,59.0,36.0,0.0,17.0,64
2018-12-12,30.0,Good,Ozone,64.0,49.0,0.0,19.0,85
2018-12-13,33.0,Good,PM2.5,66.0,43.0,0.55,20.0,90
2018-12-14,25.0,Good,Ozone,49.0,44.0,0.1,23.0,84
2018-12-15,34.0,Good,NO2,58.0,40.0,0.0,16.0,52
2018-12-16,57.0,Moderate,PM2.5,63.0,39.0,0.0,9.0,63
2018-12-17,53.0,Moderate,PM2.5,56.0,41.0,0.0,7.0,76
2018-12-18,67.0,Moderate,PM2.5,59.0,35.0,0.0,11.0,86
2018-12-19,59.0,Moderate,PM2.5,59.0,47.0,0.08,10.0,91
2018-12-20,32.0,Good,Ozone,57.0,46.0,0.01,24.0,54
2018-12-21,31.0,Good,Ozone,56.0,39.0,0.0,17.0,49
2018-12-22,32.0,Good,Ozone,65.0,46.0,0.0,15.0,53
2018-12-23,31.0,Good,NO2,54.0,42.0,0.0,14.0,70
2018-12-24,39.0,Good,PM2.5,59.0,37.0,0.0,12.0,77
2018-12-25,57.0,Moderate,PM2.5,65.0,54.0,0.09,14.0,92
2018-12-26,33.0,Good,Ozone,64.0,59.0,0.48,27.0,92
2018-12-27,33.0,Good,Ozone,63.0,42.0,0.26,20.0,69
2018-12-28,26.0,Good,PM2.5,46.0,35.0,0.0,15.0,61
2018-12-29,34.0,Good,PM2.5,43.0,35.0,0.0,12.0,62
2018-12-30,52.0,Moderate,PM2.5,44.0,37.0,0.26,8.0,74
2018-12-31,33.0,Good,NO2,61.0,41.0,0.42,15.0,73
2019-01-01,61.0,Moderate,PM2.5,44.0,36.0,0.0,14.0,74
2019-01-02,55.0,Moderate,PM2.5,38.0,33.0,1.0,13.0,86
2019-01-03,37.0,Good,PM2.5,41.0,35.0,0.55,12.0,89
2019-01-04,53.0,Moderate,PM2.5,58.0,35.0,0.0,14.0,73
2019-01-05,61.0,Moderate,PM2.5,66.0,35.0,0.0,9.0,71
2019-01-06,51.0,Moderate,PM2.5,67.0,47.0,0.0,19.0,72
2019-01-07,40.0,Good,NO2,71.0,56.0,0.0,17.0,70
2019-01-08,42.0,Good,PM2.5,63.0,48.0,0.0,15.0,55
2019-01-09,37.0,Good,PM2.5,55.0,43.0,0.0,11.0,47
2019-01-10,52.0,Moderate,PM2.5,51.0,39.0,0.0,9.0,56
2019-01-11,54.0,Moderate,PM2.5,54.0,44.0,0.39,14.0,77
2019-01-12,36.0,Good,PM2.5,55.0,42.0,0.17,21.0,73
2019-01-13,60.0,Moderate,PM2.5,45.0,34.0,0.0,11.0,70
2019-01-14,66.0,Moderate,PM2.5,44.0,33.0,0.0,5.0,79
2019-01-15,68.0,Moderate,PM2.5,52.0,33.0,0.0,10.0,82
2019-01-16,60.0,Moderate,PM2.5,63.0,41.0,0.0,17.0,87
2019-01-17,54.0,Moderate,PM2.5,57.0,42.0,0.0,16.0,86
2019-01-18,59.0,Moderate,PM2.5,70.0,41.0,0.03,21.0,88
2019-01-19,33.0,Good,PM2.5,62.0,33.0,0.02,27.0,62
2019-01-20,46.0,Good,PM2.5,46.0,25.0,0.0,12.0,63
2019-01-21,52.0,Moderate,PM2.5,58.0,36.0,0.0,21.0,65
2019-01-22,39.0,Good,PM2.5,64.0,38.0,0.15,24.0,78
2019-01-23,55.0,Moderate,PM2.5,46.0,28.0,0.06,19.0,54
2019-01-24,55.0,Moderate,PM2.5,56.0,30.0,0.0,8.0,58
2019-01-25,36.0,Good,NO2,50.0,29.0,0.0,12.0,66
2019-01-26,39.0,Good,NO2,54.0,35.0,0.0,7.0,67
2019-01-27,63.0,Moderate,PM2.5,59.0,33.0,0.0,9.0,65
2019-01-28,35.0,Good,PM2.5,59.0,42.0,0.0,20.0,54
2019-01-29,44.0,Good,PM2.5,45.0,27.0,0.0,20.0,50
2019-01-30,52.0,Moderate,PM2.5,49.0,33.0,0.0,11.0,51
2019-01-31,52.0,Moderate,PM2.5,56.0,38.0,0.06,16.0,76
2019-02-01,55.0,Moderate,PM2.5,62.0,51.0,0.06,12.0,91
2019-02-02,63.0,Moderate,PM2.5,63.0,53.0,0.19,13.0,92
2019-02-03,58.0,Moderate,PM2.5,72.0,56.0,0.02,17.0,86
2019-02-04,67.0,Moderate,PM2.5,77.0,60.0,0.0,17.0,80
2019-02-05,75.0,Moderate,PM2.5,77.0,63.0,0.02,19.0,83
2019-02-06,70.0,Moderate,PM2.5,77.0,65.0,0.87,21.0,88
2019-02-07,53.0,Moderate,PM2.5,69.0,31.0,0.22,23.0,68
2019-02-08,47.0,Good,PM2.5,39.0,23.0,0.0,12.0,48
2019-02-09,39.0,Good,PM2.5,39.0,35.0,0.13,10.0,62
2019-02-10,53.0,Moderate,PM2.5,47.0,37.0,0.25,10.0,90
2019-02-11,52.0,Moderate,PM2.5,62.0,45.0,0.3,14.0,92
2019-02-12,37.0,Good,PM2.5,57.0,41.0,0.0,21.0,60
2019-02-13,48.0,Good,PM2.5,61.0,38.0,0.0,19.0,54
2019-02-14,42.0,Good,PM2.5,76.0,50.0,0.0,21.0,65
2019-02-15,59.0,Moderate,PM2.5,74.0,41.0,0.0,19.0,73
2019-02-16,60.0,Moderate,PM2.5,54.0,33.0,0.0,14.0,76
2019-02-17,52.0,Moderate,PM2.5,53.0,41.0,0.02,16.0,71
2019-02-18,47.0,Good,PM2.5,45.0,34.0,0.0,13.0,58
2019-02-19,49.0,Good,PM2.5,43.0,36.0,1.28,12.0,79
2019-02-20,52.0,Moderate,PM2.5,57.0,33.0,0.01,10.0,75
2019-02-21,47.0,Good,PM2.5,51.0,40.0,0.06,12.0,77
2019-02-22,40.0,Good,PM2.5,54.0,45.0,0.86,13.0,92
2019-02-23,53.0,Moderate,PM2.5,66.0,48.0,0.09,23.0,59
2019-02-24,46.0,Good,PM2.5,56.0,36.0,0.0,16.0,53
2019-02-25,52.0,Moderate,PM2.5,61.0,38.0,0.0,15.0,57
2019-02-26,52.0,Moderate,PM2.5,61.0,49.0,0.02,11.0,86
2019-02-27,46.0,Good,PM2.5,65.0,34.0,0.03,17.0,90
2019-02-28,63.0,Moderate,PM2.5,48.0,31.0,0.02,11.0,70
2019-03-01,68.0,Moderate,PM2.5,47.0,33.0,0.03,7.0,74
2019-03-02,62.0,Moderate,PM2.5,48.0,39.0,0.08,10.0,82
2019-03-03,53.0,Moderate,PM2.5,43.0,29.0,0.15,19.0,76
2019-03-04,50.0,Good,PM2.5,34.0,21.0,0.0,16.0,49
2019-03-05,50.0,Good,PM2.5,43.0,22.0,0.0,11.0,41
2019-03-06,61.0,Moderate,PM2.5,50.0,25.0,0.0,13.0,54
2019-03-07,54.0,Moderate,PM2.5,71.0,44.0,0.0,18.0,76
2019-03-08,51.0,Moderate,PM2.5,77.0,58.0,0.0,16.0,80
2019-03-09,52.0,Moderate,PM2.5,74.0,56.0,0.88,21.0,62
2019-03-10,54.0,Moderate,PM2.5,61.0,48.0,0.01,13.0,61
2019-03-11,47.0,Good,PM2.5,65.0,50.0,0.73,16.0,77
2019-03-12,62.0,Moderate,PM2.5,67.0,56.0,0.09,25.0,92
2019-03-13,53.0,Moderate,PM2.5,75.0,56.0,1.04,27.0,74
2019-03-14,54.0,Moderate,PM2.5,65.0,50.0,0.0,20.0,43
2019-03-15,44.0,Good,Ozone,57.0,42.0,0.0,18.0,46
2019-03-16,50.0,Good,PM2.5,57.0,37.0,0.0,9.0,52
2019-03-17,64.0,Moderate,PM2.5,63.0,36.0,0.0,7.0,60
2019-03-18,68.0,Moderate,PM2.5,67.0,39.0,0.0,8.0,61
2019-03-19,67.0,Moderate,PM2.5,66.0,44.0,0.0,11.0,59
2019-03-20,62.0,Moderate,PM2.5,64.0,49.0,0.0,12.0,62
2019-03-21,61.0,Moderate,Ozone,72.0,44.0,0.0,9.0,57
2019-03-22,84.0,Moderate,Ozone,74.0,49.0,0.0,11.0,60
2019-03-23,57.0,Moderate,PM2.5,70.0,56.0,0.69,22.0,76
2019-03-24,53.0,Moderate,PM2.5,78.0,61.0,0.06,16.0,78
2019-03-25,54.0,Moderate,PM2.5,70.0,53.0,0.0,13.0,71
2019-03-26,55.0,Moderate,PM2.5,67.0,49.0,0.0,10.0,70
2019-03-27,63.0,Moderate,PM2.5,71.0,50.0,0.0,15.0,67
2019-03-28,57.0,Moderate,PM2.5,73.0,56.0,0.0,19.0,66
2019-03-29,55.0,Moderate,PM2.5,73.0,61.0,0.04,19.0,75
2019-03-30,39.0,Good,Ozone,68.0,50.0,0.11,23.0,67
2019-03-31,49.0,Good,PM2.5,54.0,39.0,0.0,14.0,50
2019-04-01,44.0,Good,Ozone,58.0,38.0,0.0,10.0,57
2019-04-02,51.0,Moderate,Ozone,68.0,41.0,0.0,12.0,58
2019-04-03,52.0,Moderate,PM2.5,67.0,49.0,0.02,17.0,63
2019-04-04,44.0,Good,Ozone,80.0,61.0,0.68,16.0,78
2019-04-05,51.0,Moderate,PM2.5,76.0,54.0,0.0,10.0,83
2019-04-06,40.0,Good,PM2.5,72.0,61.0,0.05,16.0,89
2019-04-07,54.0,Moderate,PM2.5,75.0,62.0,0.14,11.0,89
2019-04-08,54.0,Moderate,Ozone,79.0,60.0,0.02,12.0,76
2019-04-09,84.0,Moderate,Ozone,83.0,55.0,0.0,11.0,68
2019-04-10,64.0,Moderate,Ozone,84.0,67.0,0.0,25.0,55
2019-04-11,32.0,Good,Ozone,72.0,54.0,0.0,26.0,45
2019-04-12,43.0,Good,Ozone,68.0,47.0,0.0,13.0,54
2019-04-13,42.0,Good,Ozone,62.0,44.0,2.44,24.0,88
2019-04-14,46.0,Good,Ozone,66.0,43.0,0.0,26.0,62
2019-04-15,74.0,Moderate,Ozone,76.0,53.0,0.0,20.0,59
2019-04-16,47.0,Good,Ozone,75.0,59.0,0.0,20.0,75
2019-04-17,43.0,Good,PM2.5,80.0,67.0,0.1,21.0,85
2019-04-18,44.0,Good,Ozone,70.0,58.0,1.1,22.0,71
2019-04-19,44.0,Good,Ozone,66.0,52.0,0.0,20.0,53
2019-04-20,61.0,Moderate,Ozone,75.0,45.0,0.0,12.0,65
2019-04-21,50.0,Good,Ozone,78.0,58.0,0.0,21.0,67
2019-04-22,52.0,Moderate,PM2.5,77.0,62.0,0.0,19.0,73
2019-04-23,58.0,Moderate,PM2.5,73.0,64.0,0.72,13.0,85
2019-04-24,38.0,Good,Ozone,71.0,60.0,1.28,13.0,88
2019-04-25,45.0,Good,Ozone,79.0,55.0,0.0,12.0,75
2019-04-26,58.0,Moderate,Ozone,75.0,57.0,0.0,12.0,56
2019-04-27,74.0,Moderate,Ozone,82.0,60.0,0.0,20.0,66
2019-04-28,48.0,Good,PM2.5,82.0,62.0,0.0,19.0,73
2019-04-29,56.0,Moderate,PM2.5,79.0,64.0,0.0,18.0,77
2019-04-30,58.0,Moderate,PM2.5,82.0,71.0,0.94,27.0,83
2019-05-01,58.0,Moderate,PM2.5,80.0,64.0,3.46,21.0,90
2019-05-02,44.0,Good,Ozone,79.0,60.0,0.16,15.0,83
2019-05-03,41.0,Good,Ozone,74.0,61.0,0.35,11.0,83
2019-05-04,47.0,Good,Ozone,77.0,62.0,0.13,13.0,80
2019-05-05,49.0,Good,Ozone,81.0,57.0,0.0,11.0,76
2019-05-06,48.0,Good,Ozone,82.0,66.0,0.0,13.0,75
2019-05-07,42.0,Good,PM2.5,81.0,65.0,0.05,19.0,85
2019-05-08,40.0,Good,Ozone,76.0,64.0,0.91,16.0,89
2019-05-09,38.0,Good,PM2.5,78.0,58.0,0.03,19.0,83
2019-05-10,27.0,Good,Ozone,68.0,51.0,0.11,15.0,74
2019-05-11,27.0,Good,Ozone,68.0,57.0,0.83,9.0,83
2019-05-12,54.0,Moderate,Ozone,75.0,53.0,0.0,8.0,69
2019-05-13,77.0,Moderate,Ozone,80.0,56.0,0.0,8.0,70
2019-05-14,100.0,Moderate,Ozone,80.0,58.0,0.0,9.0,71
2019-05-15,90.0,Moderate,Ozone,82.0,62.0,0.03,11.0,75
2019-05-16,74.0,Moderate,Ozone,83.0,65.0,0.0,12.0,68
2019-05-17,46.0,Good,PM2.5,84.0,67.0,0.0,17.0,74
2019-05-18,49.0,Good,PM2.5,78.0,71.0,1.5,19.0,89
2019-05-19,77.0,Moderate,Ozone,83.0,67.0,0.0,14.0,72
2019-05-20,57.0,Moderate,PM2.5,85.0,71.0,0.15,28.0,82
2019-05-21,52.0,Moderate,PM2.5,82.0,67.0,0.1,25.0,65
2019-05-22,61.0,Moderate,PM2.5,87.0,65.0,0.02,24.0,74
2019-05-23,57.0,Moderate,PM2.5,87.0,76.0,0.06,21.0,78
2019-05-24,57.0,Moderate,PM2.5,84.0,74.0,0.07,19.0,79
2019-05-25,36.0,Good,Ozone,86.0,72.0,0.0,17.0,73
2019-05-26,46.0,Good,PM2.5,85.0,72.0,0.06,16.0,73
2019-05-27,52.0,Moderate,PM2.5,85.0,73.0,0.02,20.0,70
2019-05-28,48.0,Good,PM2.5,85.0,72.0,0.04,21.0,74
2019-05-29,28.0,Good,PM2.5,76.0,69.0,3.77,14.0,90
2019-05-30,64.0,Moderate,Ozone,83.0,63.0,0.0,9.0,77
2019-05-31,108.0,Unhealthy for Sensitive Groups,Ozone,83.0,66.0,0.08,8.0,78
2019-06-01,87.0,Moderate,Ozone,87.0,66.0,0.03,9.0,78
2019-06-02,54.0,Moderate,Ozone,85.0,70.0,0.0,9.0,79
2019-06-03,42.0,Good,Ozone,87.0,72.0,0.03,13.0,80
2019-06-04,30.0,Good,Ozone,86.0,74.0,0.0,11.0,79
2019-06-05,20.0,Good,Ozone,80.0,72.0,0.65,12.0,87
2019-06-06,90.0,Moderate,Ozone,85.0,70.0,0.03,9.0,80
2019-06-07,46.0,Good,Ozone,83.0,67.0,0.0,12.0,75
2019-06-08,84.0,Moderate,Ozone,88.0,69.0,0.0,6.0,75
2019-06-09,45.0,Good,Ozone,89.0,71.0,0.0,13.0,75
2019-06-10,42.0,Good,Ozone,81.0,69.0,0.0,15.0,58
2019-06-11,44.0,Good,Ozone,77.0,63.0,0.0,8.0,60
2019-06-12,64.0,Moderate,Ozone,84.0,62.0,0.0,11.0,66
2019-06-13,90.0,Moderate,Ozone,83.0,62.0,0.0,8.0,59
2019-06-14,80.0,Moderate,Ozone,91.0,66.0,0.0,18.0,61
2019-06-15,41.0,Good,Ozone,94.0,74.0,0.01,20.0,62
2019-06-16,48.0,Good,Ozone,83.0,69.0,0.31,18.0,82
2019-06-17,112.0,Unhealthy for Sensitive Groups,Ozone,84.0,66.0,0.32,10.0,79
2019-06-18,101.0,Unhealthy for Sensitive Groups,Ozone,89.0,69.0,0.0,11.0,73
2019-06-19,45.0,Good,PM2.5,91.0,73.0,0.31,16.0,78
2019-06-20,54.0,Moderate,PM2.5,93.0,71.0,0.0,16.0,79
2019-06-21,59.0,Moderate,PM2.5,93.0,78.0,0.01,18.0,73
2019-06-22,56.0,Moderate,PM2.5,89.0,75.0,0.3,18.0,78
2019-06-23,55.0,Moderate,PM2.5,87.0,74.0,1.06,21.0,84
2019-06-24,67.0,Moderate,Ozone,86.0,69.0,0.11,13.0,83
2019-06-25,53.0,Moderate,PM2.5,88.0,69.0,0.03,16.0,81
2019-06-26,75.0,Moderate,PM2.5,84.0,69.0,0.24,16.0,81
2019-06-27,72.0,Moderate,PM2.5,87.0,70.0,0.08,10.0,82
2019-06-28,72.0,Moderate,PM2.5,91.0,73.0,0.0,11.0,77
2019-06-29,77.0,Moderate,PM2.5,89.0,72.0,0.15,15.0,80
2019-06-30,69.0,Moderate,PM2.5,84.0,70.0,0.08,9.0,82
2019-07-01,64.0,Moderate,PM2.5,85.0,72.0,0.13,11.0,85
2019-07-02,49.0,Good,PM2.5,87.0,74.0,0.03,15.0,77
2019-07-03,52.0,Moderate,PM2.5,87.0,73.0,0.02,15.0,81
2019-07-04,78.0,Moderate,PM2.5,87.0,75.0,0.12,14.0,83
2019-07-05,75.0,Moderate,PM2.5,92.0,76.0,0.01,14.0,71
2019-07-06,72.0,Moderate,PM2.5,91.0,77.0,0.0,11.0,74
2019-07-07,71.0,Moderate,PM2.5,94.0,78.0,0.0,11.0,70
2019-07-08,58.0,Moderate,PM2.5,93.0,77.0,0.01,8.0,69
2019-07-09,56.0,Moderate,PM2.5,93.0,79.0,0.06,15.0,76
2019-07-10,45.0,Good,Ozone,92.0,78.0,0.4,10.0,80
2019-07-11,51.0,Moderate,Ozone,93.0,75.0,0.0,11.0,73
2019-07-12,59.0,Moderate,PM2.5,90.0,74.0,0.0,11.0,60
2019-07-13,57.0,Moderate,PM2.5,92.0,74.0,0.06,16.0,68
2019-07-14,31.0,Good,Ozone,89.0,74.0,0.0,15.0,71
2019-07-15,77.0,Moderate,Ozone,93.0,72.0,0.0,10.0,68
2019-07-16,57.0,Moderate,PM2.5,97.0,80.0,0.0,12.0,63
2019-07-17,54.0,Moderate,PM2.5,97.0,78.0,0.0,14.0,58
2019-07-18,52.0,Moderate,PM2.5,97.0,78.0,0.0,15.0,59
2019-07-19,51.0,Moderate,PM2.5,97.0,78.0,0.0,16.0,57
2019-07-20,61.0,Moderate,PM2.5,97.0,78.0,0.0,14.0,58
2019-07-21,66.0,Moderate,PM2.5,96.0,78.0,0.0,12.0,53
2019-07-22,61.0,Moderate,PM2.5,93.0,78.0,0.05,12.0,65
2019-07-23,44.0,Good,Ozone,88.0,74.0,0.0,13.0,49
2019-07-24,74.0,Moderate,Ozone,86.0,72.0,0.0,10.0,52
2019-07-25,64.0,Moderate,Ozone,87.0,66.0,0.0,10.0,53
2019-07-26,63.0,Moderate,PM2.5,89.0,70.0,0.0,10.0,54
2019-07-27,66.0,Moderate,PM2.5,92.0,71.0,0.0,10.0,57
2019-07-28,66.0,Moderate,PM2.5,94.0,76.0,0.0,15.0,66
2019-07-29,59.0,Moderate,PM2.5,96.0,78.0,0.02,11.0,65
2019-07-30,90.0,Moderate,Ozone,98.0,77.0,0.0,12.0,56
2019-07-31,56.0,Moderate,PM2.5,96.0,76.0,0.0,10.0,64
2019-08-01,66.0,Moderate,PM2.5,94.0,77.0,0.0,8.0,58
2019-08-02,77.0,Moderate,Ozone,94.0,78.0,0.0,11.0,62
2019-08-03,63.0,Moderate,PM2.5,86.0,77.0,1.49,13.0,76
2019-08-04,67.0,Moderate,Ozone,87.0,76.0,1.02,10.0,83
2019-08-05,115.0,Unhealthy for Sensitive Groups,Ozone,92.0,77.0,0.11,9.0,76
2019-08-06,97.0,Moderate,Ozone,95.0,77.0,0.09,11.0,67
2019-08-07,58.0,Moderate,Ozone,100.0,81.0,0.0,12.0,57
2019-08-08,37.0,Good,PM2.5,97.0,81.0,0.0,12.0,58
2019-08-09,41.0,Good,Ozone,100.0,81.0,0.0,12.0,54
2019-08-10,52.0,Moderate,PM2.5,99.0,80.0,0.0,13.0,55
2019-08-11,33.0,Good,Ozone,99.0,81.0,0.0,12.0,53
2019-08-12,40.0,Good,Ozone,100.0,82.0,0.0,11.0,53
2019-08-13,52.0,Moderate,PM2.5,98.0,82.0,0.0,10.0,57
2019-08-14,87.0,Moderate,Ozone,92.0,77.0,0.26,10.0,67
2019-08-15,84.0,Moderate,Ozone,96.0,78.0,0.0,7.0,64
2019-08-16,64.0,Moderate,Ozone,100.0,80.0,0.0,12.0,55
2019-08-17,39.0,Good,Ozone,98.0,80.0,0.0,13.0,56
2019-08-18,31.0,Good,Ozone,99.0,80.0,0.0,16.0,53
2019-08-19,46.0,Good,PM2.5,100.0,81.0,0.0,13.0,52
2019-08-20,58.0,Moderate,PM2.5,98.0,82.0,0.0,12.0,53
2019-08-21,67.0,Moderate,PM2.5,97.0,80.0,0.0,13.0,58
2019-08-22,63.0,Moderate,PM2.5,97.0,81.0,0.0,11.0,49
2019-08-23,41.0,Good,Ozone,95.0,80.0,0.05,14.0,61
2019-08-24,39.0,Good,Ozone,90.0,76.0,0.13,10.0,77
2019-08-25,44.0,Good,Ozone,96.0,77.0,0.0,15.0,68
2019-08-26,53.0,Moderate,PM2.5,101.0,80.0,0.0,17.0,61
2019-08-27,43.0,Good,Ozone,90.0,76.0,0.52,15.0,75
2019-08-28,93.0,Moderate,Ozone,89.0,76.0,0.03,7.0,78
2019-08-29,61.0,Moderate,Ozone,92.0,78.0,0.07,9.0,68
2019-08-30,44.0,Good,PM2.5,93.0,77.0,0.11,14.0,69
2019-08-31,48.0,Good,PM2.5,82.0,73.0,0.21,11.0,83
2019-09-01,74.0,Moderate,Ozone,92.0,72.0,0.0,7.0,69
2019-09-02,66.0,Moderate,PM2.5,95.0,76.0,0.0,9.0,56
2019-09-03,60.0,Moderate,PM2.5,94.0,75.0,0.0,7.0,60
2019-09-04,54.0,Moderate,Ozone,97.0,76.0,0.0,11.0,52
2019-09-05,129.0,Unhealthy for Sensitive Groups,Ozone,98.0,78.0,0.0,8.0,51
2019-09-06,143.0,Unhealthy for Sensitive Groups,Ozone,100.0,76.0,0.0,14.0,47
2019-09-07,84.0,Moderate,Ozone,101.0,79.0,0.0,11.0,42
2019-09-08,37.0,Good,Ozone,98.0,78.0,0.0,14.0,43
2019-09-09,51.0,Moderate,PM2.5,94.0,78.0,0.0,15.0,53
2019-09-10,55.0,Moderate,PM2.5,94.0,77.0,0.1,16.0,64
2019-09-11,56.0,Moderate,PM2.5,93.0,75.0,0.02,14.0,67
2019-09-12,47.0,Good,PM2.5,94.0,75.0,0.0,11.0,63
2019-09-13,84.0,Moderate,Ozone,93.0,79.0,0.0,11.0,56
2019-09-14,74.0,Moderate,Ozone,96.0,76.0,0.0,9.0,50
2019-09-15,77.0,Moderate,Ozone,96.0,76.0,0.0,14.0,49
2019-09-16,64.0,Moderate,PM2.5,95.0,77.0,0.0,11.0,52
2019-09-17,43.0,Good,Ozone,93.0,75.0,0.0,12.0,59
2019-09-18,44.0,Good,Ozone,90.0,76.0,0.04,11.0,71
2019-09-19,24.0,Good,Ozone,87.0,74.0,0.02,15.0,75
2019-09-20,33.0,Good,Ozone,89.0,74.0,2.98,17.0,81
2019-09-21,42.0,Good,Ozone,91.0,76.0,0.02,19.0,72
2019-09-22,33.0,Good,Ozone,93.0,76.0,0.0,17.0,65
2019-09-23,41.0,Good,Ozone,94.0,77.0,0.02,14.0,70
2019-09-24,38.0,Good,PM2.5,91.0,77.0,0.24,12.0,76
2019-09-25,43.0,Good,Ozone,97.0,77.0,0.04,13.0,60
2019-09-26,44.0,Good,Ozone,93.0,78.0,0.01,14.0,59
2019-09-27,41.0,Good,Ozone,96.0,75.0,0.0,17.0,57
2019-09-28,39.0,Good,Ozone,95.0,77.0,0.06,17.0,65
2019-09-29,37.0,Good,Ozone,94.0,78.0,0.04,17.0,63
2019-09-30,51.0,Moderate,PM2.5,92.0,76.0,0.03,17.0,66
2019-10-01,50.0,Good,PM2.5,94.0,77.0,0.0,15.0,61
2019-10-02,55.0,Moderate,PM2.5,95.0,76.0,0.0,15.0,58
2019-10-03,64.0,Moderate,Ozone,92.0,76.0,0.0,11.0,58
2019-10-04,74.0,Moderate,Ozone,88.0,75.0,0.04,13.0,70
2019-10-05,67.0,Moderate,Ozone,93.0,71.0,0.0,11.0,62
2019-10-06,67.0,Moderate,Ozone,95.0,70.0,0.34,16.0,57
2019-10-07,41.0,Good,Ozone,80.0,61.0,0.03,15.0,54
2019-10-08,46.0,Good,Ozone,79.0,58.0,0.0,10.0,53
2019-10-09,61.0,Moderate,PM2.5,87.0,63.0,0.0,18.0,61
2019-10-10,36.0,Good,PM2.5,90.0,69.0,1.45,21.0,73
2019-10-11,31.0,Good,Ozone,63.0,46.0,1.54,20.0,58
2019-10-12,42.0,Good,Ozone,62.0,42.0,0.0,11.0,48
2019-10-13,47.0,Good,Ozone,75.0,54.0,0.0,10.0,55
2019-10-14,59.0,Moderate,PM2.5,76.0,61.0,0.5,11.0,83
2019-10-15,45.0,Good,PM2.5,84.0,69.0,0.1,16.0,87
2019-10-16,34.0,Good,Ozone,67.0,55.0,0.01,23.0,49
2019-10-17,58.0,Moderate,PM2.5,71.0,50.0,0.0,6.0,63
2019-10-18,52.0,Moderate,PM2.5,74.0,51.0,0.0,12.0,63
2019-10-19,54.0,Moderate,PM2.5,82.0,62.0,0.05,13.0,60
2019-10-20,56.0,Moderate,PM2.5,88.0,58.0,0.27,20.0,73
2019-10-21,38.0,Good,Ozone,77.0,58.0,0.55,24.0,48
2019-10-22,42.0,Good,PM2.5,70.0,48.0,0.0,8.0,48
2019-10-23,48.0,Good,Ozone,78.0,56.0,0.0,19.0,50
2019-10-24,57.0,Moderate,PM2.5,75.0,56.0,1.59,17.0,81
2019-10-25,18.0,Good,Ozone,54.0,46.0,0.46,19.0,88
2019-10-26,41.0,Good,Ozone,66.0,49.0,0.0,15.0,74
2019-10-27,45.0,Good,Ozone,72.0,50.0,0.0,15.0,60
2019-10-28,54.0,Moderate,PM2.5,68.0,51.0,0.21,12.0,88
2019-10-29,18.0,Good,PM2.5,51.0,45.0,1.51,13.0,89
2019-10-30,23.0,Good,Ozone,50.0,39.0,1.49,22.0,80
2019-10-31,31.0,Good,Ozone,48.0,31.0,0.0,18.0,55
2019-11-01,47.0,Good,PM2.5,57.0,33.0,0.0,12.0,55
2019-11-02,58.0,Moderate,PM2.5,60.0,38.0,0.0,10.0,65
2019-11-03,62.0,Moderate,PM2.5,65.0,41.0,0.0,14.0,62
2019-11-04,55.0,Moderate,PM2.5,75.0,53.0,0.0,16.0,75
2019-11-05,65.0,Moderate,PM2.5,70.0,60.0,0.66,8.0,92
2019-11-06,63.0,Moderate,PM2.5,77.0,63.0,0.1,14.0,84
2019-11-07,34.0,Good,PM2.5,69.0,44.0,0.63,18.0,79
2019-11-08,51.0,Moderate,PM2.5,53.0,41.0,0.0,12.0,65
2019-11-09,52.0,Moderate,PM2.5,65.0,40.0,0.0,10.0,73
2019-11-10,49.0,Good,PM2.5,71.0,50.0,0.0,16.0,71
2019-11-11,29.0,Good,Ozone,68.0,32.0,0.04,33.0,73
2019-11-12,31.0,Good,PM2.5,38.0,22.0,0.0,21.0,50
2019-11-13,32.0,Good,PM2.5,47.0,26.0,0.0,12.0,57
2019-11-14,38.0,Good,PM2.5,55.0,38.0,0.0,11.0,64
2019-11-15,52.0,Moderate,PM2.5,56.0,32.0,0.0,6.0,67
2019-11-16,57.0,Moderate,PM2.5,59.0,36.0,0.0,9.0,67
2019-11-17,58.0,Moderate,PM2.5,64.0,42.0,0.0,8.0,69
2019-11-18,55.0,Moderate,PM2.5,68.0,39.0,0.0,8.0,63
2019-11-19,45.0,Good,PM2.5,73.0,46.0,0.0,13.0,61
2019-11-20,54.0,Moderate,PM2.5,77.0,59.0,0.2,22.0,75
2019-11-21,27.0,Good,Ozone,78.0,56.0,0.27,18.0,88
2019-11-22,10.0,Good,Ozone,56.0,44.0,0.84,16.0,80
2019-11-23,39.0,Good,PM2.5,56.0,37.0,0.0,10.0,72
2019-11-24,51.0,Moderate,PM2.5,67.0,38.0,0.0,12.0,66
2019-11-25,48.0,Good,PM2.5,73.0,49.0,0.0,13.0,57
2019-11-26,59.0,Moderate,PM2.5,72.0,48.0,0.01,18.0,74
2019-11-27,28.0,Good,Ozone,60.0,41.0,0.0,16.0,45
2019-11-28,36.0,Good,PM2.5,51.0,46.0,0.29,13.0,75
2019-11-29,52.0,Moderate,PM2.5,70.0,47.0,1.11,20.0,93
2019-11-30,34.0,Good,Ozone,71.0,57.0,0.21,21.0,67
2019-12-01,34.0,Good,Ozone,55.0,42.0,0.0,16.0,39
2019-12-02,37.0,Good,NO2,53.0,37.0,0.0,10.0,55
2019-12-03,44.0,Good,NO2,66.0,44.0,0.0,14.0,56
2019-12-04,53.0,Moderate,PM2.5,64.0,40.0,0.0,7.0,67
2019-12-05,53.0,Moderate,PM2.5,72.0,50.0,0.0,17.0,63
2019-12-06,34.0,Good,PM2.5,63.0,49.0,0.0,18.0,63
2019-12-07,57.0,Moderate,PM2.5,59.0,39.0,0.0,9.0,70
2019-12-08,63.0,Moderate,PM2.5,71.0,50.0,0.0,20.0,72
2019-12-09,34.0,Good,Ozone,74.0,44.0,0.0,19.0,59
2019-12-10,23.0,Good,NO2,48.0,38.0,0.45,18.0,69
2019-12-11,42.0,Good,PM2.5,51.0,30.0,0.0,7.0,76
2019-12-12,29.0,Good,Ozone,57.0,36.0,0.0,11.0,70
2019-12-13,55.0,Moderate,PM2.5,60.0,43.0,0.0,7.0,83
2019-12-14,59.0,Moderate,PM2.5,61.0,40.0,0.0,11.0,79
2019-12-15,54.0,Moderate,PM2.5,73.0,45.0,0.0,14.0,75
2019-12-16,28.0,Good,Ozone,46.0,37.0,0.07,20.0,73
2019-12-17,42.0,Good,PM2.5,47.0,31.0,0.0,16.0,65
2019-12-18,47.0,Good,PM2.5,55.0,28.0,0.0,7.0,58
2019-12-19,38.0,Good,PM2.5,57.0,32.0,0.0,11.0,48
2019-12-20,54.0,Moderate,PM2.5,51.0,40.0,0.04,11.0,67
2019-12-21,47.0,Good,PM2.5,49.0,44.0,0.02,8.0,88
2019-12-22,48.0,Good,PM2.5,55.0,37.0,0.0,6.0,86
2019-12-23,72.0,Moderate,PM2.5,61.0,35.0,0.0,6.0,81
2019-12-24,55.0,Moderate,PM2.5,68.0,40.0,0.0,10.0,64
2019-12-25,46.0,Good,PM2.5,68.0,48.0,0.0,13.0,69
2019-12-26,63.0,Moderate,PM2.5,70.0,52.0,0.0,8.0,86
2019-12-27,49.0,Good,PM2.5,72.0,57.0,0.02,12.0,81
2019-12-28,23.0,Good,Ozone,67.0,54.0,0.64,21.0,88
2019-12-29,24.0,Good,Ozone,54.0,43.0,0.12,16.0,64
2019-12-30,31.0,Good,Ozone,52.0,36.0,0.0,12.0,49
2019-12-31,46.0,Good,PM2.5,53.0,31.0,0.0,6.0,57
2020-01-01,62.0,Moderate,PM2.5,56.0,43.0,0.0,18.0,48
2020-01-02,38.0,Good,PM2.5,62.0,50.0,0.0,14.0,81
2020-01-03,26.0,Good,Ozone,58.0,46.0,0.02,16.0,76
2020-01-04,44.0,Good,PM2.5,56.0,35.0,0.0,8.0,65
2020-01-05,34.0,Good,PM2.5,68.0,46.0,0.0,16.0,49
2020-01-06,40.0,Good,PM2.5,62.0,37.0,0.0,12.0,67
2020-01-07,40.0,Good,NO2,61.0,38.0,0.0,8.0,49
2020-01-08,41.0,Good,Ozone,62.0,41.0,0.0,20.0,40
2020-01-09,32.0,Good,Ozone,68.0,58.0,0.12,21.0,85
2020-01-10,37.0,Good,PM2.5,70.0,61.0,2.15,27.0,90
2020-01-11,33.0,Good,PM2.5,53.0,32.0,0.24,20.0,73
2020-01-12,41.0,Good,PM2.5,57.0,32.0,0.0,12.0,78
2020-01-13,53.0,Moderate,PM2.5,64.0,42.0,0.0,14.0,88
2020-01-14,52.0,Moderate,PM2.5,67.0,50.0,0.0,9.0,91
2020-01-15,37.0,Good,PM2.5,76.0,59.0,0.22,15.0,89
2020-01-16,52.0,Moderate,PM2.5,62.0,50.0,0.65,16.0,84
2020-01-17,46.0,Good,PM2.5,64.0,48.0,0.52,16.0,91
2020-01-18,29.0,Good,Ozone,63.0,43.0,0.04,19.0,68
2020-01-19,35.0,Good,Ozone,51.0,34.0,0.0,11.0,47
2020-01-20,41.0,Good,NO2,53.0,34.0,0.0,6.0,61
2020-01-21,54.0,Moderate,PM2.5,52.0,35.0,0.01,13.0,67
2020-01-22,38.0,Good,PM2.5,47.0,40.0,0.42,16.0,90
2020-01-23,27.0,Good,NO2,57.0,43.0,0.25,15.0,81
2020-01-24,35.0,Good,NO2,57.0,38.0,0.0,10.0,61
2020-01-25,38.0,Good,Ozone,63.0,40.0,0.02,17.0,65
2020-01-26,29.0,Good,NO2,62.0,49.0,0.01,14.0,86
2020-01-27,53.0,Moderate,PM2.5,63.0,43.0,0.0,12.0,87
2020-01-28,37.0,Good,PM2.5,65.0,44.0,0.69,19.0,81
2020-01-29,21.0,Good,Ozone,50.0,38.0,0.0,19.0,73
2020-01-30,29.0,Good,PM2.5,46.0,40.0,0.02,7.0,76
2020-01-31,36.0,Good,PM2.5,54.0,43.0,0.0,7.0,73
2020-02-01,44.0,Good,PM2.5,62.0,34.0,0.0,7.0,65
2020-02-02,39.0,Good,Ozone,73.0,48.0,0.0,16.0,41
2020-02-03,39.0,Good,PM2.5,71.0,54.0,0.15,20.0,68
2020-02-04,23.0,Good,Ozone,65.0,41.0,0.35,19.0,81
2020-02-05,21.0,Good,Ozone,41.0,34.0,0.24,17.0,78
2020-02-06,42.0,Good,NO2,46.0,28.0,0.01,17.0,60
2020-02-07,37.0,Good,NO2,58.0,34.0,0.0,11.0,57
2020-02-08,37.0,Good,PM2.5,62.0,37.0,0.0,15.0,59
2020-02-09,34.0,Good,PM2.5,72.0,57.0,0.2,25.0,87
2020-02-10,19.0,Good,Ozone,64.0,41.0,0.19,14.0,81
2020-02-11,33.0,Good,PM2.5,44.0,40.0,0.62,13.0,88
2020-02-12,21.0,Good,NO2,53.0,41.0,1.29,14.0,86
2020-02-13,23.0,Good,Ozone,46.0,35.0,0.0,13.0,72
2020-02-14,31.0,Good,PM2.5,50.0,27.0,0.0,10.0,65
2020-02-15,49.0,Good,PM2.5,63.0,38.0,0.0,17.0,71
2020-02-16,40.0,Good,Ozone,73.0,49.0,0.0,14.0,76
2020-02-17,38.0,Good,PM2.5,76.0,58.0,0.0,20.0,84
2020-02-18,36.0,Good,PM2.5,59.0,48.0,0.5,17.0,76
2020-02-19,28.0,Good,PM2.5,51.0,43.0,0.63,11.0,75
2020-02-20,31.0,Good,Ozone,52.0,39.0,0.39,18.0,74
2020-02-21,43.0,Good,PM2.5,47.0,29.0,0.0,11.0,59
2020-02-22,38.0,Good,PM2.5,57.0,36.0,0.0,13.0,62
2020-02-23,34.0,Good,PM2.5,62.0,47.0,0.11,16.0,79
2020-02-24,34.0,Good,Ozone,64.0,50.0,0.0,22.0,69
2020-02-25,34.0,Good,Ozone,58.0,42.0,0.0,15.0,65
2020-02-26,32.0,Good,Ozone,47.0,36.0,0.0,22.0,53
2020-02-27,37.0,Good,Ozone,58.0,28.0,0.0,11.0,54
2020-02-28,44.0,Good,NO2,64.0,36.0,0.0,9.0,55
2020-02-29,50.0,Good,Ozone,71.0,43.0,0.02,18.0,51
2020-03-01,36.0,Good,Ozone,74.0,57.0,0.03,23.0,74
2020-03-02,45.0,Good,PM2.5,76.0,61.0,0.01,16.0,81
2020-03-03,58.0,Moderate,PM2.5,69.0,55.0,0.02,10.0,71
2020-03-04,47.0,Good,PM2.5,60.0,51.0,1.28,20.0,81
2020-03-05,38.0,Good,Ozone,67.0,43.0,0.06,12.0,66
2020-03-06,41.0,Good,NO2,63.0,43.0,0.0,12.0,45
2020-03-07,46.0,Good,PM2.5,61.0,43.0,0.0,14.0,56
2020-03-08,52.0,Moderate,PM2.5,67.0,45.0,0.0,19.0,71
2020-03-09,32.0,Good,Ozone,76.0,60.0,0.16,22.0,81
2020-03-10,35.0,Good,PM2.5,77.0,51.0,0.0,12.0,83
2020-03-11,53.0,Moderate,PM2.5,83.0,64.0,0.0,16.0,76
2020-03-12,53.0,Moderate,PM2.5,83.0,66.0,0.32,18.0,78
2020-03-13,47.0,Good,PM2.5,71.0,58.0,1.21,15.0,91
2020-03-14,29.0,Good,PM2.5,73.0,56.0,0.21,18.0,90
2020-03-15,21.0,Good,PM2.5,62.0,51.0,0.31,12.0,87
2020-03-16,53.0,Moderate,PM2.5,71.0,52.0,1.04,16.0,88
2020-03-17,67.0,Moderate,PM2.5,73.0,60.0,0.83,11.0,92
2020-03-18,40.0,Good,PM2.5,78.0,65.0,1.8,16.0,87
2020-03-19,53.0,Moderate,PM2.5,79.0,68.0,1.02,20.0,86
2020-03-20,23.0,Good,Ozone,67.0,46.0,0.31,15.0,77
2020-03-21,29.0,Good,PM2.5,62.0,41.0,0.58,21.0,75
2020-03-22,33.0,Good,PM2.5,66.0,53.0,0.22,14.0,88
2020-03-23,49.0,Good,PM2.5,71.0,55.0,0.03,10.0,89
2020-03-24,45.0,Good,Ozone,81.0,62.0,0.0,16.0,70
2020-03-25,64.0,Moderate,Ozone,83.0,55.0,0.0,15.0,72
2020-03-26,62.0,Moderate,PM2.5,83.0,67.0,0.0,17.0,75
2020-03-27,63.0,Moderate,PM2.5,81.0,67.0,0.0,21.0,75
2020-03-28,47.0,Good,PM2.5,75.0,57.0,0.39,21.0,59
2020-03-29,40.0,Good,Ozone,71.0,49.0,0.0,10.0,58
2020-03-30,34.0,Good,Ozone,64.0,54.0,0.33,20.0,78
2020-03-31,44.0,Good,Ozone,65.0,50.0,0.04,13.0,77
2020-04-01,44.0,Good,Ozone,71.0,48.0,0.0,14.0,71
2020-04-02,42.0,Good,PM2.5,71.0,57.0,0.13,19.0,79
2020-04-03,31.0,Good,Ozone,70.0,42.0,0.37,19.0,84
2020-04-04,24.0,Good,PM2.5,55.0,43.0,0.16,12.0,83
2020-04-05,43.0,Good,PM2.5,64.0,46.0,0.03,9.0,86
2020-04-06,61.0,Moderate,PM2.5,72.0,59.0,0.19,12.0,90
2020-04-07,39.0,Good,PM2.5,85.0,65.0,0.01,14.0,80
2020-04-08,52.0,Moderate,PM2.5,90.0,72.0,0.0,14.0,69
2020-04-09,53.0,Moderate,PM2.5,75.0,64.0,0.05,13.0,62
2020-04-10,47.0,Good,Ozone,69.0,56.0,0.0,12.0,48
2020-04-11,46.0,Good,PM2.5,67.0,56.0,0.61,14.0,78
2020-04-12,44.0,Good,Ozone,79.0,49.0,1.11,21.0,71
2020-04-13,39.0,Good,Ozone,55.0,39.0,0.0,20.0,53
2020-04-14,37.0,Good,Ozone,55.0,40.0,0.0,13.0,57
2020-04-15,45.0,Good,Ozone,62.0,37.0,0.0,7.0,66
2020-04-16,50.0,Good,Ozone,70.0,47.0,0.0,17.0,61
2020-04-17,45.0,Good,PM2.5,66.0,51.0,0.03,16.0,76
2020-04-18,42.0,Good,PM2.5,66.0,42.0,0.19,9.0,77
2020-04-19,53.0,Moderate,PM2.5,80.0,62.0,0.11,14.0,83
2020-04-20,36.0,Good,PM2.5,73.0,53.0,0.0,7.0,81
2020-04-21,58.0,Moderate,Ozone,81.0,60.0,0.06,12.0,75
2020-04-22,38.0,Good,Ozone,83.0,65.0,0.28,20.0,73
2020-04-23,64.0,Moderate,Ozone,80.0,58.0,0.0,12.0,63
2020-04-24,61.0,Moderate,Ozone,87.0,62.0,0.0,20.0,55
2020-04-25,47.0,Good,Ozone,75.0,56.0,0.0,15.0,52
2020-04-26,51.0,Moderate,Ozone,80.0,52.0,0.0,12.0,55
2020-04-27,61.0,Moderate,Ozone,82.0,62.0,0.0,20.0,52
2020-04-28,55.0,Moderate,PM2.5,88.0,67.0,0.66,22.0,72
2020-04-29,48.0,Good,Ozone,76.0,60.0,1.0,20.0,54
2020-04-30,90.0,Moderate,Ozone,79.0,52.0,0.0,10.0,59
2020-05-01,80.0,Moderate,Ozone,86.0,62.0,0.0,21.0,50
2020-05-02,50.0,Good,PM2.5,89.0,65.0,0.01,21.0,64
2020-05-03,44.0,Good,Ozone,90.0,68.0,0.0,17.0,67
2020-05-04,52.0,Moderate,PM2.5,92.0,69.0,0.0,21.0,62
2020-05-05,48.0,Good,Ozone,79.0,65.0,0.19,16.0,55
2020-05-06,74.0,Moderate,Ozone,81.0,54.0,0.0,9.0,49
2020-05-07,64.0,Moderate,Ozone,86.0,59.0,0.01,23.0,57
2020-05-08,43.0,Good,Ozone,75.0,61.0,0.11,23.0,64
2020-05-09,47.0,Good,Ozone,72.0,54.0,0.0,10.0,53
2020-05-10,49.0,Good,Ozone,75.0,52.0,0.0,9.0,62
2020-05-11,49.0,Good,Ozone,80.0,57.0,0.0,13.0,53
2020-05-12,52.0,Moderate,PM2.5,78.0,66.0,0.63,16.0,77
2020-05-13,41.0,Good,Ozone,84.0,66.0,0.04,16.0,80
2020-05-14,39.0,Good,Ozone,85.0,69.0,0.03,18.0,77
2020-05-15,44.0,Good,Ozone,87.0,70.0,0.04,23.0,75
2020-05-16,41.0,Good,Ozone,69.0,65.0,2.63,26.0,90
2020-05-17,44.0,Good,Ozone,82.0,64.0,0.06,15.0,72
2020-05-18,101.0,Unhealthy for Sensitive Groups,Ozone,86.0,60.0,0.0,7.0,70
2020-05-19,115.0,Unhealthy for Sensitive Groups,Ozone,90.0,69.0,0.0,17.0,73
2020-05-20,52.0,Moderate,PM2.5,80.0,70.0,0.0,13.0,79
2020-05-21,67.0,Moderate,PM2.5,81.0,67.0,0.24,14.0,86
2020-05-22,55.0,Moderate,PM2.5,82.0,72.0,0.17,16.0,85
2020-05-23,43.0,Good,Ozone,86.0,68.0,0.0,18.0,78
2020-05-24,31.0,Good,Ozone,81.0,68.0,0.48,16.0,84
2020-05-25,38.0,Good,Ozone,71.0,65.0,2.64,15.0,90
2020-05-26,34.0,Good,Ozone,73.0,61.0,0.0,11.0,79
2020-05-27,77.0,Moderate,Ozone,82.0,58.0,0.01,6.0,74
2020-05-28,64.0,Moderate,Ozone,83.0,65.0,0.02,9.0,71
2020-05-29,64.0,Moderate,Ozone,84.0,65.0,0.0,11.0,68
2020-05-30,58.0,Moderate,Ozone,84.0,64.0,0.0,8.0,61
2020-05-31,58.0,Moderate,Ozone,85.0,65.0,0.0,10.0,61
2020-06-01,77.0,Moderate,Ozone,84.0,67.0,0.02,9.0,60
2020-06-02,71.0,Moderate,PM2.5,86.0,69.0,0.11,11.0,74
2020-06-03,55.0,Moderate,PM2.5,90.0,72.0,0.0,11.0,66
2020-06-04,39.0,Good,Ozone,94.0,75.0,0.0,12.0,64
2020-06-05,59.0,Moderate,PM2.5,95.0,76.0,0.0,12.0,60
2020-06-06,52.0,Moderate,PM2.5,94.0,74.0,0.0,11.0,62
2020-06-07,44.0,Good,Ozone,93.0,75.0,0.0,12.0,62
2020-06-08,101.0,Unhealthy for Sensitive Groups,Ozone,95.0,76.0,0.0,8.0,60
2020-06-09,93.0,Moderate,Ozone,100.0,76.0,0.0,21.0,39
2020-06-10,45.0,Good,Ozone,89.0,66.0,0.0,15.0,33
2020-06-11,74.0,Moderate,Ozone,90.0,64.0,0.0,9.0,44
2020-06-12,74.0,Moderate,Ozone,90.0,65.0,0.0,7.0,48
2020-06-13,77.0,Moderate,Ozone,92.0,69.0,0.0,9.0,46
2020-06-14,67.0,Moderate,Ozone,93.0,69.0,0.0,10.0,47
2020-06-15,61.0,Moderate,Ozone,91.0,72.0,0.02,12.0,50
2020-06-16,50.0,Good,Ozone,90.0,75.0,0.06,15.0,56
2020-06-17,58.0,Moderate,Ozone,95.0,75.0,0.0,13.0,48
2020-06-18,54.0,Moderate,PM2.5,94.0,74.0,0.0,14.0,48
2020-06-19,48.0,Good,PM2.5,93.0,76.0,0.09,14.0,58
2020-06-20,54.0,Moderate,Ozone,92.0,71.0,0.0,14.0,69
2020-06-21,36.0,Good,Ozone,85.0,71.0,1.33,14.0,81
2020-06-22,47.0,Good,Ozone,94.0,73.0,0.0,15.0,69
2020-06-23,26.0,Good,Ozone,80.0,72.0,1.18,14.0,85
2020-06-24,50.0,Good,Ozone,87.0,70.0,0.0,9.0,77
2020-06-25,44.0,Good,Ozone,89.0,71.0,0.02,12.0,78
2020-06-26,93.0,Moderate,PM2.5,86.0,75.0,0.13,18.0,76
2020-06-27,135.0,Unhealthy for Sensitive Groups,PM2.5,89.0,74.0,0.11,18.0,72
2020-06-28,73.0,Moderate,PM2.5,88.0,77.0,0.13,20.0,77
2020-06-29,61.0,Moderate,PM2.5,92.0,77.0,0.0,21.0,71
2020-06-30,75.0,Moderate,PM2.5,94.0,79.0,0.0,18.0,71
2020-07-01,71.0,Moderate,PM2.5,94.0,78.0,0.0,16.0,71
2020-07-02,71.0,Moderate,PM2.5,90.0,78.0,0.15,11.0,75
2020-07-03,97.0,Moderate,Ozone,94.0,76.0,0.0,13.0,64
2020-07-04,73.0,Moderate,PM2.5,95.0,75.0,0.0,9.0,65
2020-07-05,76.0,Moderate,PM2.5,91.0,77.0,0.02,12.0,68
2020-07-06,44.0,Good,Ozone,89.0,76.0,0.33,8.0,80
2020-07-07,45.0,Good,Ozone,87.0,74.0,0.26,9.0,84
2020-07-08,64.0,Moderate,PM2.5,90.0,75.0,0.09,12.0,82
2020-07-09,70.0,Moderate,PM2.5,94.0,77.0,0.0,15.0,67
2020-07-10,55.0,Moderate,PM2.5,93.0,77.0,0.0,12.0,68
2020-07-11,51.0,Moderate,PM2.5,97.0,79.0,0.0,11.0,67
2020-07-12,77.0,Moderate,Ozone,101.0,76.0,0.0,12.0,57
2020-07-13,54.0,Moderate,PM2.5,101.0,82.0,0.0,17.0,57
2020-07-14,68.0,Moderate,PM2.5,101.0,80.0,0.0,19.0,50
2020-07-15,64.0,Moderate,PM2.5,98.0,80.0,0.02,18.0,57
2020-07-16,87.0,Moderate,PM2.5,98.0,80.0,0.0,11.0,55
2020-07-17,73.0,Moderate,PM2.5,94.0,79.0,0.05,12.0,58
2020-07-18,55.0,Moderate,PM2.5,94.0,77.0,0.0,13.0,63
2020-07-19,51.0,Moderate,PM2.5,94.0,78.0,0.0,12.0,60
2020-07-20,48.0,Good,PM2.5,93.0,78.0,0.02,14.0,65
2020-07-21,35.0,Good,Ozone,88.0,76.0,0.07,13.0,76
2020-07-22,42.0,Good,Ozone,89.0,74.0,0.24,9.0,81
2020-07-23,41.0,Good,PM2.5,92.0,77.0,0.13,13.0,74
2020-07-24,38.0,Good,Ozone,95.0,78.0,0.01,15.0,63
2020-07-25,31.0,Good,Ozone,95.0,77.0,0.04,14.0,67
2020-07-26,39.0,Good,PM2.5,89.0,77.0,0.04,11.0,75
2020-07-27,48.0,Good,Ozone,91.0,75.0,0.01,10.0,73
2020-07-28,22.0,Good,PM2.5,85.0,78.0,0.67,8.0,77
2020-07-29,42.0,Good,Ozone,92.0,77.0,0.03,15.0,73
2020-07-30,40.0,Good,PM2.5,96.0,78.0,0.01,13.0,63
2020-07-31,47.0,Good,Ozone,91.0,75.0,0.15,14.0,62
2020-08-01,80.0,Moderate,Ozone,90.0,71.0,0.0,6.0,58
2020-08-02,80.0,Moderate,Ozone,94.0,72.0,0.0,10.0,53
2020-08-03,84.0,Moderate,Ozone,93.0,72.0,0.0,9.0,57
2020-08-04,108.0,Unhealthy for Sensitive Groups,Ozone,91.0,74.0,0.0,12.0,49
2020-08-05,60.0,Moderate,PM2.5,91.0,76.0,0.06,13.0,61
2020-08-06,57.0,Moderate,PM2.5,97.0,76.0,0.01,14.0,60
2020-08-07,61.0,Moderate,PM2.5,97.0,79.0,0.0,14.0,53
2020-08-08,49.0,Good,PM2.5,97.0,80.0,0.0,13.0,50
2020-08-09,60.0,Moderate,PM2.5,97.0,80.0,0.0,15.0,53
2020-08-10,66.0,Moderate,PM2.5,98.0,80.0,0.0,15.0,52
2020-08-11,38.0,Good,PM2.5,99.0,80.0,0.0,14.0,52
2020-08-12,46.0,Good,PM2.5,100.0,82.0,0.0,15.0,52
2020-08-13,60.0,Moderate,PM2.5,102.0,82.0,0.0,13.0,47
2020-08-14,60.0,Moderate,PM2.5,103.0,83.0,0.0,14.0,44
2020-08-15,48.0,Good,Ozone,103.0,81.0,0.0,11.0,44
2020-08-16,56.0,Moderate,PM2.5,102.0,78.0,0.29,21.0,54
2020-08-17,133.0,Unhealthy for Sensitive Groups,Ozone,95.0,75.0,0.0,7.0,61
2020-08-18,50.0,Good,Ozone,96.0,76.0,0.0,12.0,53
2020-08-19,49.0,Good,Ozone,92.0,70.0,0.0,8.0,46
2020-08-20,67.0,Moderate,Ozone,91.0,71.0,0.0,10.0,47
2020-08-21,87.0,Moderate,Ozone,92.0,70.0,0.0,10.0,46
2020-08-22,64.0,Moderate,Ozone,94.0,73.0,0.0,8.0,44
2020-08-23,71.0,Moderate,Ozone,94.0,73.0,0.0,8.0,49
2020-08-24,64.0,Moderate,Ozone,95.0,76.0,0.0,11.0,43
2020-08-25,56.0,Moderate,PM2.5,94.0,76.0,0.02,10.0,55
2020-08-26,31.0,Good,Ozone,91.0,77.0,0.18,14.0,72
2020-08-27,44.0,Good,Ozone,92.0,74.0,0.01,11.0,69
2020-08-28,67.0,Moderate,Ozone,101.0,77.0,0.0,16.0,58
2020-08-29,44.0,Good,Ozone,104.0,80.0,0.0,16.0,53
2020-08-30,33.0,Good,Ozone,95.0,75.0,0.84,16.0,62
2020-08-31,56.0,Moderate,PM2.5,98.0,80.0,0.12,17.0,63
2020-09-01,42.0,Good,PM2.5,95.0,77.0,1.49,18.0,71
2020-09-02,31.0,Good,Ozone,83.0,74.0,1.47,17.0,85
2020-09-03,37.0,Good,Ozone,80.0,72.0,0.28,10.0,89
2020-09-04,44.0,Good,Ozone,84.0,73.0,0.09,9.0,86
2020-09-05,33.0,Good,Ozone,87.0,74.0,0.23,7.0,79
2020-09-06,56.0,Moderate,PM2.5,89.0,71.0,0.0,9.0,77
2020-09-07,42.0,Good,Ozone,91.0,76.0,0.01,11.0,71
2020-09-08,33.0,Good,Ozone,86.0,76.0,0.19,13.0,79
2020-09-09,44.0,Good,PM2.5,85.0,64.0,0.65,11.0,86
2020-09-10,18.0,Good,Ozone,69.0,58.0,0.27,12.0,84
2020-09-11,37.0,Good,Ozone,77.0,64.0,0.01,9.0,80
2020-09-12,41.0,Good,Ozone,84.0,67.0,0.0,6.0,79
2020-09-13,33.0,Good,Ozone,87.0,69.0,0.01,11.0,74
2020-09-14,53.0,Moderate,PM2.5,86.0,67.0,0.02,11.0,66
2020-09-15,58.0,Moderate,PM2.5,85.0,72.0,0.05,9.0,77
2020-09-16,55.0,Moderate,PM2.5,85.0,71.0,0.07,9.0,78
2020-09-17,51.0,Moderate,PM2.5,86.0,72.0,0.06,10.0,75
2020-09-18,61.0,Moderate,PM2.5,85.0,68.0,0.01,11.0,68
2020-09-19,69.0,Moderate,PM2.5,82.0,64.0,0.0,11.0,62
2020-09-20,57.0,Moderate,PM2.5,82.0,60.0,0.0,12.0,63
2020-09-21,55.0,Moderate,PM2.5,73.0,67.0,0.56,13.0,81
2020-09-22,15.0,Good,Ozone,75.0,66.0,0.22,10.0,89
2020-09-23,23.0,Good,Ozone,75.0,65.0,0.0,12.0,81
2020-09-24,35.0,Good,Ozone,78.0,63.0,0.0,9.0,76
2020-09-25,41.0,Good,Ozone,80.0,59.0,0.0,9.0,79
2020-09-26,48.0,Good,Ozone,85.0,64.0,0.0,13.0,74
2020-09-27,57.0,Moderate,PM2.5,89.0,71.0,0.02,21.0,74
2020-09-28,39.0,Good,Ozone,79.0,61.0,0.02,24.0,49
2020-09-29,41.0,Good,Ozone,79.0,52.0,0.0,12.0,44
2020-09-30,77.0,Moderate,Ozone,88.0,60.0,0.0,10.0,36
2020-10-01,42.0,Good,Ozone,81.0,59.0,0.0,14.0,45
2020-10-02,39.0,Good,Ozone,75.0,56.0,0.0,7.0,47
2020-10-03,67.0,Moderate,Ozone,84.0,58.0,0.0,12.0,45
2020-10-04,46.0,Good,PM2.5,78.0,62.0,0.05,12.0,54
2020-10-05,42.0,Good,PM2.5,78.0,55.0,0.0,10.0,59
2020-10-06,80.0,Moderate,Ozone,86.0,60.0,0.0,10.0,61
2020-10-07,67.0,Moderate,PM2.5,88.0,63.0,0.0,9.0,58
2020-10-08,66.0,Moderate,PM2.5,86.0,62.0,0.0,9.0,57
2020-10-09,57.0,Moderate,PM2.5,87.0,69.0,0.0,10.0,80
2020-10-10,51.0,Moderate,PM2.5,87.0,64.0,0.0,7.0,75
2020-10-11,58.0,Moderate,Ozone,96.0,69.0,0.0,15.0,58
2020-10-12,72.0,Moderate,PM10,83.0,63.0,0.0,19.0,41
2020-10-13,53.0,Moderate,PM2.5,82.0,54.0,0.0,7.0,48
2020-10-14,64.0,Moderate,PM2.5,90.0,61.0,0.0,18.0,55
2020-10-15,49.0,Good,PM2.5,78.0,67.0,0.04,21.0,58
2020-10-16,39.0,Good,Ozone,71.0,56.0,0.0,17.0,34
2020-10-17,52.0,Moderate,PM2.5,79.0,54.0,0.0,19.0,58
2020-10-18,48.0,Good,PM2.5,89.0,71.0,0.02,20.0,67
2020-10-19,49.0,Good,PM2.5,72.0,58.0,0.0,9.0,71
2020-10-20,50.0,Good,PM2.5,85.0,62.0,0.06,15.0,74
2020-10-21,48.0,Good,PM2.5,83.0,69.0,0.0,13.0,72
2020-10-22,45.0,Good,PM2.5,85.0,69.0,0.01,16.0,71
2020-10-23,26.0,Good,Ozone,75.0,51.0,0.75,20.0,76
2020-10-24,26.0,Good,Ozone,61.0,46.0,0.0,13.0,62
2020-10-25,56.0,Moderate,PM2.5,69.0,51.0,0.04,12.0,79
2020-10-26,11.0,Good,Ozone,57.0,42.0,0.66,16.0,89
2020-10-27,11.0,Good,NO2,46.0,39.0,0.19,14.0,87
2020-10-28,18.0,Good,NO2,51.0,39.0,0.83,15.0,83
2020-10-29,29.0,Good,PM2.5,59.0,41.0,0.0,18.0,68
2020-10-30,47.0,Good,PM2.5,63.0,39.0,0.0,7.0,69
2020-10-31,54.0,Moderate,PM2.5,68.0,45.0,0.0,11.0,71
2020-11-01,53.0,Moderate,PM2.5,70.0,48.0,0.0,13.0,63
2020-11-02,52.0,Moderate,PM2.5,67.0,42.0,0.0,8.0,58
2020-11-03,44.0,Good,PM2.5,74.0,46.0,0.0,11.0,51
2020-11-04,44.0,Good,Ozone,73.0,53.0,0.0,15.0,54
2020-11-05,43.0,Good,PM2.5,78.0,58.0,0.0,14.0,71
2020-11-06,53.0,Moderate,PM2.5,74.0,62.0,0.0,12.0,73
2020-11-07,61.0,Moderate,PM2.5,74.0,54.0,0.0,9.0,69
2020-11-08,54.0,Moderate,PM2.5,74.0,59.0,0.0,15.0,80
2020-11-09,32.0,Good,Ozone,79.0,63.0,0.0,17.0,77
2020-11-10,31.0,Good,NO2,72.0,55.0,0.04,15.0,65
2020-11-11,42.0,Good,NO2,71.0,44.0,0.0,8.0,57
2020-11-12,54.0,Moderate,PM2.5,79.0,53.0,0.0,12.0,58
2020-11-13,55.0,Moderate,PM2.5,72.0,56.0,0.06,13.0,75
2020-11-14,56.0,Moderate,PM2.5,84.0,64.0,0.01,23.0,75
2020-11-15,37.0,Good,Ozone,73.0,50.0,0.0,26.0,31
2020-11-16,57.0,Moderate,PM2.5,68.0,39.0,0.0,8.0,44
2020-11-17,65.0,Moderate,PM2.5,72.0,45.0,0.0,7.0,49
2020-11-18,56.0,Moderate,PM2.5,73.0,49.0,0.0,14.0,44
2020-11-19,53.0,Moderate,PM2.5,76.0,54.0,0.0,19.0,62
2020-11-20,51.0,Moderate,PM2.5,76.0,60.0,0.0,15.0,75
2020-11-21,38.0,Good,PM2.5,73.0,64.0,0.14,9.0,82
2020-11-22,31.0,Good,PM2.5,65.0,51.0,0.08,13.0,75
2020-11-23,54.0,Moderate,PM2.5,62.0,46.0,0.0,11.0,74
2020-11-24,47.0,Good,PM2.5,70.0,55.0,0.36,19.0,89
2020-11-25,38.0,Good,NO2,67.0,46.0,0.0,19.0,49
2020-11-26,54.0,Moderate,PM2.5,72.0,44.0,0.0,13.0,65
2020-11-27,34.0,Good,Ozone,63.0,55.0,0.03,14.0,70
2020-11-28,28.0,Good,PM2.5,64.0,51.0,0.35,14.0,67
2020-11-29,31.0,Good,Ozone,54.0,45.0,0.24,20.0,74
2020-11-30,35.0,Good,NO2,49.0,34.0,0.0,18.0,47
2020-12-01,33.0,Good,Ozone,55.0,33.0,0.0,19.0,43
2020-12-02,36.0,Good,PM2.5,60.0,41.0,0.06,14.0,74
2020-12-03,37.0,Good,PM2.5,51.0,35.0,0.0,14.0,71
2020-12-04,56.0,Moderate,PM2.5,54.0,33.0,0.0,8.0,66
2020-12-05,61.0,Moderate,PM2.5,59.0,32.0,0.01,6.0,65
2020-12-06,31.0,Good,Ozone,58.0,45.0,0.08,12.0,66
2020-12-07,41.0,Good,PM2.5,61.0,37.0,0.0,8.0,64
2020-12-08,56.0,Moderate,PM2.5,68.0,41.0,0.0,8.0,52
2020-12-09,55.0,Moderate,PM2.5,75.0,41.0,0.0,8.0,50
2020-12-10,46.0,Good,Ozone,74.0,46.0,0.0,17.0,41
2020-12-11,36.0,Good,PM2.5,69.0,50.0,0.39,15.0,82
2020-12-12,27.0,Good,PM2.5,54.0,40.0,0.0,8.0,67
2020-12-13,37.0,Good,PM2.5,44.0,37.0,0.54,19.0,82
2020-12-14,44.0,Good,PM2.5,48.0,31.0,0.0,13.0,69
2020-12-15,55.0,Moderate,PM2.5,45.0,36.0,0.02,11.0,84
2020-12-16,53.0,Moderate,PM2.5,45.0,33.0,0.03,12.0,77
2020-12-17,58.0,Moderate,PM2.5,58.0,29.0,0.0,11.0,67
2020-12-18,42.0,Good,PM2.5,62.0,39.0,0.0,18.0,70
2020-12-19,46.0,Good,PM2.5,59.0,43.0,0.07,15.0,84
2020-12-20,59.0,Moderate,PM2.5,62.0,34.0,0.0,10.0,70
2020-12-21,44.0,Good,NO2,69.0,40.0,0.0,8.0,59
2020-12-22,43.0,Good,Ozone,68.0,44.0,0.0,18.0,69
2020-12-23,31.0,Good,Ozone,70.0,40.0,0.0,26.0,57
2020-12-24,34.0,Good,Ozone,53.0,31.0,0.0,21.0,33
2020-12-25,58.0,Moderate,PM2.5,58.0,32.0,0.0,8.0,47
2020-12-26,40.0,Good,Ozone,67.0,39.0,0.0,16.0,38
2020-12-27,38.0,Good,Ozone,73.0,51.0,0.0,20.0,56
2020-12-28,28.0,Good,PM2.5,59.0,47.0,0.04,13.0,61
2020-12-29,36.0,Good,Ozone,70.0,54.0,0.06,22.0,81
2020-12-30,21.0,Good,Ozone,63.0,41.0,1.0,21.0,88
2020-12-31,23.0,Good,Ozone,42.0,38.0,2.24,20.0,89
2021-01-01,30.0,Good,Ozone,44.0,36.0,0.02,18.0,76
2021-01-02,32.0,Good,Ozone,53.0,35.0,0.0,10.0,66
2021-01-03,37.0,Good,NO2,62.0,40.0,0.0,15.0,56
2021-01-04,55.0,Moderate,PM2.5,63.0,38.0,0.0,8.0,72
2021-01-05,52.0,Moderate,PM2.5,62.0,36.0,0.0,12.0,70
2021-01-06,33.0,Good,PM2.5,60.0,46.0,0.54,20.0,77
2021-01-07,25.0,Good,Ozone,49.0,44.0,0.05,17.0,69
2021-01-08,30.0,Good,Ozone,48.0,37.0,0.0,10.0,70
2021-01-09,45.0,Good,PM2.5,46.0,28.0,0.0,8.0,73
2021-01-10,61.0,Moderate,PM2.5,39.0,35.0,0.2,11.0,82
2021-01-11,58.0,Moderate,PM2.5,45.0,31.0,0.02,9.0,75
2021-01-12,57.0,Moderate,PM2.5,51.0,28.0,0.0,7.0,71
2021-01-13,55.0,Moderate,PM2.5,59.0,33.0,0.0,12.0,66
2021-01-14,36.0,Good,Ozone,61.0,44.0,0.0,21.0,47
2021-01-15,33.0,Good,Ozone,52.0,40.0,0.0,25.0,29
2021-01-16,44.0,Good,PM10,54.0,33.0,0.0,9.0,38
2021-01-17,52.0,Moderate,PM2.5,59.0,39.0,0.0,11.0,48
2021-01-18,53.0,Moderate,PM2.5,63.0,37.0,0.01,17.0,67
2021-01-19,29.0,Good,Ozone,56.0,50.0,0.65,14.0,61
2021-01-20,27.0,Good,NO2,50.0,45.0,0.28,9.0,73
2021-01-21,41.0,Good,PM2.5,58.0,47.0,0.07,10.0,89
2021-01-22,55.0,Moderate,PM2.5,54.0,47.0,0.08,10.0,91
2021-01-23,47.0,Good,PM2.5,57.0,48.0,0.03,10.0,90
2021-01-24,34.0,Good,PM2.5,64.0,53.0,0.4,11.0,95
2021-01-25,38.0,Good,NO2,69.0,51.0,0.09,26.0,67
2021-01-26,35.0,Good,NO2,56.0,38.0,0.0,11.0,62
2021-01-27,56.0,Moderate,PM2.5,49.0,37.0,0.0,17.0,67
2021-01-28,56.0,Moderate,PM2.5,48.0,29.0,0.0,8.0,72
2021-01-29,54.0,Moderate,PM2.5,60.0,36.0,0.0,14.0,73
2021-01-30,63.0,Moderate,PM2.5,72.0,54.0,0.12,27.0,63
2021-01-31,33.0,Good,Ozone,57.0,42.0,0.0,21.0,57
2021-02-01,38.0,Good,NO2,56.0,35.0,0.0,11.0,61
2021-02-02,39.0,Good,NO2,60.0,36.0,0.0,9.0,62
2021-02-03,51.0,Moderate,PM2.5,68.0,43.0,0.0,19.0,69
2021-02-04,33.0,Good,Ozone,67.0,48.0,0.0,20.0,66
2021-02-05,35.0,Good,Ozone,56.0,40.0,0.0,11.0,50
2021-02-06,33.0,Good,PM2.5,60.0,42.0,0.04,19.0,75
2021-02-07,33.0,Good,Ozone,56.0,35.0,0.0,11.0,78
2021-02-08,48.0,Good,PM2.5,67.0,43.0,0.04,14.0,84
2021-02-09,14.0,Good,NO2,48.0,34.0,0.02,10.0,74
2021-02-10,20.0,Good,Ozone,41.0,30.0,0.23,13.0,82
2021-02-11,43.0,Good,PM2.5,41.0,25.0,0.07,14.0,68
2021-02-12,59.0,Moderate,PM2.5,36.0,20.0,0.0,13.0,57
2021-02-13,52.0,Moderate,PM2.5,33.0,20.0,0.01,14.0,52
2021-02-14,52.0,Moderate,PM2.5,23.0,10.0,0.21,17.0,60
2021-02-15,32.0,Good,Ozone,11.0,6.0,0.02,18.0,68
2021-02-16,38.0,Good,Ozone,18.0,-2.0,0.01,9.0,69
2021-02-17,32.0,Good,Ozone,26.0,19.0,0.15,9.0,86
2021-02-18,56.0,Moderate,PM2.5,28.0,16.0,0.0,14.0,79
2021-02-19,64.0,Moderate,PM2.5,33.0,10.0,0.0,8.0,76
2021-02-20,56.0,Moderate,PM2.5,52.0,25.0,0.0,16.0,69
2021-02-21,39.0,Good,PM2.5,69.0,44.0,0.0,20.0,70
2021-02-22,43.0,Good,Ozone,66.0,34.0,0.0,10.0,61
2021-02-23,48.0,Good,Ozone,75.0,47.0,0.0,20.0,56
2021-02-24,44.0,Good,Ozone,68.0,56.0,0.0,19.0,61
2021-02-25,29.0,Good,Ozone,58.0,45.0,1.04,12.0,62
2021-02-26,34.0,Good,PM2.5,63.0,48.0,1.46,10.0,87
2021-02-27,55.0,Moderate,PM2.5,73.0,49.0,1.19,17.0,89
2021-02-28,49.0,Good,PM2.5,72.0,54.0,0.39,16.0,84
2021-03-01,33.0,Good,Ozone,56.0,47.0,0.31,18.0,63
2021-03-02,39.0,Good,NO2,59.0,43.0,0.01,6.0,62
2021-03-03,46.0,Good,Ozone,65.0,38.0,0.0,10.0,62
2021-03-04,71.0,Moderate,Ozone,69.0,47.0,0.0,15.0,63
2021-03-05,41.0,Good,Ozone,68.0,51.0,0.01,18.0,70
2021-03-06,41.0,Good,Ozone,61.0,43.0,0.0,13.0,64
2021-03-07,48.0,Good,PM2.5,64.0,42.0,0.0,12.0,55
2021-03-08,55.0,Moderate,PM2.5,67.0,44.0,0.0,14.0,52
2021-03-09,53.0,Moderate,PM2.5,70.0,55.0,0.06,20.0,77
2021-03-10,38.0,Good,Ozone,74.0,61.0,0.02,21.0,72
2021-03-11,45.0,Good,PM2.5,78.0,66.0,0.05,21.0,74
2021-03-12,45.0,Good,PM2.5,79.0,65.0,0.13,20.0,82
2021-03-13,38.0,Good,Ozone,76.0,65.0,0.07,19.0,76
2021-03-14,54.0,Moderate,PM2.5,70.0,54.0,0.27,21.0,64
2021-03-15,46.0,Good,Ozone,78.0,52.0,0.0,15.0,42
2021-03-16,31.0,Good,Ozone,78.0,55.0,0.0,17.0,74
2021-03-17,60.0,Moderate,PM2.5,69.0,47.0,0.39,28.0,60
2021-03-18,37.0,Good,Ozone,60.0,44.0,0.0,20.0,50
2021-03-19,45.0,Good,Ozone,64.0,42.0,0.0,13.0,61
2021-03-20,56.0,Moderate,PM2.5,65.0,42.0,0.0,11.0,67
2021-03-21,52.0,Moderate,PM2.5,67.0,45.0,0.0,16.0,65
2021-03-22,55.0,Moderate,PM2.5,63.0,55.0,0.89,20.0,83
2021-03-23,42.0,Good,Ozone,71.0,48.0,0.0,15.0,62
2021-03-24,44.0,Good,PM2.5,75.0,50.0,0.74,16.0,69
2021-03-25,38.0,Good,Ozone,67.0,53.0,1.06,17.0,74
2021-03-26,51.0,Moderate,Ozone,75.0,49.0,0.0,15.0,65
2021-03-27,64.0,Moderate,PM2.5,79.0,57.0,0.01,19.0,76
2021-03-28,44.0,Good,Ozone,70.0,53.0,0.0,17.0,49
2021-03-29,51.0,Moderate,Ozone,74.0,48.0,0.0,16.0,51
2021-03-30,46.0,Good,PM2.5,81.0,58.0,0.05,21.0,68
2021-03-31,44.0,Good,Ozone,66.0,53.0,0.06,19.0,39
2021-04-01,61.0,Moderate,Ozone,65.0,42.0,0.0,7.0,45
2021-04-02,62.0,Moderate,PM2.5,66.0,44.0,0.0,14.0,48
2021-04-03,50.0,Good,PM2.5,71.0,53.0,0.0,13.0,52
2021-04-04,46.0,Good,PM2.5,73.0,58.0,0.0,11.0,64
2021-04-05,49.0,Good,PM2.5,77.0,57.0,0.0,16.0,66
2021-04-06,42.0,Good,PM2.5,82.0,63.0,0.03,24.0,70
2021-04-07,45.0,Good,Ozone,79.0,61.0,0.05,21.0,53
2021-04-08,54.0,Moderate,Ozone,82.0,50.0,0.0,13.0,49
2021-04-09,71.0,Moderate,PM2.5,85.0,66.0,0.1,23.0,74
2021-04-10,44.0,Good,Ozone,73.0,52.0,0.0,20.0,45
2021-04-11,58.0,Moderate,Ozone,83.0,52.0,0.0,14.0,44
2021-04-12,57.0,Moderate,PM2.5,86.0,63.0,0.0,13.0,50
2021-04-13,67.0,Moderate,Ozone,79.0,55.0,0.08,12.0,57
2021-04-14,41.0,Good,PM2.5,72.0,56.0,0.63,13.0,76
2021-04-15,34.0,Good,Ozone,70.0,56.0,0.58,14.0,79
2021-04-16,38.0,Good,PM2.5,63.0,56.0,0.82,11.0,88
2021-04-17,35.0,Good,Ozone,62.0,48.0,0.0,17.0,62
2021-04-18,41.0,Good,Ozone,66.0,46.0,0.0,11.0,58
2021-04-19,61.0,Moderate,Ozone,71.0,45.0,0.0,12.0,54
2021-04-20,39.0,Good,Ozone,61.0,44.0,0.0,18.0,54
2021-04-21,44.0,Good,Ozone,60.0,38.0,0.0,9.0,50
2021-04-22,43.0,Good,Ozone,64.0,48.0,0.04,13.0,53
2021-04-23,52.0,Moderate,PM2.5,72.0,59.0,0.39,16.0,86
2021-04-24,38.0,Good,Ozone,75.0,56.0,0.0,14.0,78
2021-04-25,48.0,Good,Ozone,79.0,51.0,0.0,14.0,74
2021-04-26,51.0,Moderate,Ozone,81.0,63.0,0.0,20.0,69
2021-04-27,52.0,Moderate,PM2.5,79.0,67.0,0.02,19.0,81
2021-04-28,60.0,Moderate,PM2.5,86.0,69.0,0.42,23.0,80
2021-04-29,27.0,Good,PM2.5,76.0,67.0,2.24,15.0,86
2021-04-30,49.0,Good,PM2.5,72.0,64.0,0.53,17.0,84
2021-05-01,54.0,Moderate,PM2.5,73.0,63.0,0.58,10.0,91
2021-05-02,42.0,Good,Ozone,79.0,64.0,0.09,13.0,81
2021-05-03,52.0,Moderate,PM2.5,87.0,67.0,0.91,19.0,81
2021-05-04,39.0,Good,Ozone,72.0,60.0,0.0,14.0,77
2021-05-05,51.0,Moderate,Ozone,72.0,51.0,0.0,8.0,64
2021-05-06,80.0,Moderate,Ozone,79.0,56.0,0.0,8.0,66
2021-05-07,77.0,Moderate,Ozone,82.0,58.0,0.0,15.0,68
2021-05-08,39.0,Good,Ozone,86.0,64.0,0.02,25.0,66
2021-05-09,40.0,Good,Ozone,85.0,68.0,0.08,20.0,71
2021-05-10,28.0,Good,Ozone,65.0,56.0,1.24,14.0,81
2021-05-11,19.0,Good,Ozone,66.0,57.0,0.63,16.0,91
2021-05-12,29.0,Good,Ozone,67.0,56.0,0.01,11.0,81
2021-05-13,49.0,Good,Ozone,72.0,57.0,0.0,9.0,66
2021-05-14,46.0,Good,PM2.5,75.0,59.0,0.0,11.0,66
2021-05-15,55.0,Moderate,PM2.5,79.0,62.0,0.0,15.0,73
2021-05-16,31.0,Good,Ozone,74.0,67.0,0.92,18.0,91
2021-05-17,43.0,Good,Ozone,84.0,68.0,0.3,13.0,82
2021-05-18,39.0,Good,Ozone,78.0,66.0,0.43,15.0,87
2021-05-19,58.0,Moderate,Ozone,80.0,66.0,0.02,11.0,81
2021-05-20,45.0,Good,Ozone,74.0,66.0,0.96,9.0,88
2021-05-21,37.0,Good,Ozone,81.0,68.0,0.11,13.0,84
2021-05-22,43.0,Good,PM2.5,78.0,70.0,0.54,15.0,91
2021-05-23,39.0,Good,PM2.5,76.0,67.0,0.55,15.0,87
2021-05-24,30.0,Good,Ozone,78.0,66.0,1.52,14.0,91
2021-05-25,45.0,Good,Ozone,80.0,69.0,1.48,14.0,88
2021-05-26,48.0,Good,Ozone,87.0,71.0,0.02,11.0,81
2021-05-27,38.0,Good,Ozone,85.0,72.0,0.02,19.0,78
2021-05-28,40.0,Good,Ozone,81.0,70.0,1.19,13.0,84
2021-05-29,42.0,Good,Ozone,82.0,67.0,0.01,11.0,75
2021-05-30,35.0,Good,Ozone,76.0,63.0,0.01,13.0,78
2021-05-31,46.0,Good,PM2.5,79.0,64.0,0.96,14.0,86
2021-06-01,29.0,Good,Ozone,76.0,64.0,0.02,12.0,82
2021-06-02,58.0,Moderate,Ozone,78.0,61.0,0.02,7.0,81
2021-06-03,49.0,Good,Ozone,80.0,63.0,0.0,6.0,77
2021-06-04,42.0,Good,Ozone,78.0,64.0,0.12,9.0,86
2021-06-05,38.0,Good,Ozone,81.0,68.0,1.3,8.0,87
2021-06-06,36.0,Good,Ozone,83.0,67.0,0.49,12.0,86
2021-06-07,42.0,Good,Ozone,81.0,71.0,1.37,15.0,90
2021-06-08,38.0,Good,PM2.5,88.0,71.0,0.09,16.0,85
2021-06-09,55.0,Moderate,PM2.5,89.0,74.0,0.02,14.0,81
2021-06-10,33.0,Good,Ozone,88.0,76.0,0.0,13.0,79
2021-06-11,32.0,Good,Ozone,90.0,76.0,0.02,17.0,77
2021-06-12,49.0,Good,Ozone,92.0,74.0,0.0,16.0,77
2021-06-13,112.0,Unhealthy for Sensitive Groups,Ozone,93.0,75.0,0.02,5.0,77
2021-06-14,67.0,Moderate,Ozone,91.0,78.0,0.06,6.0,78
2021-06-15,105.0,Unhealthy for Sensitive Groups,Ozone,92.0,71.0,0.0,7.0,70
2021-06-16,174.0,Unhealthy,Ozone,94.0,70.0,0.0,7.0,65
2021-06-17,119.0,Unhealthy for Sensitive Groups,Ozone,93.0,74.0,0.0,8.0,64
2021-06-18,93.0,Moderate,Ozone,92.0,77.0,0.0,9.0,64
2021-06-19,119.0,Unhealthy for Sensitive Groups,Ozone,92.0,72.0,0.0,9.0,60
2021-06-20,38.0,Good,Ozone,95.0,77.0,0.0,14.0,58
2021-06-21,52.0,Moderate,PM2.5,87.0,71.0,0.5,15.0,77
2021-06-22,50.0,Good,Ozone,84.0,68.0,0.1,11.0,68
2021-06-23,54.0,Moderate,PM2.5,93.0,74.0,0.03,13.0,72
2021-06-24,48.0,Good,PM2.5,96.0,78.0,0.0,15.0,66
2021-06-25,55.0,Moderate,PM2.5,96.0,78.0,0.0,17.0,64
2021-06-26,51.0,Moderate,PM2.5,95.0,77.0,0.01,18.0,61
2021-06-27,38.0,Good,PM2.5,89.0,76.0,0.24,14.0,77
2021-06-28,30.0,Good,Ozone,81.0,74.0,0.89,13.0,89
2021-06-29,36.0,Good,Ozone,85.0,73.0,1.47,13.0,86
2021-06-30,44.0,Good,Ozone,85.0,73.0,0.12,6.0,85
2021-07-01,80.0,Moderate,Ozone,90.0,74.0,0.34,8.0,81
2021-07-02,45.0,Good,Ozone,86.0,75.0,0.36,9.0,85
2021-07-03,58.0,Moderate,Ozone,80.0,74.0,1.01,12.0,84
2021-07-04,90.0,Moderate,Ozone,85.0,74.0,0.16,9.0,72
2021-07-05,58.0,Moderate,PM2.5,86.0,73.0,0.67,11.0,76
2021-07-06,49.0,Good,Ozone,88.0,73.0,0.22,9.0,83
2021-07-07,61.0,Moderate,Ozone,87.0,72.0,0.05,6.0,79
2021-07-08,45.0,Good,Ozone,89.0,75.0,0.01,13.0,74
2021-07-09,29.0,Good,Ozone,86.0,73.0,0.07,17.0,80
2021-07-10,35.0,Good,PM2.5,92.0,73.0,0.03,16.0,74
2021-07-11,84.0,Moderate,Ozone,91.0,76.0,0.03,15.0,71
2021-07-12,77.0,Moderate,Ozone,89.0,71.0,0.01,10.0,74
2021-07-13,60.0,Moderate,PM2.5,90.0,73.0,0.02,11.0,72
2021-07-14,43.0,Good,PM2.5,89.0,72.0,0.0,19.0,75
2021-07-15,41.0,Good,PM2.5,90.0,75.0,0.11,14.0,73
2021-07-16,55.0,Moderate,PM2.5,94.0,76.0,0.0,13.0,69
2021-07-17,62.0,Moderate,PM2.5,95.0,78.0,0.0,15.0,63
2021-07-18,55.0,Moderate,PM2.5,95.0,78.0,0.1,10.0,66
2021-07-19,58.0,Moderate,Ozone,85.0,76.0,2.29,11.0,85
2021-07-20,50.0,Good,Ozone,85.0,72.0,0.29,9.0,80
2021-07-21,101.0,Unhealthy for Sensitive Groups,Ozone,87.0,73.0,0.04,8.0,71
2021-07-22,74.0,Moderate,Ozone,92.0,72.0,0.0,10.0,71
2021-07-23,55.0,Moderate,PM2.5,95.0,77.0,0.0,15.0,65
2021-07-24,74.0,Moderate,PM2.5,99.0,78.0,0.0,13.0,60
2021-07-25,73.0,Moderate,PM2.5,99.0,78.0,0.0,11.0,60
2021-07-26,74.0,Moderate,Ozone,98.0,78.0,0.0,8.0,57
2021-07-27,93.0,Moderate,Ozone,97.0,81.0,0.0,10.0,55
2021-07-28,71.0,Moderate,Ozone,95.0,79.0,0.0,10.0,64
2021-07-29,105.0,Unhealthy for Sensitive Groups,Ozone,96.0,77.0,0.0,8.0,68
2021-07-30,108.0,Unhealthy for Sensitive Groups,Ozone,96.0,80.0,0.01,9.0,63
2021-07-31,58.0,Moderate,Ozone,98.0,81.0,0.0,11.0,58
2021-08-01,47.0,Good,Ozone,94.0,77.0,0.29,10.0,69
2021-08-02,59.0,Moderate,PM2.5,85.0,74.0,2.37,10.0,87
2021-08-03,84.0,Moderate,Ozone,87.0,73.0,0.01,10.0,76
2021-08-04,90.0,Moderate,PM2.5,85.0,74.0,0.01,7.0,74
2021-08-05,82.0,Moderate,PM2.5,88.0,72.0,0.0,9.0,70
2021-08-06,71.0,Moderate,Ozone,90.0,73.0,0.0,11.0,69
2021-08-07,31.0,Good,Ozone,91.0,75.0,0.03,14.0,72
2021-08-08,46.0,Good,PM2.5,97.0,78.0,0.0,17.0,64
2021-08-09,34.0,Good,Ozone,97.0,78.0,0.0,16.0,62
2021-08-10,42.0,Good,PM2.5,98.0,77.0,0.0,16.0,62
2021-08-11,41.0,Good,PM2.5,98.0,77.0,0.0,14.0,59
2021-08-12,37.0,Good,Ozone,97.0,79.0,0.0,13.0,60
2021-08-13,40.0,Good,Ozone,94.0,79.0,0.0,10.0,65
2021-08-14,52.0,Moderate,PM2.5,89.0,77.0,0.3,11.0,76
2021-08-15,54.0,Moderate,Ozone,87.0,75.0,0.12,7.0,75
2021-08-16,57.0,Moderate,PM2.5,86.0,73.0,0.05,13.0,82
2021-08-17,43.0,Good,PM2.5,90.0,74.0,0.17,11.0,81
2021-08-18,21.0,Good,Ozone,85.0,74.0,1.27,13.0,88
2021-08-19,53.0,Moderate,PM2.5,88.0,76.0,0.91,13.0,85
2021-08-20,53.0,Moderate,PM2.5,92.0,76.0,0.0,13.0,65
2021-08-21,31.0,Good,Ozone,93.0,78.0,0.0,13.0,66
2021-08-22,29.0,Good,Ozone,94.0,78.0,0.0,11.0,65
2021-08-23,60.0,Moderate,PM2.5,95.0,77.0,0.0,9.0,62
2021-08-24,39.0,Good,Ozone,96.0,78.0,0.0,8.0,60
2021-08-25,50.0,Good,Ozone,95.0,77.0,0.0,8.0,59
2021-08-26,66.0,Moderate,PM2.5,92.0,76.0,0.04,11.0,72
2021-08-27,42.0,Good,PM2.5,91.0,76.0,0.03,12.0,71
2021-08-28,56.0,Moderate,PM2.5,91.0,76.0,0.02,10.0,72
2021-08-29,39.0,Good,PM2.5,88.0,74.0,0.38,9.0,80
2021-08-30,42.0,Good,Ozone,92.0,75.0,0.0,7.0,73
2021-08-31,93.0,Moderate,Ozone,94.0,77.0,0.0,10.0,59
2021-09-01,61.0,Moderate,PM2.5,97.0,80.0,0.0,12.0,60
2021-09-02,60.0,Moderate,PM2.5,96.0,78.0,0.0,11.0,61
2021-09-03,55.0,Moderate,PM2.5,96.0,79.0,0.0,10.0,60
2021-09-04,67.0,Moderate,PM2.5,96.0,79.0,0.0,10.0,58
2021-09-05,66.0,Moderate,PM2.5,90.0,81.0,0.04,11.0,64
2021-09-06,52.0,Moderate,PM2.5,93.0,76.0,0.01,9.0,65
2021-09-07,119.0,Unhealthy for Sensitive Groups,Ozone,94.0,71.0,0.0,8.0,45
2021-09-08,100.0,Moderate,Ozone,94.0,71.0,0.06,14.0,47
2021-09-09,54.0,Moderate,Ozone,92.0,70.0,0.0,11.0,36
2021-09-10,54.0,Moderate,PM2.5,93.0,70.0,0.0,11.0,38
2021-09-11,64.0,Moderate,Ozone,91.0,69.0,0.0,8.0,42
2021-09-12,80.0,Moderate,Ozone,91.0,68.0,0.0,9.0,51
2021-09-13,53.0,Moderate,PM2.5,88.0,74.0,0.04,10.0,70
2021-09-14,27.0,Good,Ozone,86.0,72.0,0.02,20.0,70
2021-09-15,36.0,Good,Ozone,87.0,68.0,0.0,13.0,70
2021-09-16,36.0,Good,PM2.5,89.0,72.0,0.0,10.0,67
2021-09-17,49.0,Good,PM2.5,89.0,72.0,0.0,9.0,67
2021-09-18,42.0,Good,Ozone,91.0,73.0,0.01,9.0,66
2021-09-19,48.0,Good,PM2.5,90.0,73.0,0.0,11.0,68
2021-09-20,48.0,Good,Ozone,100.0,77.0,0.0,14.0,49
2021-09-21,42.0,Good,Ozone,89.0,74.0,0.02,19.0,43
2021-09-22,42.0,Good,Ozone,81.0,62.0,0.0,13.0,34
2021-09-23,64.0,Moderate,Ozone,82.0,58.0,0.0,7.0,42
2021-09-24,84.0,Moderate,Ozone,86.0,61.0,0.0,7.0,40
2021-09-25,105.0,Unhealthy for Sensitive Groups,Ozone,88.0,62.0,0.0,7.0,45
2021-09-26,74.0,Moderate,Ozone,89.0,66.0,0.0,10.0,43
2021-09-27,74.0,Moderate,Ozone,87.0,67.0,0.0,9.0,49
2021-09-28,52.0,Moderate,PM2.5,90.0,72.0,0.1,11.0,61
2021-09-29,46.0,Good,Ozone,85.0,71.0,0.41,11.0,77
2021-09-30,39.0,Good,Ozone,87.0,70.0,0.35,15.0,76
2021-10-01,41.0,Good,PM2.5,76.0,68.0,0.45,9.0,88
2021-10-02,39.0,Good,Ozone,82.0,67.0,0.26,7.0,85
2021-10-03,50.0,Good,Ozone,83.0,64.0,0.0,7.0,69
2021-10-04,48.0,Good,PM2.5,86.0,61.0,0.0,12.0,56
2021-10-05,48.0,Good,Ozone,84.0,61.0,0.0,8.0,51
2021-10-06,90.0,Moderate,Ozone,84.0,60.0,0.0,6.0,50
2021-10-07,97.0,Moderate,Ozone,90.0,63.0,0.0,11.0,52
2021-10-08,90.0,Moderate,Ozone,92.0,71.0,0.0,15.0,51
2021-10-09,58.0,Moderate,Ozone,91.0,69.0,0.0,15.0,49
2021-10-10,38.0,Good,PM2.5,92.0,70.0,0.82,22.0,66
2021-10-11,46.0,Good,Ozone,79.0,61.0,0.02,17.0,57
2021-10-12,47.0,Good,PM2.5,84.0,64.0,0.43,21.0,74
2021-10-13,33.0,Good,PM2.5,78.0,65.0,2.02,16.0,88
2021-10-14,27.0,Good,Ozone,84.0,65.0,2.27,13.0,83
2021-10-15,36.0,Good,Ozone,77.0,62.0,0.0,21.0,73
2021-10-16,37.0,Good,Ozone,69.0,51.0,0.0,10.0,52
2021-10-17,56.0,Moderate,PM2.5,70.0,45.0,0.0,6.0,62
2021-10-18,53.0,Moderate,PM2.5,72.0,50.0,0.0,11.0,57
2021-10-19,53.0,Moderate,PM2.5,77.0,60.0,0.0,14.0,64
2021-10-20,52.0,Moderate,PM2.5,81.0,66.0,0.0,14.0,78
2021-10-21,42.0,Good,Ozone,80.0,64.0,0.0,10.0,61
2021-10-22,53.0,Moderate,PM2.5,82.0,60.0,0.11,10.0,57
2021-10-23,29.0,Good,Ozone,84.0,67.0,0.03,18.0,75
2021-10-24,30.0,Good,Ozone,84.0,70.0,0.18,19.0,77
2021-10-25,43.0,Good,Ozone,85.0,64.0,0.0,10.0,62
2021-10-26,28.0,Good,Ozone,87.0,71.0,0.0,21.0,77
2021-10-27,27.0,Good,Ozone,75.0,63.0,1.02,22.0,65
2021-10-28,35.0,Good,Ozone,70.0,59.0,0.0,30.0,29
2021-10-29,35.0,Good,Ozone,67.0,54.0,0.0,22.0,32
2021-10-30,43.0,Good,PM2.5,71.0,44.0,0.0,6.0,49
2021-10-31,54.0,Moderate,PM2.5,78.0,49.0,0.0,8.0,51
2021-11-01,55.0,Moderate,PM2.5,76.0,53.0,0.0,8.0,60
2021-11-02,49.0,Good,PM2.5,64.0,52.0,1.51,10.0,84
2021-11-03,26.0,Good,PM2.5,53.0,47.0,0.59,12.0,85
2021-11-04,35.0,Good,PM2.5,55.0,43.0,0.0,8.0,70
2021-11-05,56.0,Moderate,PM2.5,58.0,38.0,0.0,6.0,73
2021-11-06,61.0,Moderate,PM2.5,64.0,40.0,0.0,6.0,66
2021-11-07,60.0,Moderate,PM2.5,71.0,46.0,0.0,11.0,67
2021-11-08,55.0,Moderate,PM2.5,73.0,53.0,0.0,13.0,76
2021-11-09,51.0,Moderate,PM2.5,74.0,59.0,0.0,13.0,79
2021-11-10,31.0,Good,Ozone,74.0,61.0,1.63,22.0,82
2021-11-11,31.0,Good,NO2,66.0,50.0,0.18,13.0,70
2021-11-12,33.0,Good,Ozone,66.0,46.0,0.0,14.0,52
2021-11-13,36.0,Good,PM2.5,61.0,38.0,0.0,11.0,49
2021-11-14,53.0,Moderate,PM2.5,67.0,48.0,0.0,12.0,58
2021-11-15,54.0,Moderate,PM2.5,78.0,46.0,0.0,12.0,76
2021-11-16,37.0,Good,Ozone,79.0,62.0,0.0,21.0,74
2021-11-17,34.0,Good,Ozone,81.0,60.0,0.0,22.0,66
2021-11-18,29.0,Good,Ozone,60.0,47.0,0.0,17.0,32
2021-11-19,31.0,Good,Ozone,60.0,40.0,0.0,10.0,41
2021-11-20,35.0,Good,PM2.5,72.0,48.0,0.0,18.0,58
2021-11-21,44.0,Good,PM2.5,71.0,57.0,0.0,20.0,72
2021-11-22,34.0,Good,NO2,63.0,44.0,0.0,10.0,50
2021-11-23,39.0,Good,PM2.5,68.0,45.0,0.0,16.0,44
2021-11-24,44.0,Good,PM2.5,76.0,56.0,0.46,23.0,71
2021-11-25,26.0,Good,Ozone,65.0,46.0,0.0,22.0,58
2021-11-26,29.0,Good,PM2.5,55.0,35.0,0.0,8.0,54
2021-11-27,42.0,Good,PM2.5,60.0,45.0,0.43,11.0,63
2021-11-28,28.0,Good,Ozone,64.0,47.0,0.03,12.0,73
2021-11-29,40.0,Good,PM2.5,69.0,41.0,0.0,11.0,63
2021-11-30,37.0,Good,PM2.5,73.0,50.0,0.0,14.0,64
2021-12-01,54.0,Moderate,NO2,72.0,56.0,0.0,13.0,68
2021-12-02,57.0,Moderate,PM2.5,76.0,46.0,0.0,9.0,75
2021-12-03,49.0,Good,PM2.5,74.0,61.0,0.0,14.0,87
2021-12-04,39.0,Good,PM2.5,77.0,62.0,0.07,11.0,87
2021-12-05,25.0,Good,PM2.5,76.0,59.0,0.09,18.0,79
2021-12-06,30.0,Good,Ozone,70.0,44.0,0.03,22.0,49
2021-12-07,33.0,Good,PM2.5,57.0,38.0,0.0,9.0,55
2021-12-08,57.0,Moderate,PM2.5,61.0,44.0,0.0,13.0,86
2021-12-09,61.0,Moderate,PM2.5,79.0,57.0,0.0,15.0,77
2021-12-10,62.0,Moderate,PM2.5,81.0,66.0,0.07,18.0,80
2021-12-11,36.0,Good,PM2.5,70.0,43.0,0.0,22.0,41
2021-12-12,60.0,Moderate,PM2.5,56.0,33.0,0.0,11.0,56
2021-12-13,46.0,Good,PM2.5,64.0,44.0,0.0,14.0,55
2021-12-14,53.0,Moderate,PM2.5,75.0,57.0,0.01,18.0,88
2021-12-15,32.0,Good,PM2.5,79.0,68.0,0.02,27.0,81
2021-12-16,77.0,Moderate,PM2.5,72.0,61.0,0.19,17.0,75
2021-12-17,58.0,Moderate,PM2.5,78.0,61.0,0.15,23.0,78
2021-12-18,41.0,Good,PM2.5,67.0,43.0,0.49,19.0,69
2021-12-19,47.0,Good,PM2.5,46.0,34.0,0.0,13.0,59
2021-12-20,55.0,Moderate,PM2.5,51.0,39.0,0.28,6.0,77
2021-12-21,60.0,Moderate,PM2.5,60.0,35.0,0.0,9.0,82
2021-12-22,53.0,Moderate,PM2.5,63.0,42.0,0.0,10.0,83
2021-12-23,48.0,Good,PM2.5,72.0,54.0,0.0,20.0,81
2021-12-24,34.0,Good,Ozone,76.0,60.0,0.0,20.0,79
2021-12-25,31.0,Good,PM2.5,78.0,63.0,0.0,18.0,79
2021-12-26,55.0,Moderate,PM2.5,75.0,62.0,0.01,19.0,87
2021-12-27,59.0,Moderate,PM2.5,77.0,63.0,0.0,18.0,82
2021-12-28,42.0,Good,NO2,78.0,62.0,0.03,17.0,62
2021-12-29,61.0,Moderate,PM2.5,72.0,58.0,0.37,10.0,83
2021-12-30,63.0,Moderate,PM2.5,73.0,48.0,0.0,8.0,54
2021-12-31,66.0,Moderate,PM2.5,71.0,58.0,0.19,13.0,89
2022-01-01,34.0,Good,PM2.5,74.0,28.0,0.98,22.0,81
2022-01-02,31.0,Good,Ozone,37.0,19.0,0.0,21.0,54
2022-01-03,52.0,Moderate,PM2.5,51.0,27.0,0.0,11.0,60
2022-01-04,37.0,Good,Ozone,59.0,35.0,0.0,19.0,47
2022-01-05,36.0,Good,PM2.5,58.0,37.0,0.0,13.0,70
2022-01-06,39.0,Good,PM2.5,42.0,30.0,0.0,18.0,53
2022-01-07,42.0,Good,PM2.5,47.0,22.0,0.0,11.0,61
2022-01-08,62.0,Moderate,PM2.5,63.0,46.0,0.07,13.0,86
2022-01-09,28.0,Good,Ozone,62.0,44.0,0.01,20.0,74
2022-01-10,37.0,Good,NO2,52.0,33.0,0.0,14.0,49
2022-01-11,49.0,Good,PM2.5,56.0,32.0,0.02,12.0,51
2022-01-12,36.0,Good,Ozone,60.0,40.0,0.0,10.0,56
2022-01-13,51.0,Moderate,NO2,69.0,39.0,0.0,8.0,53
2022-01-14,60.0,Moderate,PM2.5,74.0,42.0,0.0,15.0,49
2022-01-15,31.0,Good,Ozone,59.0,31.0,0.0,29.0,50
2022-01-16,55.0,Moderate,PM2.5,51.0,29.0,0.0,16.0,57
2022-01-17,70.0,Moderate,PM2.5,60.0,31.0,0.0,10.0,56
2022-01-18,44.0,Good,Ozone,71.0,48.0,0.0,21.0,53
2022-01-19,44.0,Good,PM2.5,65.0,36.0,0.05,22.0,65
2022-01-20,27.0,Good,Ozone,35.0,25.0,0.0,21.0,40
2022-01-21,29.0,Good,NO2,39.0,20.0,0.0,9.0,40
2022-01-22,55.0,Moderate,PM2.5,48.0,25.0,0.0,6.0,49
2022-01-23,53.0,Moderate,PM2.5,62.0,32.0,0.0,10.0,50
2022-01-24,28.0,Good,NO2,57.0,44.0,0.17,10.0,72
2022-01-25,41.0,Good,PM2.5,57.0,39.0,0.0,13.0,72
2022-01-26,42.0,Good,PM2.5,47.0,31.0,0.0,13.0,44
2022-01-27,49.0,Good,PM2.5,53.0,39.0,0.02,12.0,50
2022-01-28,41.0,Good,NO2,54.0,33.0,0.0,14.0,56
2022-01-29,47.0,Good,PM2.5,66.0,33.0,0.0,13.0,44
2022-01-30,44.0,Good,Ozone,68.0,44.0,0.0,11.0,31
2022-01-31,34.0,Good,Ozone,64.0,49.0,0.02,13.0,72
2022-02-01,37.0,Good,Ozone,71.0,53.0,0.04,13.0,80
2022-02-02,30.0,Good,Ozone,57.0,34.0,0.83,17.0,84
2022-02-03,31.0,Good,Ozone,33.0,21.0,0.61,19.0,78
2022-02-04,43.0,Good,PM2.5,36.0,21.0,0.0,17.0,64
2022-02-05,64.0,Moderate,PM2.5,45.0,18.0,0.0,10.0,62
2022-02-06,42.0,Good,NO2,54.0,29.0,0.0,10.0,53
2022-02-07,53.0,Moderate,PM2.5,56.0,33.0,0.0,14.0,60
2022-02-08,41.0,Good,NO2,64.0,36.0,0.0,13.0,46
2022-02-09,54.0,Moderate,PM2.5,66.0,37.0,0.0,10.0,47
2022-02-10,64.0,Moderate,PM10,69.0,37.0,0.0,8.0,41
2022-02-11,58.0,Moderate,Ozone,76.0,51.0,0.0,16.0,38
2022-02-12,37.0,Good,Ozone,57.0,33.0,0.04,21.0,42
2022-02-13,53.0,Moderate,PM2.5,63.0,29.0,0.0,11.0,39
2022-02-14,46.0,Good,PM2.5,70.0,37.0,0.0,14.0,36
2022-02-15,45.0,Good,Ozone,70.0,47.0,0.0,23.0,53
2022-02-16,34.0,Good,Ozone,72.0,59.0,0.15,23.0,82
2022-02-17,35.0,Good,Ozone,66.0,34.0,0.39,26.0,69
2022-02-18,44.0,Good,NO2,51.0,26.0,0.0,13.0,51
2022-02-19,58.0,Moderate,PM2.5,63.0,32.0,0.0,7.0,47
2022-02-20,44.0,Good,Ozone,67.0,45.0,0.0,18.0,44
2022-02-21,36.0,Good,PM2.5,80.0,57.0,0.02,19.0,81
2022-02-22,49.0,Good,PM2.5,70.0,38.0,0.03,21.0,64
2022-02-23,20.0,Good,Ozone,36.0,26.0,0.13,16.0,64
2022-02-24,23.0,Good,Ozone,36.0,23.0,0.12,9.0,74
2022-02-25,52.0,Moderate,PM2.5,42.0,22.0,0.01,15.0,52
2022-02-26,53.0,Moderate,PM2.5,40.0,31.0,0.17,9.0,81
2022-02-27,59.0,Moderate,PM2.5,53.0,30.0,0.0,12.0,62
2022-02-28,55.0,Moderate,PM2.5,63.0,26.0,0.0,6.0,53
2022-03-01,54.0,Moderate,Ozone,71.0,37.0,0.0,8.0,42
2022-03-02,84.0,Moderate,Ozone,75.0,45.0,0.0,8.0,38
2022-03-03,80.0,Moderate,Ozone,77.0,46.0,0.0,8.0,43
2022-03-04,47.0,Good,PM2.5,73.0,55.0,0.02,17.0,72
2022-03-05,40.0,Good,PM2.5,78.0,64.0,0.02,22.0,73
2022-03-06,48.0,Good,PM2.5,79.0,43.0,0.28,26.0,79
2022-03-07,45.0,Good,PM2.5,51.0,39.0,0.12,18.0,61
2022-03-08,42.0,Good,PM2.5,44.0,34.0,0.43,10.0,73
2022-03-09,52.0,Moderate,PM2.5,56.0,30.0,0.0,9.0,63
2022-03-10,41.0,Good,Ozone,65.0,38.0,0.0,9.0,65
2022-03-11,51.0,Moderate,PM2.5,49.0,35.0,0.0,22.0,60
2022-03-12,44.0,Good,Ozone,54.0,24.0,0.0,11.0,44
2022-03-13,61.0,Moderate,Ozone,63.0,39.0,0.0,18.0,31
2022-03-14,43.0,Good,Ozone,77.0,50.0,0.25,21.0,73
2022-03-15,48.0,Good,PM2.5,70.0,47.0,0.0,17.0,58
2022-03-16,64.0,Moderate,Ozone,78.0,47.0,0.0,12.0,59
2022-03-17,50.0,Good,PM2.5,74.0,55.0,0.03,24.0,67
2022-03-18,42.0,Good,Ozone,65.0,47.0,0.0,23.0,47
2022-03-19,48.0,Good,Ozone,74.0,41.0,0.0,8.0,41
2022-03-20,64.0,Moderate,Ozone,79.0,53.0,0.0,18.0,30
2022-03-21,42.0,Good,Ozone,69.0,59.0,2.85,24.0,74
2022-03-22,36.0,Good,Ozone,63.0,49.0,0.0,22.0,65
2022-03-23,44.0,Good,Ozone,61.0,47.0,0.0,20.0,39
2022-03-24,44.0,Good,Ozone,65.0,37.0,0.0,12.0,48
2022-03-25,50.0,Good,Ozone,76.0,41.0,0.0,9.0,43
2022-03-26,90.0,Moderate,Ozone,83.0,49.0,0.0,9.0,44
2022-03-27,64.0,Moderate,Ozone,91.0,57.0,0.0,17.0,37
2022-03-28,45.0,Good,Ozone,85.0,59.0,0.0,19.0,55
2022-03-29,46.0,Good,PM2.5,83.0,66.0,0.02,28.0,65
2022-03-30,56.0,Moderate,PM2.5,71.0,49.0,0.48,27.0,64
2022-03-31,44.0,Good,Ozone,67.0,44.0,0.0,12.0,59
2022-04-01,49.0,Good,Ozone,72.0,46.0,0.0,16.0,55
2022-04-02,71.0,Moderate,Ozone,74.0,53.0,0.07,13.0,66
2022-04-03,64.0,Moderate,Ozone,83.0,54.0,0.0,15.0,60
2022-04-04,53.0,Moderate,PM2.5,80.0,59.0,0.67,22.0,62
2022-04-05,49.0,Good,PM2.5,90.0,60.0,0.43,21.0,69
2022-04-06,47.0,Good,Ozone,77.0,57.0,0.0,28.0,36
2022-04-07,43.0,Good,Ozone,68.0,47.0,0.0,29.0,26
2022-04-08,57.0,Moderate,PM2.5,66.0,47.0,0.0,20.0,28
2022-04-09,61.0,Moderate,Ozone,84.0,44.0,0.0,20.0,36
2022-04-10,45.0,Good,Ozone,85.0,60.0,0.0,25.0,57
2022-04-11,59.0,Moderate,PM2.5,87.0,68.0,0.04,22.0,68
2022-04-12,62.0,Moderate,PM2.5,84.0,67.0,0.17,24.0,77
2022-04-13,53.0,Moderate,PM2.5,75.0,60.0,0.78,26.0,63
2022-04-14,50.0,Good,Ozone,76.0,51.0,0.0,13.0,44
2022-04-15,51.0,Moderate,PM2.5,82.0,58.0,0.0,19.0,63
2022-04-16,59.0,Moderate,PM2.5,89.0,60.0,0.02,18.0,75
2022-04-17,55.0,Moderate,PM2.5,76.0,58.0,0.43,15.0,66
2022-04-18,39.0,Good,Ozone,73.0,52.0,0.0,13.0,64
2022-04-19,45.0,Good,Ozone,75.0,54.0,0.17,21.0,56
2022-04-20,53.0,Moderate,PM2.5,89.0,65.0,0.11,25.0,69
2022-04-21,56.0,Moderate,PM2.5,86.0,68.0,0.06,21.0,74
2022-04-22,53.0,Moderate,PM2.5,87.0,69.0,0.02,23.0,67
2022-04-23,46.0,Good,PM2.5,84.0,67.0,0.05,25.0,65
2022-04-24,43.0,Good,PM2.5,84.0,62.0,2.34,20.0,74
2022-04-25,37.0,Good,Ozone,71.0,59.0,1.05,16.0,68
2022-04-26,48.0,Good,Ozone,71.0,51.0,0.0,11.0,56
2022-04-27,52.0,Moderate,PM2.5,76.0,53.0,0.0,12.0,66
2022-04-28,48.0,Good,PM2.5,82.0,63.0,0.01,19.0,70
2022-04-29,34.0,Good,PM2.5,83.0,67.0,0.03,23.0,73
2022-04-30,51.0,Moderate,Ozone,83.0,67.0,0.03,19.0,57
2022-05-01,51.0,Moderate,Ozone,86.0,58.0,0.0,13.0,50
2022-05-02,43.0,Good,PM2.5,86.0,70.0,0.26,26.0,78
2022-05-03,29.0,Good,PM2.5,73.0,56.0,0.65,21.0,83
2022-05-04,59.0,Moderate,PM2.5,88.0,62.0,0.38,23.0,76
2022-05-05,45.0,Good,PM2.5,80.0,63.0,1.04,18.0,78
2022-05-06,74.0,Moderate,Ozone,83.0,57.0,0.0,9.0,74
2022-05-07,62.0,Moderate,PM2.5,89.0,67.0,0.01,14.0,76
2022-05-08,69.0,Moderate,PM2.5,92.0,74.0,0.0,20.0,71
2022-05-09,73.0,Moderate,PM2.5,94.0,74.0,0.0,23.0,69
2022-05-10,61.0,Moderate,PM2.5,92.0,75.0,0.01,18.0,69
2022-05-11,62.0,Moderate,PM2.5,91.0,72.0,0.0,18.0,67
2022-05-12,57.0,Moderate,PM2.5,92.0,71.0,0.0,15.0,65
2022-05-13,51.0,Moderate,PM2.5,93.0,68.0,0.0,13.0,59
2022-05-14,58.0,Moderate,Ozone,91.0,72.0,0.0,14.0,64
2022-05-15,52.0,Moderate,PM2.5,96.0,71.0,0.0,16.0,66
2022-05-16,122.0,Unhealthy for Sensitive Groups,Ozone,90.0,68.0,0.0,13.0,64
2022-05-17,54.0,Moderate,PM2.5,97.0,74.0,0.0,17.0,51
2022-05-18,52.0,Moderate,PM2.5,96.0,73.0,0.0,18.0,52
2022-05-19,53.0,Moderate,PM2.5,97.0,72.0,0.0,21.0,53
2022-05-20,84.0,Moderate,PM2.5,98.0,73.0,0.5,23.0,68
2022-05-21,72.0,Moderate,PM2.5,89.0,65.0,0.27,17.0,76
2022-05-22,34.0,Good,Ozone,73.0,60.0,0.02,16.0,67
2022-05-23,52.0,Moderate,PM2.5,81.0,62.0,0.04,15.0,77
2022-05-24,44.0,Good,Ozone,81.0,64.0,1.65,16.0,82
2022-05-25,41.0,Good,Ozone,71.0,62.0,0.22,19.0,72
2022-05-26,74.0,Moderate,Ozone,85.0,56.0,0.0,15.0,56
2022-05-27,133.0,Unhealthy for Sensitive Groups,Ozone,87.0,58.0,0.0,9.0,59
2022-05-28,58.0,Moderate,Ozone,93.0,68.0,0.0,19.0,51
2022-05-29,55.0,Moderate,PM2.5,94.0,71.0,0.0,22.0,57
2022-05-30,53.0,Moderate,PM2.5,95.0,74.0,0.03,23.0,58
2022-05-31,51.0,Moderate,PM2.5,94.0,75.0,0.03,18.0,62
2022-06-01,39.0,Good,PM2.5,92.0,75.0,0.87,15.0,70
2022-06-02,50.0,Good,Ozone,83.0,68.0,0.49,19.0,76
2022-06-03,47.0,Good,Ozone,81.0,69.0,0.8,11.0,80
2022-06-04,54.0,Moderate,PM2.5,86.0,67.0,0.0,10.0,80
2022-06-05,49.0,Good,Ozone,87.0,71.0,0.38,18.0,80
2022-06-06,43.0,Good,PM2.5,95.0,74.0,0.0,17.0,68
2022-06-07,47.0,Good,PM2.5,94.0,76.0,0.0,17.0,65
2022-06-08,52.0,Moderate,PM2.5,89.0,76.0,0.0,17.0,69
2022-06-09,84.0,Moderate,Ozone,90.0,72.0,0.34,11.0,77
2022-06-10,90.0,Moderate,Ozone,97.0,76.0,0.07,12.0,71
2022-06-11,56.0,Moderate,PM2.5,101.0,80.0,0.0,16.0,56
2022-06-12,68.0,Moderate,PM2.5,104.0,80.0,0.0,15.0,50
2022-06-13,134.0,Unhealthy for Sensitive Groups,PM2.5,102.0,79.0,0.0,17.0,49
2022-06-14,148.0,Unhealthy for Sensitive Groups,PM2.5,100.0,78.0,0.0,22.0,51
2022-06-15,82.0,Moderate,PM2.5,98.0,80.0,0.0,18.0,55
2022-06-16,134.0,Unhealthy for Sensitive Groups,PM2.5,99.0,79.0,0.0,13.0,47
2022-06-17,120.0,Unhealthy for Sensitive Groups,PM2.5,95.0,78.0,0.0,13.0,53
2022-06-18,65.0,Moderate,PM2.5,90.0,75.0,0.43,9.0,73
2022-06-19,61.0,Moderate,PM2.5,98.0,76.0,0.01,17.0,65
2022-06-20,71.0,Moderate,Ozone,100.0,76.0,0.0,11.0,54
2022-06-21,74.0,Moderate,Ozone,99.0,82.0,0.0,10.0,46
2022-06-22,59.0,Moderate,PM2.5,97.0,80.0,0.0,9.0,50
2022-06-23,71.0,Moderate,Ozone,99.0,80.0,0.0,16.0,48
2022-06-24,60.0,Moderate,PM2.5,102.0,83.0,0.0,12.0,43
2022-06-25,52.0,Moderate,PM2.5,101.0,82.0,0.0,12.0,40
2022-06-26,56.0,Moderate,PM2.5,100.0,82.0,0.0,17.0,38
2022-06-27,51.0,Moderate,PM2.5,88.0,72.0,0.5,13.0,65
2022-06-28,90.0,Moderate,Ozone,91.0,75.0,0.0,13.0,48
2022-06-29,105.0,Unhealthy for Sensitive Groups,Ozone,93.0,73.0,0.0,10.0,42
2022-06-30,119.0,Unhealthy for Sensitive Groups,Ozone,97.0,75.0,0.0,19.0,47
2022-07-01,58.0,Moderate,Ozone,94.0,76.0,0.0,13.0,61
2022-07-02,71.0,Moderate,Ozone,96.0,77.0,0.11,14.0,69
2022-07-03,56.0,Moderate,PM2.5,100.0,77.0,0.03,12.0,61
2022-07-04,57.0,Moderate,PM2.5,101.0,81.0,0.0,14.0,43
2022-07-05,54.0,Moderate,PM2.5,102.0,81.0,0.0,13.0,41
2022-07-06,55.0,Moderate,PM2.5,103.0,82.0,0.0,13.0,42
2022-07-07,51.0,Moderate,PM2.5,103.0,83.0,0.0,14.0,43
2022-07-08,54.0,Moderate,PM2.5,104.0,83.0,0.0,13.0,41
2022-07-09,140.0,Unhealthy for Sensitive Groups,Ozone,101.0,86.0,0.04,7.0,45
2022-07-10,67.0,Moderate,Ozone,102.0,81.0,0.0,11.0,44
2022-07-11,87.0,Moderate,Ozone,102.0,80.0,0.0,11.0,47
2022-07-12,67.0,Moderate,Ozone,103.0,82.0,0.0,16.0,40
2022-07-13,122.0,Unhealthy for Sensitive Groups,Ozone,103.0,81.0,0.0,15.0,40
2022-07-14,53.0,Moderate,PM2.5,97.0,81.0,0.17,13.0,49
2022-07-15,77.0,Moderate,Ozone,100.0,79.0,0.0,10.0,44
2022-07-16,48.0,Good,PM2.5,101.0,80.0,0.0,10.0,48
2022-07-17,104.0,Unhealthy for Sensitive Groups,PM2.5,104.0,85.0,0.0,13.0,37
2022-07-18,112.0,Unhealthy for Sensitive Groups,PM2.5,107.0,83.0,0.0,20.0,34
2022-07-19,55.0,Moderate,PM2.5,108.0,83.0,0.0,17.0,38
2022-07-20,57.0,Moderate,PM2.5,108.0,82.0,0.0,19.0,42
2022-07-21,56.0,Moderate,PM2.5,102.0,82.0,0.12,15.0,49
2022-07-22,64.0,Moderate,PM2.5,103.0,83.0,0.0,13.0,45
2022-07-23,54.0,Moderate,PM2.5,101.0,79.0,0.0,15.0,49
2022-07-24,43.0,Good,PM2.5,103.0,82.0,0.0,14.0,41
2022-07-25,38.0,Good,Ozone,104.0,83.0,0.0,14.0,39
2022-07-26,37.0,Good,Ozone,103.0,82.0,0.0,17.0,37
2022-07-27,42.0,Good,Ozone,103.0,83.0,0.0,17.0,42
2022-07-28,42.0,Good,Ozone,103.0,83.0,0.0,13.0,44
2022-07-29,45.0,Good,Ozone,102.0,80.0,0.31,13.0,52
2022-07-30,52.0,Moderate,PM2.5,91.0,80.0,0.96,15.0,70
2022-07-31,59.0,Moderate,PM2.5,102.0,82.0,0.04,13.0,43
2022-08-01,48.0,Good,Ozone,101.0,83.0,0.0,15.0,41
2022-08-02,49.0,Good,PM2.5,103.0,84.0,0.0,14.0,41
2022-08-03,52.0,Moderate,PM2.5,104.0,82.0,0.0,16.0,41
2022-08-04,69.0,Moderate,PM2.5,104.0,82.0,0.0,14.0,42
2022-08-05,73.0,Moderate,PM2.5,104.0,85.0,0.0,22.0,38
2022-08-06,56.0,Moderate,PM2.5,100.0,79.0,0.02,15.0,55
2022-08-07,51.0,Moderate,PM2.5,100.0,79.0,0.0,12.0,53
2022-08-08,51.0,Moderate,PM2.5,101.0,83.0,0.01,18.0,44
2022-08-09,45.0,Good,Ozone,92.0,82.0,0.67,11.0,58
2022-08-10,52.0,Moderate,PM2.5,96.0,76.0,0.49,10.0,65
2022-08-11,115.0,Unhealthy for Sensitive Groups,Ozone,95.0,76.0,0.01,11.0,62
2022-08-12,51.0,Moderate,Ozone,96.0,78.0,0.02,12.0,56
2022-08-13,51.0,Moderate,Ozone,98.0,80.0,0.01,12.0,52
2022-08-14,50.0,Good,PM2.5,99.0,79.0,0.01,12.0,51
2022-08-15,54.0,Moderate,PM2.5,100.0,80.0,0.0,10.0,46
2022-08-16,53.0,Moderate,PM2.5,100.0,82.0,0.0,11.0,44
2022-08-17,90.0,Moderate,Ozone,101.0,78.0,0.33,13.0,48
2022-08-18,48.0,Good,Ozone,85.0,77.0,0.45,11.0,79
2022-08-19,93.0,Moderate,Ozone,91.0,72.0,0.08,10.0,67
2022-08-20,43.0,Good,PM2.5,95.0,77.0,0.37,13.0,67
2022-08-21,33.0,Good,PM2.5,89.0,74.0,0.81,12.0,80
2022-08-22,20.0,Good,Ozone,81.0,73.0,4.02,11.0,91
2022-08-23,24.0,Good,Ozone,86.0,73.0,0.36,9.0,83
2022-08-24,30.0,Good,PM2.5,86.0,73.0,0.08,10.0,80
2022-08-25,41.0,Good,Ozone,87.0,74.0,0.04,8.0,76
2022-08-26,41.0,Good,Ozone,87.0,73.0,0.11,9.0,78
2022-08-27,53.0,Moderate,PM2.5,92.0,74.0,0.08,11.0,69
2022-08-28,32.0,Good,Ozone,94.0,78.0,0.0,14.0,63
2022-08-29,38.0,Good,Ozone,91.0,75.0,0.36,13.0,69
2022-08-30,32.0,Good,PM2.5,87.0,75.0,0.16,8.0,82
2022-08-31,36.0,Good,PM2.5,90.0,76.0,0.11,8.0,80
2022-09-01,40.0,Good,PM2.5,84.0,74.0,1.26,14.0,88
2022-09-02,46.0,Good,PM2.5,88.0,73.0,0.96,9.0,83
2022-09-03,53.0,Moderate,PM2.5,89.0,73.0,0.12,6.0,81
2022-09-04,51.0,Moderate,Ozone,91.0,73.0,0.07,9.0,70
2022-09-05,44.0,Good,Ozone,90.0,70.0,0.0,8.0,72
2022-09-06,51.0,Moderate,PM2.5,91.0,72.0,0.02,11.0,70
2022-09-07,84.0,Moderate,Ozone,93.0,74.0,0.0,10.0,65
2022-09-08,55.0,Moderate,PM2.5,89.0,74.0,0.01,10.0,63
2022-09-09,56.0,Moderate,PM2.5,89.0,71.0,0.0,8.0,54
2022-09-10,80.0,Moderate,Ozone,89.0,66.0,0.0,8.0,54
2022-09-11,45.0,Good,Ozone,86.0,70.0,0.0,16.0,57
2022-09-12,108.0,Unhealthy for Sensitive Groups,Ozone,86.0,67.0,0.0,6.0,47
2022-09-13,74.0,Moderate,Ozone,91.0,68.0,0.0,11.0,49
2022-09-14,67.0,Moderate,Ozone,89.0,67.0,0.0,11.0,43
2022-09-15,58.0,Moderate,Ozone,88.0,66.0,0.0,9.0,49
2022-09-16,60.0,Moderate,PM2.5,91.0,70.0,0.0,13.0,54
2022-09-17,39.0,Good,PM2.5,93.0,75.0,0.07,14.0,70
2022-09-18,42.0,Good,Ozone,95.0,76.0,0.0,15.0,59
2022-09-19,53.0,Moderate,PM2.5,94.0,77.0,0.0,9.0,59
2022-09-20,51.0,Moderate,PM2.5,96.0,77.0,0.0,8.0,55
2022-09-21,67.0,Moderate,Ozone,97.0,76.0,0.0,9.0,50
2022-09-22,133.0,Unhealthy for Sensitive Groups,Ozone,96.0,73.0,0.0,10.0,46
2022-09-23,105.0,Unhealthy for Sensitive Groups,Ozone,97.0,72.0,0.0,10.0,46
2022-09-24,71.0,Moderate,Ozone,97.0,78.0,0.0,10.0,43
2022-09-25,54.0,Moderate,Ozone,98.0,78.0,0.01,13.0,50
2022-09-26,49.0,Good,Ozone,87.0,70.0,0.0,13.0,31
2022-09-27,58.0,Moderate,Ozone,88.0,62.0,0.0,6.0,38
2022-09-28,58.0,Moderate,Ozone,89.0,66.0,0.0,11.0,34
2022-09-29,67.0,Moderate,Ozone,83.0,64.0,0.0,16.0,38
2022-09-30,58.0,Moderate,Ozone,80.0,60.0,0.0,9.0,41
2022-10-01,53.0,Moderate,PM2.5,81.0,55.0,0.0,8.0,43
2022-10-02,65.0,Moderate,PM2.5,83.0,55.0,0.0,8.0,43
2022-10-03,61.0,Moderate,PM2.5,84.0,58.0,0.0,7.0,46
2022-10-04,61.0,Moderate,Ozone,85.0,60.0,0.0,6.0,47
2022-10-05,77.0,Moderate,Ozone,87.0,60.0,0.0,7.0,42
2022-10-06,122.0,Unhealthy for Sensitive Groups,Ozone,89.0,64.0,0.0,7.0,40
2022-10-07,59.0,Moderate,PM2.5,88.0,67.0,0.0,8.0,41
2022-10-08,60.0,Moderate,PM2.5,82.0,65.0,0.0,10.0,47
2022-10-09,77.0,Moderate,Ozone,84.0,60.0,0.02,7.0,55
2022-10-10,84.0,Moderate,Ozone,88.0,67.0,0.0,12.0,47
2022-10-11,55.0,Moderate,PM2.5,85.0,67.0,0.0,17.0,51
2022-10-12,54.0,Moderate,Ozone,94.0,70.0,0.0,15.0,52
2022-10-13,44.0,Good,Ozone,82.0,61.0,0.0,13.0,30
2022-10-14,64.0,Moderate,Ozone,87.0,56.0,0.0,12.0,35
2022-10-15,54.0,Moderate,PM2.5,92.0,71.0,0.0,15.0,54
2022-10-16,35.0,Good,Ozone,81.0,66.0,0.94,15.0,71
2022-10-17,37.0,Good,Ozone,68.0,56.0,0.0,15.0,44
2022-10-18,36.0,Good,Ozone,62.0,47.0,0.0,12.0,36
2022-10-19,38.0,Good,PM2.5,64.0,43.0,0.0,11.0,41
2022-10-20,49.0,Good,Ozone,79.0,54.0,0.0,13.0,44
2022-10-21,56.0,Moderate,PM2.5,89.0,52.0,0.0,19.0,52
2022-10-22,42.0,Good,Ozone,86.0,64.0,0.0,24.0,57
2022-10-23,37.0,Good,Ozone,85.0,69.0,0.0,25.0,60
2022-10-24,29.0,Good,Ozone,76.0,64.0,1.31,21.0,80
2022-10-25,33.0,Good,NO2,67.0,53.0,0.01,32.0,54
2022-10-26,36.0,Good,Ozone,69.0,46.0,0.0,7.0,63
2022-10-27,44.0,Good,Ozone,71.0,51.0,0.0,13.0,57
2022-10-28,49.0,Good,PM2.5,63.0,56.0,2.19,17.0,81
2022-10-29,52.0,Moderate,PM2.5,66.0,55.0,0.17,16.0,86
2022-10-30,55.0,Moderate,PM2.5,72.0,54.0,0.0,10.0,76
2022-10-31,59.0,Moderate,PM2.5,74.0,50.0,0.0,6.0,73
2022-11-01,63.0,Moderate,PM2.5,74.0,55.0,0.0,9.0,72
2022-11-02,65.0,Moderate,PM2.5,74.0,56.0,0.01,12.0,82
2022-11-03,62.0,Moderate,PM2.5,79.0,65.0,0.03,19.0,84
2022-11-04,27.0,Good,PM2.5,75.0,51.0,1.04,23.0,86
2022-11-05,27.0,Good,Ozone,64.0,44.0,0.0,14.0,65
2022-11-06,41.0,Good,PM2.5,78.0,58.0,0.0,15.0,65
2022-11-07,53.0,Moderate,PM2.5,80.0,64.0,0.61,10.0,90
2022-11-08,66.0,Moderate,PM2.5,81.0,67.0,0.05,11.0,88
2022-11-09,60.0,Moderate,PM2.5,80.0,66.0,0.0,14.0,80
2022-11-10,63.0,Moderate,PM2.5,77.0,65.0,0.03,15.0,82
2022-11-11,25.0,Good,PM2.5,69.0,44.0,0.89,18.0,76
2022-11-12,33.0,Good,Ozone,50.0,36.0,0.0,13.0,55
2022-11-13,47.0,Good,PM2.5,51.0,34.0,0.0,10.0,60
2022-11-14,38.0,Good,PM2.5,44.0,40.0,0.57,13.0,79
2022-11-15,49.0,Good,PM2.5,49.0,40.0,0.0,13.0,72
2022-11-16,58.0,Moderate,PM2.5,53.0,36.0,0.0,7.0,65
2022-11-17,52.0,Moderate,PM2.5,57.0,34.0,0.0,9.0,63
2022-11-18,39.0,Good,PM2.5,50.0,38.0,0.0,11.0,65
2022-11-19,39.0,Good,PM2.5,46.0,34.0,0.01,10.0,55
2022-11-20,62.0,Moderate,PM2.5,50.0,30.0,0.06,6.0,67
2022-11-21,53.0,Moderate,PM2.5,54.0,40.0,0.07,8.0,73
2022-11-22,52.0,Moderate,PM2.5,56.0,37.0,0.0,6.0,85
2022-11-23,61.0,Moderate,PM2.5,60.0,52.0,1.14,11.0,84
2022-11-24,51.0,Moderate,PM2.5,61.0,54.0,1.39,13.0,94
2022-11-25,32.0,Good,PM2.5,59.0,52.0,0.07,14.0,86
2022-11-26,18.0,Good,Ozone,61.0,48.0,1.21,20.0,83
2022-11-27,32.0,Good,Ozone,61.0,45.0,0.0,14.0,74
2022-11-28,38.0,Good,PM2.5,65.0,38.0,0.0,15.0,78
2022-11-29,45.0,Good,PM2.5,77.0,49.0,0.01,23.0,76
2022-11-30,25.0,Good,NO2,49.0,35.0,0.0,21.0,52
2022-12-01,40.0,Good,PM2.5,52.0,35.0,0.1,12.0,62
2022-12-02,47.0,Good,PM2.5,70.0,50.0,0.02,19.0,83
2022-12-03,25.0,Good,Ozone,62.0,46.0,0.0,18.0,58
2022-12-04,41.0,Good,PM2.5,56.0,45.0,0.01,9.0,61
2022-12-05,52.0,Moderate,PM2.5,76.0,53.0,0.04,19.0,82
2022-12-06,46.0,Good,PM2.5,74.0,62.0,0.04,14.0,85
2022-12-07,68.0,Moderate,PM2.5,75.0,66.0,0.43,14.0,90
2022-12-08,66.0,Moderate,PM2.5,76.0,66.0,0.7,14.0,88
2022-12-09,61.0,Moderate,PM2.5,71.0,62.0,0.04,11.0,90
2022-12-10,49.0,Good,PM2.5,73.0,59.0,0.61,13.0,91
2022-12-11,30.0,Good,PM2.5,59.0,51.0,0.05,10.0,85
2022-12-12,53.0,Moderate,PM2.5,63.0,54.0,0.19,19.0,89
2022-12-13,40.0,Good,PM2.5,70.0,54.0,0.43,22.0,71
2022-12-14,29.0,Good,NO2,56.0,43.0,0.15,16.0,54
2022-12-15,37.0,Good,NO2,53.0,36.0,0.0,8.0,55
2022-12-16,34.0,Good,PM2.5,48.0,35.0,0.0,10.0,56
2022-12-17,52.0,Moderate,PM2.5,49.0,33.0,0.0,10.0,49
2022-12-18,65.0,Moderate,PM2.5,52.0,28.0,0.0,10.0,55
2022-12-19,38.0,Good,PM2.5,48.0,45.0,0.0,12.0,69
2022-12-20,46.0,Good,PM2.5,53.0,41.0,0.0,11.0,74
2022-12-21,64.0,Moderate,PM2.5,51.0,31.0,0.0,9.0,80
2022-12-22,54.0,Moderate,PM2.5,42.0,12.0,0.0,24.0,68
2022-12-23,32.0,Good,Ozone,24.0,12.0,0.0,17.0,30
2022-12-24,52.0,Moderate,PM2.5,35.0,21.0,0.0,6.0,27
2022-12-25,72.0,Moderate,PM2.5,48.0,24.0,0.0,10.0,39
2022-12-26,36.0,Good,PM2.5,55.0,31.0,0.0,14.0,53
2022-12-27,52.0,Moderate,PM2.5,46.0,24.0,0.0,16.0,59
2022-12-28,42.0,Good,Ozone,67.0,42.0,0.0,22.0,66
2022-12-29,49.0,Good,PM2.5,71.0,58.0,0.0,19.0,79
2022-12-30,50.0,Good,PM2.5,60.0,44.0,0.0,8.0,64
2022-12-31,50.0,Good,PM2.5,70.0,48.0,0.0,16.0,64
2023-01-01,52.0,Moderate,PM2.5,72.0,57.0,0.0,14.0,66
2023-01-02,57.0,Moderate,PM2.5,72.0,64.0,0.71,20.0,92
2023-01-03,46.0,Good,PM2.5,67.0,50.0,0.0,12.0,43
2023-01-04,35.0,Good,PM2.5,56.0,39.0,0.0,6.0,66
2023-01-05,53.0,Moderate,PM2.5,58.0,36.0,0.0,7.0,64
2023-01-06,54.0,Moderate,PM2.5,67.0,42.0,0.0,18.0,70
2023-01-07,32.0,Good,PM2.5,64.0,50.0,0.0,15.0,71
2023-01-08,53.0,Moderate,PM2.5,58.0,42.0,0.0,9.0,62
2023-01-09,62.0,Moderate,PM2.5,65.0,40.0,0.0,14.0,69
2023-01-10,56.0,Moderate,PM2.5,77.0,51.0,0.0,15.0,65
2023-01-11,49.0,Good,PM2.5,80.0,58.0,0.0,20.0,43
2023-01-12,43.0,Good,PM10,67.0,44.0,0.0,21.0,45
2023-01-13,51.0,Moderate,PM2.5,55.0,34.0,0.0,9.0,56
2023-01-14,53.0,Moderate,PM2.5,59.0,35.0,0.0,16.0,57
2023-01-15,39.0,Good,Ozone,70.0,50.0,0.0,24.0,66
2023-01-16,36.0,Good,PM2.5,73.0,60.0,0.0,21.0,65
2023-01-17,52.0,Moderate,PM2.5,74.0,51.0,0.0,11.0,53
2023-01-18,50.0,Good,PM2.5,71.0,56.0,0.06,17.0,55
2023-01-19,38.0,Good,NO2,58.0,44.0,0.0,15.0,39
2023-01-20,44.0,Good,PM2.5,57.0,39.0,0.0,9.0,61
2023-01-21,44.0,Good,PM2.5,56.0,45.0,0.03,10.0,73
2023-01-22,37.0,Good,Ozone,53.0,38.0,0.0,16.0,54
2023-01-23,51.0,Moderate,PM2.5,51.0,32.0,0.0,10.0,65
2023-01-24,35.0,Good,PM2.5,47.0,36.0,1.17,18.0,83
2023-01-25,47.0,Good,PM2.5,47.0,36.0,0.0,15.0,77
2023-01-26,46.0,Good,PM2.5,53.0,30.0,0.0,10.0,71
2023-01-27,47.0,Good,PM2.5,60.0,36.0,0.0,15.0,54
2023-01-28,50.0,Good,PM2.5,65.0,45.0,0.0,16.0,75
2023-01-29,49.0,Good,PM2.5,60.0,31.0,0.0,16.0,81
2023-01-30,32.0,Good,PM2.5,33.0,26.0,0.14,14.0,72
2023-01-31,41.0,Good,PM2.5,30.0,26.0,0.56,13.0,80
2023-02-01,51.0,Moderate,PM2.5,33.0,25.0,0.14,10.0,71
2023-02-02,59.0,Moderate,PM2.5,36.0,29.0,0.39,11.0,91
2023-02-03,71.0,Moderate,PM2.5,51.0,29.0,0.0,7.0,74
2023-02-04,67.0,Moderate,PM2.5,58.0,30.0,0.0,15.0,76
2023-02-05,55.0,Moderate,PM2.5,66.0,42.0,0.0,11.0,78
2023-02-06,37.0,Good,PM2.5,71.0,53.0,0.03,23.0,82
2023-02-07,34.0,Good,PM2.5,63.0,47.0,1.41,15.0,91
2023-02-08,25.0,Good,NO2,50.0,40.0,1.61,17.0,87
2023-02-09,46.0,Good,PM2.5,60.0,34.0,0.0,11.0,79
2023-02-10,30.0,Good,PM2.5,48.0,38.0,0.04,17.0,68
2023-02-11,50.0,Good,PM2.5,53.0,35.0,0.0,11.0,72
2023-02-12,66.0,Moderate,PM2.5,63.0,34.0,0.0,12.0,66
2023-02-13,51.0,Moderate,PM2.5,64.0,42.0,0.0,19.0,55
2023-02-14,33.0,Good,Ozone,69.0,53.0,0.67,26.0,60
2023-02-15,56.0,Moderate,PM2.5,76.0,46.0,0.0,22.0,59
2023-02-16,29.0,Good,Ozone,67.0,38.0,0.03,21.0,58
2023-02-17,39.0,Good,NO2,48.0,30.0,0.0,16.0,53
2023-02-18,52.0,Moderate,PM2.5,52.0,32.0,0.0,13.0,52
2023-02-19,42.0,Good,PM2.5,69.0,46.0,0.0,16.0,51
2023-02-20,40.0,Good,NO2,76.0,58.0,0.0,20.0,55
2023-02-21,46.0,Good,PM2.5,82.0,59.0,0.0,21.0,58
2023-02-22,39.0,Good,PM2.5,77.0,60.0,0.55,26.0,67
2023-02-23,35.0,Good,PM2.5,64.0,45.0,0.0,15.0,60
2023-02-24,35.0,Good,PM2.5,52.0,43.0,0.06,12.0,64
2023-02-25,61.0,Moderate,PM2.5,52.0,40.0,0.19,10.0,85
2023-02-26,70.0,Moderate,PM2.5,74.0,47.0,0.04,30.0,83
2023-02-27,125.0,Unhealthy for Sensitive Groups,PM2.5,70.0,52.0,0.11,30.0,45
2023-02-28,49.0,Good,PM2.5,77.0,49.0,0.0,13.0,46
2023-03-01,60.0,Moderate,PM2.5,74.0,62.0,0.09,16.0,83
2023-03-02,62.0,Moderate,PM2.5,77.0,55.0,0.81,25.0,82
2023-03-03,43.0,Good,PM2.5,63.0,46.0,0.23,18.0,66
2023-03-04,57.0,Moderate,PM2.5,72.0,45.0,0.0,13.0,69
2023-03-05,53.0,Moderate,PM2.5,74.0,55.0,0.0,16.0,66
2023-03-06,54.0,Moderate,PM2.5,78.0,56.0,0.0,15.0,74
2023-03-07,67.0,Moderate,PM2.5,78.0,58.0,0.19,12.0,86
2023-03-08,54.0,Moderate,PM2.5,67.0,55.0,0.46,12.0,87
2023-03-09,63.0,Moderate,PM2.5,70.0,56.0,0.34,13.0,88
2023-03-10,31.0,Good,Ozone,63.0,47.0,0.05,13.0,74
2023-03-11,63.0,Moderate,PM2.5,82.0,54.0,0.0,18.0,79
2023-03-12,34.0,Good,Ozone,67.0,51.0,0.0,16.0,63
2023-03-13,38.0,Good,Ozone,58.0,43.0,0.0,12.0,53
2023-03-14,48.0,Good,PM2.5,60.0,41.0,0.01,9.0,57
2023-03-15,63.0,Moderate,PM2.5,65.0,44.0,0.0,18.0,67
2023-03-16,43.0,Good,PM2.5,77.0,46.0,0.57,28.0,79
2023-03-17,37.0,Good,Ozone,53.0,41.0,0.0,18.0,47
2023-03-18,41.0,Good,Ozone,52.0,40.0,0.0,15.0,51
2023-03-19,42.0,Good,Ozone,51.0,33.0,0.0,8.0,50
2023-03-20,48.0,Good,PM2.5,54.0,37.0,0.0,19.0,56
2023-03-21,38.0,Good,PM2.5,69.0,49.0,0.09,18.0,79
2023-03-22,52.0,Moderate,PM2.5,80.0,65.0,0.02,20.0,80
2023-03-23,55.0,Moderate,PM2.5,82.0,66.0,0.02,25.0,75
2023-03-24,46.0,Good,PM2.5,75.0,62.0,1.35,17.0,76
2023-03-25,59.0,Moderate,PM2.5,72.0,53.0,0.0,14.0,37
2023-03-26,67.0,Moderate,Ozone,74.0,47.0,0.0,13.0,60
2023-03-27,43.0,Good,PM2.5,68.0,47.0,0.52,14.0,64
2023-03-28,52.0,Moderate,PM2.5,62.0,48.0,0.0,17.0,61
2023-03-29,62.0,Moderate,PM2.5,64.0,47.0,0.15,9.0,70
2023-03-30,59.0,Moderate,PM2.5,73.0,57.0,1.1,21.0,83
2023-03-31,60.0,Moderate,PM10,84.0,63.0,0.24,22.0,60
2023-04-01,53.0,Moderate,PM2.5,71.0,53.0,0.0,11.0,40
2023-04-02,62.0,Moderate,PM2.5,76.0,54.0,0.73,15.0,75
2023-04-03,64.0,Moderate,PM2.5,89.0,65.0,0.0,19.0,77
2023-04-04,71.0,Moderate,PM2.5,85.0,70.0,0.0,23.0,78
2023-04-05,52.0,Moderate,PM2.5,73.0,54.0,0.69,21.0,58
2023-04-06,43.0,Good,PM2.5,59.0,48.0,0.0,15.0,54
2023-04-07,38.0,Good,PM2.5,60.0,49.0,0.0,10.0,64
2023-04-08,49.0,Good,Ozone,69.0,51.0,0.0,8.0,75
2023-04-09,56.0,Moderate,PM2.5,72.0,51.0,0.0,14.0,77
2023-04-10,42.0,Good,PM2.5,71.0,57.0,0.08,12.0,79
2023-04-11,52.0,Moderate,PM2.5,73.0,54.0,0.0,9.0,73
2023-04-12,55.0,Moderate,PM2.5,75.0,53.0,0.0,10.0,69
2023-04-13,51.0,Moderate,PM2.5,76.0,55.0,0.0,10.0,66
2023-04-14,42.0,Good,PM2.5,77.0,58.0,0.02,18.0,74
2023-04-15,40.0,Good,Ozone,80.0,62.0,0.0,17.0,63
2023-04-16,48.0,Good,Ozone,71.0,47.0,0.0,12.0,47
2023-04-17,64.0,Moderate,Ozone,78.0,49.0,0.0,15.0,45
2023-04-18,55.0,Moderate,PM2.5,73.0,59.0,0.01,22.0,69
2023-04-19,54.0,Moderate,PM2.5,80.0,64.0,0.09,23.0,75
2023-04-20,66.0,Moderate,PM2.5,79.0,65.0,0.67,19.0,82
2023-04-21,54.0,Moderate,Ozone,74.0,56.0,0.0,14.0,60
2023-04-22,48.0,Good,PM2.5,72.0,51.0,0.0,14.0,54
2023-04-23,40.0,Good,Ozone,56.0,48.0,0.13,15.0,70
2023-04-24,47.0,Good,Ozone,67.0,45.0,0.27,14.0,68
2023-04-25,53.0,Moderate,PM2.5,71.0,55.0,0.27,15.0,80
2023-04-26,51.0,Moderate,PM2.5,71.0,57.0,1.77,16.0,89
2023-04-27,33.0,Good,Ozone,68.0,55.0,0.01,17.0,78
2023-04-28,41.0,Good,PM2.5,74.0,52.0,0.72,17.0,83
2023-04-29,40.0,Good,Ozone,69.0,52.0,0.0,18.0,64
2023-04-30,64.0,Moderate,Ozone,78.0,54.0,0.0,11.0,56
2023-05-01,49.0,Good,Ozone,72.0,54.0,0.0,9.0,52
2023-05-02,74.0,Moderate,Ozone,78.0,54.0,0.0,10.0,58
2023-05-03,77.0,Moderate,Ozone,78.0,60.0,0.01,11.0,60
2023-05-04,61.0,Moderate,PM2.5,80.0,62.0,0.02,15.0,76
2023-05-05,62.0,Moderate,PM2.5,91.0,70.0,0.0,17.0,77
2023-05-06,63.0,Moderate,PM2.5,88.0,70.0,0.3,18.0,75
2023-05-07,56.0,Moderate,PM2.5,86.0,67.0,0.41,19.0,79
2023-05-08,66.0,Moderate,PM2.5,88.0,69.0,0.09,17.0,75
2023-05-09,60.0,Moderate,PM2.5,83.0,69.0,0.04,14.0,82
2023-05-10,53.0,Moderate,PM2.5,78.0,67.0,0.09,11.0,87
2023-05-11,70.0,Moderate,PM2.5,79.0,63.0,0.27,19.0,89
2023-05-12,77.0,Moderate,PM2.5,82.0,69.0,1.83,17.0,88
2023-05-13,54.0,Moderate,Ozone,82.0,67.0,0.33,12.0,84
2023-05-14,44.0,Good,PM2.5,77.0,66.0,1.75,12.0,92
2023-05-15,48.0,Good,Ozone,84.0,66.0,0.07,12.0,83
2023-05-16,39.0,Good,Ozone,78.0,65.0,0.51,10.0,80
2023-05-17,74.0,Moderate,Ozone,81.0,59.0,0.0,7.0,74
2023-05-18,84.0,Moderate,Ozone,84.0,63.0,0.0,8.0,78
2023-05-19,53.0,Moderate,PM2.5,84.0,70.0,0.19,13.0,82
2023-05-20,78.0,Moderate,PM2.5,78.0,64.0,0.0,15.0,68
2023-05-21,62.0,Moderate,PM2.5,76.0,60.0,0.0,7.0,67
2023-05-22,108.0,Unhealthy for Sensitive Groups,Ozone,80.0,61.0,0.0,8.0,69
2023-05-23,74.0,Moderate,Ozone,83.0,66.0,0.0,9.0,70
2023-05-24,93.0,Moderate,Ozone,83.0,66.0,0.35,12.0,76
2023-05-25,61.0,Moderate,Ozone,82.0,66.0,0.0,8.0,70
2023-05-26,105.0,Unhealthy for Sensitive Groups,Ozone,87.0,64.0,0.0,11.0,59
2023-05-27,80.0,Moderate,Ozone,86.0,68.0,0.0,9.0,53
2023-05-28,72.0,Moderate,PM2.5,88.0,67.0,0.04,11.0,62
2023-05-29,64.0,Moderate,PM2.5,86.0,67.0,0.16,12.0,77
2023-05-30,56.0,Moderate,PM2.5,84.0,67.0,0.38,9.0,80
2023-05-31,67.0,Moderate,Ozone,88.0,68.0,0.0,9.0,71
2023-06-01,65.0,Moderate,PM2.5,88.0,70.0,0.02,11.0,68
2023-06-02,68.0,Moderate,PM2.5,89.0,71.0,0.06,11.0,70
2023-06-03,80.0,Moderate,Ozone,84.0,70.0,0.88,14.0,80
2023-06-04,93.0,Moderate,Ozone,85.0,64.0,0.24,13.0,77
2023-06-05,71.0,Moderate,Ozone,83.0,67.0,0.12,11.0,76
2023-06-06,67.0,Moderate,Ozone,85.0,67.0,0.43,10.0,76
2023-06-07,172.0,Unhealthy,Ozone,86.0,66.0,0.06,9.0,77
2023-06-08,126.0,Unhealthy for Sensitive Groups,Ozone,87.0,67.0,0.2,11.0,78
2023-06-09,108.0,Unhealthy for Sensitive Groups,Ozone,91.0,69.0,0.0,13.0,68
2023-06-10,54.0,Moderate,Ozone,90.0,74.0,0.03,15.0,66
2023-06-11,67.0,Moderate,Ozone,95.0,73.0,0.0,18.0,73
2023-06-12,47.0,Good,Ozone,87.0,73.0,0.19,15.0,76
2023-06-13,64.0,Moderate,PM2.5,82.0,69.0,0.16,11.0,86
2023-06-14,71.0,Moderate,PM2.5,86.0,70.0,0.74,12.0,87
2023-06-15,82.0,Moderate,PM2.5,91.0,67.0,0.61,18.0,81
2023-06-16,61.0,Moderate,Ozone,95.0,72.0,0.02,17.0,73
2023-06-17,65.0,Moderate,PM2.5,87.0,73.0,0.3,15.0,78
2023-06-18,100.0,Moderate,Ozone,90.0,70.0,1.88,16.0,76
2023-06-19,60.0,Moderate,PM2.5,93.0,71.0,0.21,17.0,81
2023-06-20,69.0,Moderate,PM2.5,95.0,76.0,0.18,15.0,76
2023-06-21,75.0,Moderate,PM2.5,95.0,78.0,0.04,15.0,77
2023-06-22,58.0,Moderate,PM2.5,89.0,76.0,0.04,12.0,71
2023-06-23,62.0,Moderate,PM2.5,90.0,75.0,0.23,13.0,78
2023-06-24,54.0,Moderate,PM2.5,97.0,76.0,0.0,19.0,71
2023-06-25,48.0,Good,PM2.5,100.0,79.0,0.0,16.0,64
2023-06-26,54.0,Moderate,PM2.5,100.0,81.0,0.0,13.0,64
2023-06-27,52.0,Moderate,PM2.5,100.0,78.0,0.0,15.0,62
2023-06-28,57.0,Moderate,PM2.5,100.0,79.0,0.0,14.0,57
2023-06-29,55.0,Moderate,PM2.5,100.0,80.0,0.0,13.0,57
2023-06-30,54.0,Moderate,PM2.5,97.0,79.0,0.0,13.0,56
2023-07-01,45.0,Good,Ozone,92.0,78.0,0.0,13.0,59
2023-07-02,47.0,Good,PM2.5,89.0,73.0,0.83,12.0,73
2023-07-03,55.0,Moderate,PM2.5,94.0,76.0,0.58,20.0,68
2023-07-04,57.0,Moderate,PM2.5,91.0,74.0,0.27,14.0,73
2023-07-05,53.0,Moderate,PM2.5,95.0,79.0,0.02,10.0,64
2023-07-06,44.0,Good,PM2.5,95.0,78.0,0.08,17.0,64
2023-07-07,48.0,Good,PM2.5,94.0,77.0,0.0,16.0,62
2023-07-08,44.0,Good,Ozone,96.0,79.0,0.3,12.0,65
2023-07-09,87.0,Moderate,Ozone,91.0,78.0,0.7,12.0,75
2023-07-10,67.0,Moderate,Ozone,91.0,76.0,0.27,11.0,80
2023-07-11,53.0,Moderate,PM2.5,94.0,76.0,0.26,13.0,78
2023-07-12,58.0,Moderate,PM2.5,100.0,81.0,0.0,14.0,61
2023-07-13,53.0,Moderate,PM2.5,101.0,81.0,0.0,17.0,60
2023-07-14,69.0,Moderate,PM2.5,102.0,82.0,0.0,16.0,52
2023-07-15,65.0,Moderate,PM2.5,98.0,79.0,0.15,16.0,60
2023-07-16,54.0,Moderate,PM2.5,90.0,77.0,0.48,10.0,78
2023-07-17,77.0,Moderate,Ozone,103.0,75.0,0.0,15.0,55
2023-07-18,64.0,Moderate,PM2.5,105.0,82.0,0.0,15.0,43
2023-07-19,68.0,Moderate,PM2.5,103.0,82.0,0.0,15.0,46
2023-07-20,69.0,Moderate,PM2.5,101.0,81.0,0.0,15.0,49
2023-07-21,115.0,Unhealthy for Sensitive Groups,Ozone,101.0,82.0,0.0,10.0,47
2023-07-22,74.0,Moderate,Ozone,93.0,77.0,0.0,13.0,54
2023-07-23,90.0,Moderate,Ozone,95.0,71.0,0.0,9.0,55
2023-07-24,108.0,Unhealthy for Sensitive Groups,Ozone,100.0,76.0,0.0,11.0,46
2023-07-25,74.0,Moderate,Ozone,101.0,80.0,0.0,13.0,43
2023-07-26,70.0,Moderate,PM2.5,100.0,81.0,0.0,12.0,43
2023-07-27,74.0,Moderate,PM2.5,100.0,81.0,0.0,11.0,41
2023-07-28,77.0,Moderate,Ozone,100.0,82.0,0.0,10.0,41
2023-07-29,72.0,Moderate,PM2.5,100.0,81.0,0.0,9.0,41
2023-07-30,68.0,Moderate,PM2.5,103.0,79.0,0.0,7.0,37
2023-07-31,71.0,Moderate,Ozone,104.0,82.0,0.0,8.0,37
2023-08-01,129.0,Unhealthy for Sensitive Groups,Ozone,105.0,83.0,0.0,12.0,40
2023-08-02,74.0,Moderate,Ozone,106.0,87.0,0.0,14.0,36
2023-08-03,58.0,Moderate,Ozone,105.0,85.0,0.0,14.0,35
2023-08-04,48.0,Good,Ozone,105.0,85.0,0.0,14.0,40
2023-08-05,57.0,Moderate,PM2.5,105.0,86.0,0.0,13.0,39
2023-08-06,48.0,Good,PM2.5,104.0,86.0,0.0,12.0,38
2023-08-07,64.0,Moderate,Ozone,103.0,85.0,0.0,15.0,44
2023-08-08,56.0,Moderate,PM2.5,101.0,83.0,0.03,16.0,45
2023-08-09,49.0,Good,PM10,107.0,83.0,0.01,18.0,43
2023-08-10,77.0,Moderate,Ozone,107.0,85.0,0.0,17.0,43
2023-08-11,53.0,Moderate,PM2.5,107.0,84.0,0.0,16.0,40
2023-08-12,53.0,Moderate,PM2.5,108.0,82.0,0.0,17.0,42
2023-08-13,52.0,Moderate,PM2.5,107.0,83.0,0.0,15.0,41
2023-08-14,93.0,Moderate,Ozone,100.0,84.0,0.0,16.0,41
2023-08-15,61.0,Moderate,Ozone,96.0,78.0,0.0,13.0,37
2023-08-16,136.0,Unhealthy for Sensitive Groups,Ozone,94.0,72.0,0.0,9.0,40
2023-08-17,129.0,Unhealthy for Sensitive Groups,Ozone,108.0,75.0,0.0,10.0,34
2023-08-18,115.0,Unhealthy for Sensitive Groups,Ozone,109.0,84.0,0.0,10.0,29
2023-08-19,101.0,Unhealthy for Sensitive Groups,Ozone,107.0,85.0,0.0,9.0,32
2023-08-20,100.0,Moderate,Ozone,106.0,83.0,0.0,15.0,36
2023-08-21,119.0,Unhealthy for Sensitive Groups,Ozone,104.0,83.0,0.0,12.0,40
2023-08-22,69.0,Moderate,PM2.5,103.0,84.0,0.0,12.0,41
2023-08-23,67.0,Moderate,PM2.5,103.0,84.0,0.0,10.0,42
2023-08-24,122.0,Unhealthy for Sensitive Groups,Ozone,105.0,87.0,0.0,11.0,38
2023-08-25,140.0,Unhealthy for Sensitive Groups,Ozone,107.0,86.0,0.0,9.0,33
2023-08-26,143.0,Unhealthy for Sensitive Groups,Ozone,107.0,88.0,0.0,11.0,30
2023-08-27,58.0,Moderate,Ozone,99.0,80.0,0.19,14.0,56
2023-08-28,67.0,Moderate,Ozone,94.0,78.0,0.0,13.0,51
2023-08-29,80.0,Moderate,Ozone,98.0,77.0,0.0,12.0,46
2023-08-30,93.0,Moderate,Ozone,100.0,78.0,0.0,15.0,37
2023-08-31,143.0,Unhealthy for Sensitive Groups,Ozone,98.0,75.0,0.0,12.0,40
2023-09-01,108.0,Unhealthy for Sensitive Groups,Ozone,97.0,76.0,0.0,11.0,39
2023-09-02,126.0,Unhealthy for Sensitive Groups,Ozone,96.0,72.0,0.0,10.0,38
2023-09-03,84.0,Moderate,Ozone,96.0,73.0,0.15,15.0,51
2023-09-04,53.0,Moderate,PM2.5,98.0,80.0,0.06,15.0,52
2023-09-05,48.0,Good,PM2.5,103.0,80.0,0.0,15.0,51
2023-09-06,147.0,Unhealthy for Sensitive Groups,Ozone,102.0,83.0,0.0,14.0,43
2023-09-07,126.0,Unhealthy for Sensitive Groups,Ozone,106.0,81.0,0.0,8.0,34
2023-09-08,112.0,Unhealthy for Sensitive Groups,Ozone,106.0,84.0,0.0,13.0,32
2023-09-09,105.0,Unhealthy for Sensitive Groups,Ozone,95.0,75.0,0.0,15.0,56
2023-09-10,74.0,Moderate,Ozone,94.0,73.0,0.0,10.0,40
2023-09-11,64.0,Moderate,Ozone,92.0,73.0,0.0,12.0,41
2023-09-12,63.0,Moderate,PM2.5,85.0,72.0,0.13,13.0,64
2023-09-13,58.0,Moderate,PM2.5,82.0,71.0,0.18,9.0,74
2023-09-14,54.0,Moderate,PM2.5,78.0,70.0,0.98,10.0,88
2023-09-15,60.0,Moderate,PM2.5,83.0,68.0,0.08,9.0,83
2023-09-16,84.0,Moderate,Ozone,83.0,69.0,0.01,6.0,79
2023-09-17,97.0,Moderate,Ozone,87.0,69.0,0.0,6.0,60
2023-09-18,119.0,Unhealthy for Sensitive Groups,Ozone,92.0,66.0,0.0,11.0,45
2023-09-19,122.0,Unhealthy for Sensitive Groups,Ozone,94.0,74.0,0.07,16.0,45
2023-09-20,77.0,Moderate,Ozone,94.0,74.0,0.02,19.0,59
2023-09-21,52.0,Moderate,PM2.5,92.0,76.0,0.44,12.0,65
2023-09-22,46.0,Good,PM2.5,97.0,76.0,0.17,13.0,61
2023-09-23,46.0,Good,PM2.5,96.0,78.0,0.0,15.0,62
2023-09-24,41.0,Good,Ozone,97.0,76.0,0.15,15.0,64
2023-09-25,51.0,Moderate,Ozone,89.0,72.0,0.06,18.0,74
2023-09-26,80.0,Moderate,Ozone,91.0,70.0,0.0,9.0,59
2023-09-27,112.0,Unhealthy for Sensitive Groups,Ozone,92.0,71.0,0.0,8.0,55
2023-09-28,80.0,Moderate,Ozone,96.0,71.0,0.0,10.0,52
2023-09-29,80.0,Moderate,Ozone,96.0,75.0,0.0,14.0,53
2023-09-30,52.0,Moderate,PM2.5,96.0,74.0,0.0,12.0,48
2023-10-01,77.0,Moderate,Ozone,92.0,70.0,0.0,11.0,46
2023-10-02,71.0,Moderate,Ozone,92.0,71.0,0.0,11.0,49
2023-10-03,55.0,Moderate,PM2.5,90.0,72.0,0.0,13.0,49
2023-10-04,39.0,Good,Ozone,89.0,74.0,2.62,15.0,79
2023-10-05,42.0,Good,Ozone,82.0,70.0,0.74,9.0,79
2023-10-06,64.0,Moderate,Ozone,84.0,64.0,0.0,12.0,60
2023-10-07,38.0,Good,Ozone,69.0,58.0,0.0,14.0,37
2023-10-08,53.0,Moderate,PM2.5,76.0,53.0,0.0,9.0,48
2023-10-09,49.0,Good,Ozone,87.0,63.0,0.0,12.0,45
2023-10-10,45.0,Good,Ozone,85.0,67.0,0.0,15.0,56
2023-10-11,36.0,Good,PM2.5,79.0,68.0,0.0,18.0,71
2023-10-12,54.0,Moderate,PM2.5,82.0,64.0,0.0,20.0,73
2023-10-13,35.0,Good,Ozone,80.0,66.0,0.0,20.0,56
2023-10-14,30.0,Good,Ozone,72.0,55.0,0.0,15.0,43
2023-10-15,28.0,Good,Ozone,68.0,54.0,0.0,19.0,52
2023-10-16,38.0,Good,Ozone,65.0,49.0,0.0,12.0,55
2023-10-17,55.0,Moderate,PM2.5,72.0,45.0,0.0,11.0,56
2023-10-18,54.0,Moderate,Ozone,81.0,57.0,0.0,17.0,41
2023-10-19,53.0,Moderate,PM2.5,84.0,57.0,0.0,11.0,48
2023-10-20,56.0,Moderate,PM2.5,91.0,63.0,0.0,9.0,33
2023-10-21,56.0,Moderate,PM2.5,92.0,62.0,0.0,11.0,39
2023-10-22,58.0,Moderate,PM2.5,86.0,67.0,0.0,13.0,49
2023-10-23,53.0,Moderate,PM2.5,81.0,69.0,0.6,15.0,80
2023-10-24,53.0,Moderate,PM2.5,80.0,70.0,1.08,18.0,86
2023-10-25,54.0,Moderate,PM2.5,82.0,71.0,1.1,17.0,83
2023-10-26,36.0,Good,PM2.5,82.0,70.0,1.0,18.0,85
2023-10-27,55.0,Moderate,PM2.5,83.0,66.0,0.43,14.0,87
2023-10-28,32.0,Good,PM2.5,73.0,63.0,1.15,10.0,92
2023-10-29,23.0,Good,Ozone,62.0,43.0,0.84,18.0,82
2023-10-30,31.0,Good,Ozone,50.0,39.0,0.25,19.0,56
2023-10-31,39.0,Good,PM2.5,58.0,35.0,0.0,13.0,52
2023-11-01,41.0,Good,PM2.5,52.0,34.0,0.0,9.0,54
2023-11-02,58.0,Moderate,PM2.5,60.0,37.0,0.0,11.0,59
2023-11-03,58.0,Moderate,PM2.5,70.0,47.0,0.0,17.0,63
2023-11-04,62.0,Moderate,PM2.5,73.0,56.0,0.0,13.0,78
2023-11-05,55.0,Moderate,PM2.5,79.0,59.0,0.0,14.0,79
2023-11-06,42.0,Good,PM2.5,80.0,65.0,0.0,18.0,73
2023-11-07,39.0,Good,Ozone,83.0,64.0,0.0,16.0,70
2023-11-08,50.0,Good,PM2.5,83.0,67.0,0.0,17.0,72
2023-11-09,52.0,Moderate,PM2.5,74.0,54.0,0.75,14.0,88
2023-11-10,36.0,Good,PM2.5,64.0,52.0,0.15,14.0,77
2023-11-11,36.0,Good,PM2.5,62.0,54.0,0.0,10.0,56
2023-11-12,57.0,Moderate,PM2.5,65.0,54.0,0.0,7.0,61
2023-11-13,59.0,Moderate,PM2.5,68.0,52.0,0.02,10.0,56
2023-11-14,64.0,Moderate,PM2.5,68.0,49.0,0.0,6.0,69
2023-11-15,81.0,Moderate,PM2.5,70.0,48.0,0.0,6.0,76
2023-11-16,59.0,Moderate,PM2.5,67.0,53.0,0.0,11.0,82
2023-11-17,65.0,Moderate,PM2.5,64.0,54.0,0.0,11.0,86
2023-11-18,67.0,Moderate,PM2.5,69.0,58.0,0.0,7.0,76
2023-11-19,76.0,Moderate,PM2.5,68.0,53.0,0.25,17.0,84
2023-11-20,57.0,Moderate,PM2.5,74.0,57.0,0.0,18.0,76
2023-11-21,40.0,Good,PM2.5,59.0,49.0,0.0,21.0,56
2023-11-22,49.0,Good,PM2.5,58.0,39.0,0.0,10.0,49
2023-11-23,55.0,Moderate,PM2.5,62.0,41.0,0.0,12.0,58
2023-11-24,69.0,Moderate,PM2.5,61.0,40.0,0.0,8.0,79
2023-11-25,72.0,Moderate,PM2.5,61.0,42.0,0.31,10.0,74
2023-11-26,46.0,Good,PM2.5,53.0,37.0,0.01,18.0,64
2023-11-27,55.0,Moderate,PM2.5,52.0,31.0,0.0,6.0,62
2023-11-28,61.0,Moderate,PM2.5,60.0,37.0,0.0,7.0,58
2023-11-29,55.0,Moderate,PM2.5,63.0,42.0,0.0,12.0,52
2023-11-30,60.0,Moderate,PM2.5,64.0,55.0,2.53,14.0,86
2023-12-01,54.0,Moderate,PM2.5,59.0,44.0,0.0,11.0,75
2023-12-02,64.0,Moderate,PM2.5,60.0,40.0,0.0,8.0,82
2023-12-03,45.0,Good,PM2.5,69.0,41.0,0.0,14.0,46
2023-12-04,37.0,Good,PM2.5,59.0,43.0,0.0,16.0,47
2023-12-05,62.0,Moderate,PM2.5,65.0,40.0,0.0,8.0,62
2023-12-06,33.0,Good,PM2.5,62.0,42.0,0.0,10.0,54
2023-12-07,45.0,Good,PM2.5,69.0,49.0,0.0,21.0,58
2023-12-08,36.0,Good,PM2.5,77.0,60.0,0.0,21.0,74
2023-12-09,34.0,Good,Ozone,65.0,49.0,0.0,18.0,63
2023-12-10,33.0,Good,NO2,52.0,37.0,0.0,13.0,39
2023-12-11,46.0,Good,PM2.5,62.0,37.0,0.0,8.0,40
2023-12-12,54.0,Moderate,PM2.5,63.0,40.0,0.0,12.0,52
2023-12-13,58.0,Moderate,PM2.5,56.0,48.0,0.0,12.0,48
2023-12-14,53.0,Moderate,PM2.5,63.0,44.0,0.02,12.0,54
2023-12-15,58.0,Moderate,PM2.5,59.0,50.0,0.61,16.0,79
2023-12-16,46.0,Good,PM2.5,58.0,41.0,0.0,13.0,73
2023-12-17,64.0,Moderate,PM2.5,66.0,38.0,0.0,7.0,67
2023-12-18,51.0,Moderate,PM2.5,60.0,44.0,0.0,12.0,61
2023-12-19,41.0,Good,PM2.5,57.0,38.0,0.0,11.0,56
2023-12-20,51.0,Moderate,PM2.5,66.0,46.0,0.0,12.0,71
2023-12-21,55.0,Moderate,PM2.5,61.0,56.0,0.45,12.0,87
2023-12-22,59.0,Moderate,PM2.5,70.0,56.0,0.14,11.0,85
2023-12-23,52.0,Moderate,PM2.5,67.0,56.0,0.42,15.0,93
2023-12-24,37.0,Good,Ozone,67.0,49.0,1.35,17.0,89
2023-12-25,33.0,Good,Ozone,50.0,38.0,0.0,16.0,54
2023-12-26,38.0,Good,PM2.5,55.0,33.0,0.0,15.0,61
2023-12-27,29.0,Good,Ozone,49.0,38.0,0.0,15.0,64
2023-12-28,26.0,Good,Ozone,49.0,35.0,0.0,13.0,59
2023-12-29,30.0,Good,Ozone,53.0,33.0,0.0,15.0,66
2023-12-30,43.0,Good,PM2.5,61.0,34.0,0.0,9.0,66
2023-12-31,47.0,Good,PM2.5,62.0,40.0,0.0,12.0,62
2024-01-01,59.0,Moderate,PM2.5,48.0,32.0,0.0,13.0,70
2024-01-02,60.0,Moderate,PM2.5,48.0,33.0,0.35,8.0,78
2024-01-03,58.0,Moderate,PM2.5,54.0,42.0,0.01,7.0,81
2024-01-04,66.0,Moderate,PM2.5,57.0,36.0,0.0,15.0,79
2024-01-05,58.0,Moderate,PM2.5,59.0,43.0,0.28,16.0,78
2024-01-06,34.0,Good,PM2.5,53.0,38.0,0.0,12.0,75
2024-01-07,49.0,Good,PM2.5,58.0,33.0,0.0,17.0,72
2024-01-08,31.0,Good,Ozone,61.0,44.0,0.35,23.0,57
2024-01-09,32.0,Good,NO2,47.0,34.0,0.0,24.0,50
2024-01-10,56.0,Moderate,PM2.5,63.0,34.0,0.0,19.0,48
2024-01-11,76.0,Moderate,PM2.5,67.0,40.0,0.0,19.0,67
2024-01-12,70.0,Moderate,PM2.5,60.0,28.0,0.05,22.0,56
2024-01-13,46.0,Good,PM2.5,59.0,26.0,0.0,19.0,48
2024-01-14,29.0,Good,PM2.5,24.0,13.0,0.01,15.0,40
2024-01-15,34.0,Good,PM2.5,28.0,11.0,0.0,16.0,43
2024-01-16,36.0,Good,NO2,26.0,12.0,0.0,16.0,38
2024-01-17,49.0,Good,PM2.5,42.0,17.0,0.0,17.0,31
2024-01-18,54.0,Moderate,PM2.5,55.0,34.0,0.0,17.0,55
2024-01-19,47.0,Good,PM2.5,39.0,25.0,0.0,18.0,50
2024-01-20,30.0,Good,Ozone,35.0,20.0,0.0,10.0,36
2024-01-21,45.0,Good,PM2.5,36.0,27.0,0.07,13.0,54
2024-01-22,57.0,Moderate,PM2.5,48.0,34.0,1.7,12.0,93
2024-01-23,52.0,Moderate,PM2.5,53.0,43.0,0.15,7.0,96
2024-01-24,46.0,Good,PM2.5,51.0,44.0,0.05,8.0,92
2024-01-25,55.0,Moderate,PM2.5,60.0,43.0,0.14,7.0,88
2024-01-26,63.0,Moderate,PM2.5,60.0,39.0,0.27,12.0,90
2024-01-27,31.0,Good,PM2.5,53.0,39.0,0.31,18.0,81
2024-01-28,52.0,Moderate,PM2.5,59.0,32.0,0.0,9.0,77
2024-01-29,56.0,Moderate,PM2.5,68.0,41.0,0.0,8.0,69
2024-01-30,62.0,Moderate,PM2.5,71.0,44.0,0.0,8.0,68
2024-01-31,64.0,Moderate,PM2.5,71.0,43.0,0.0,8.0,73
2024-02-01,53.0,Moderate,PM2.5,69.0,51.0,0.02,15.0,62
2024-02-02,39.0,Good,PM2.5,67.0,55.0,0.19,18.0,90
2024-02-03,38.0,Good,NO2,68.0,49.0,0.67,16.0,78
2024-02-04,37.0,Good,Ozone,59.0,46.0,0.06,18.0,84
2024-02-05,56.0,Moderate,PM2.5,60.0,48.0,0.0,18.0,72
2024-02-06,61.0,Moderate,PM2.5,62.0,37.0,0.0,8.0,73
2024-02-07,51.0,Moderate,PM2.5,65.0,48.0,0.0,17.0,62
2024-02-08,47.0,Good,PM2.5,70.0,58.0,0.0,16.0,66
2024-02-09,75.0,Moderate,PM2.5,72.0,52.0,0.07,16.0,67
2024-02-10,44.0,Good,PM2.5,58.0,52.0,0.65,12.0,82
2024-02-11,22.0,Good,Ozone,52.0,41.0,0.36,18.0,89
2024-02-12,31.0,Good,Ozone,55.0,40.0,0.0,20.0,65
2024-02-13,40.0,Good,PM2.5,61.0,33.0,0.0,9.0,68
2024-02-14,46.0,Good,Ozone,65.0,43.0,0.0,15.0,64
2024-02-15,42.0,Good,PM2.5,69.0,52.0,0.0,12.0,80
2024-02-16,41.0,Good,PM2.5,71.0,45.0,0.0,20.0,69
2024-02-17,37.0,Good,Ozone,44.0,33.0,0.0,17.0,50
2024-02-18,52.0,Moderate,PM2.5,50.0,27.0,0.0,11.0,55
2024-02-19,45.0,Good,PM2.5,64.0,37.0,0.0,17.0,55
2024-02-20,52.0,Moderate,PM2.5,74.0,42.0,0.0,15.0,70
2024-02-21,43.0,Good,Ozone,77.0,58.0,0.0,19.0,75
2024-02-22,44.0,Good,Ozone,77.0,61.0,0.0,18.0,63
2024-02-23,43.0,Good,Ozone,69.0,51.0,0.0,12.0,48
2024-02-24,46.0,Good,Ozone,74.0,44.0,0.0,13.0,46
2024-02-25,48.0,Good,Ozone,82.0,58.0,0.0,17.0,43
2024-02-26,55.0,Moderate,PM2.5,91.0,57.0,0.0,19.0,51
2024-02-27,70.0,Moderate,PM2.5,80.0,65.0,0.0,20.0,74
2024-02-28,36.0,Good,PM10,73.0,41.0,0.0,24.0,41
2024-02-29,42.0,Good,PM2.5,52.0,42.0,0.67,11.0,53
2024-03-01,57.0,Moderate,PM2.5,67.0,38.0,0.0,11.0,76
2024-03-02,59.0,Moderate,PM2.5,79.0,48.0,0.0,17.0,68
2024-03-03,55.0,Moderate,PM2.5,79.0,60.0,0.0,17.0,75
2024-03-04,62.0,Moderate,PM2.5,81.0,64.0,0.01,15.0,74
2024-03-05,67.0,Moderate,PM2.5,79.0,58.0,0.04,10.0,74
2024-03-06,68.0,Moderate,PM2.5,78.0,52.0,0.0,10.0,71
2024-03-07,54.0,Moderate,PM2.5,70.0,61.0,0.61,16.0,82
2024-03-08,38.0,Good,Ozone,71.0,48.0,0.43,21.0,84
2024-03-09,40.0,Good,Ozone,58.0,43.0,0.0,18.0,59
2024-03-10,48.0,Good,PM2.5,62.0,39.0,0.0,6.0,60
2024-03-11,55.0,Moderate,PM2.5,69.0,45.0,0.02,11.0,58
2024-03-12,51.0,Moderate,PM2.5,75.0,54.0,0.0,19.0,71
2024-03-13,41.0,Good,PM2.5,82.0,61.0,0.0,19.0,74
2024-03-14,63.0,Moderate,PM2.5,84.0,65.0,1.06,19.0,82
2024-03-15,49.0,Good,PM2.5,72.0,58.0,0.42,16.0,78
2024-03-16,39.0,Good,PM2.5,65.0,55.0,0.59,11.0,87
2024-03-17,48.0,Good,PM2.5,67.0,54.0,0.03,15.0,69
2024-03-18,42.0,Good,Ozone,58.0,45.0,0.0,13.0,49
2024-03-19,47.0,Good,PM2.5,64.0,38.0,0.0,10.0,59
2024-03-20,43.0,Good,Ozone,72.0,49.0,0.0,11.0,60
2024-03-21,42.0,Good,PM2.5,70.0,56.0,0.81,13.0,82
2024-03-22,41.0,Good,PM2.5,69.0,55.0,0.02,15.0,83
2024-03-23,63.0,Moderate,PM2.5,66.0,47.0,0.0,11.0,72
2024-03-24,65.0,Moderate,PM2.5,71.0,57.0,0.11,28.0,71
2024-03-25,57.0,Moderate,PM2.5,74.0,49.0,1.17,20.0,60
2024-03-26,40.0,Good,Ozone,57.0,39.0,0.0,13.0,51
2024-03-27,44.0,Good,Ozone,63.0,40.0,0.0,9.0,63
2024-03-28,61.0,Moderate,Ozone,71.0,42.0,0.0,11.0,70
2024-03-29,51.0,Moderate,Ozone,76.0,56.0,0.0,22.0,67
2024-03-30,43.0,Good,Ozone,79.0,59.0,0.0,17.0,74
2024-03-31,56.0,Moderate,PM2.5,81.0,64.0,0.01,17.0,76
2024-04-01,75.0,Moderate,PM2.5,83.0,66.0,0.43,20.0,80
2024-04-02,56.0,Moderate,PM2.5,69.0,54.0,0.0,20.0,56
2024-04-03,59.0,Moderate,PM2.5,71.0,49.0,0.0,17.0,53
2024-04-04,67.0,Moderate,Ozone,80.0,48.0,0.0,7.0,59
2024-04-05,74.0,Moderate,Ozone,82.0,54.0,0.0,12.0,57
2024-04-06,44.0,Good,Ozone,80.0,60.0,0.0,24.0,60
2024-04-07,54.0,Moderate,Ozone,77.0,58.0,0.0,18.0,45
2024-04-08,60.0,Moderate,PM2.5,83.0,55.0,0.19,16.0,63
2024-04-09,40.0,Good,Ozone,71.0,62.0,0.68,18.0,87
2024-04-10,43.0,Good,Ozone,65.0,57.0,0.91,22.0,87
2024-04-11,45.0,Good,Ozone,71.0,51.0,0.0,17.0,57
2024-04-12,54.0,Moderate,Ozone,77.0,49.0,0.0,13.0,57
2024-04-13,58.0,Moderate,Ozone,79.0,58.0,0.0,21.0,62
2024-04-14,52.0,Moderate,PM2.5,82.0,63.0,0.0,18.0,71
2024-04-15,55.0,Moderate,PM2.5,80.0,65.0,0.02,24.0,81
2024-04-16,58.0,Moderate,PM2.5,84.0,70.0,0.05,20.0,73
2024-04-17,71.0,Moderate,PM2.5,83.0,67.0,0.0,14.0,80
2024-04-18,69.0,Moderate,PM2.5,86.0,68.0,0.03,15.0,77
2024-04-19,39.0,Good,PM2.5,72.0,58.0,0.04,13.0,68
2024-04-20,35.0,Good,Ozone,64.0,50.0,1.46,20.0,86
2024-04-21,44.0,Good,Ozone,65.0,51.0,0.0,12.0,59
2024-04-22,52.0,Moderate,PM2.5,68.0,46.0,0.0,11.0,62
2024-04-23,44.0,Good,Ozone,76.0,56.0,0.0,20.0,71
2024-04-24,50.0,Good,PM2.5,80.0,63.0,0.02,12.0,82
2024-04-25,60.0,Moderate,PM2.5,80.0,66.0,0.0,21.0,79
2024-04-26,62.0,Moderate,PM2.5,76.0,67.0,0.26,22.0,87
2024-04-27,74.0,Moderate,PM2.5,83.0,67.0,1.94,29.0,84
2024-04-28,46.0,Good,PM2.5,73.0,66.0,1.56,27.0,90
2024-04-29,87.0,Moderate,Ozone,82.0,63.0,0.01,7.0,81
2024-04-30,77.0,Moderate,PM2.5,83.0,64.0,0.06,15.0,81
2024-05-01,61.0,Moderate,Ozone,82.0,68.0,0.17,18.0,79
2024-05-02,66.0,Moderate,PM2.5,83.0,67.0,0.06,13.0,82
2024-05-03,50.0,Good,Ozone,82.0,65.0,0.58,14.0,85
2024-05-04,53.0,Moderate,PM2.5,80.0,67.0,0.01,17.0,81
2024-05-05,80.0,Moderate,Ozone,82.0,65.0,1.7,13.0,79
2024-05-06,61.0,Moderate,PM2.5,85.0,68.0,0.14,18.0,84
2024-05-07,77.0,Moderate,Ozone,88.0,72.0,0.0,20.0,73
2024-05-08,90.0,Moderate,PM2.5,90.0,73.0,0.02,18.0,77
2024-05-09,61.0,Moderate,PM2.5,78.0,68.0,0.33,14.0,87
2024-05-10,51.0,Moderate,Ozone,80.0,64.0,0.0,14.0,59
2024-05-11,49.0,Good,Ozone,77.0,62.0,0.01,11.0,64
2024-05-12,54.0,Moderate,PM2.5,72.0,64.0,1.68,15.0,85
2024-05-13,50.0,Good,Ozone,82.0,63.0,0.02,11.0,80
2024-05-14,93.0,Moderate,Ozone,82.0,62.0,0.0,12.0,68
2024-05-15,84.0,Moderate,Ozone,86.0,63.0,0.0,14.0,67
2024-05-16,55.0,Moderate,PM2.5,75.0,67.0,0.13,17.0,79
2024-05-17,77.0,Moderate,Ozone,81.0,62.0,0.04,12.0,80
2024-05-18,67.0,Moderate,Ozone,87.0,64.0,0.0,9.0,78
2024-05-19,62.0,Moderate,PM2.5,88.0,70.0,0.0,15.0,74
2024-05-20,61.0,Moderate,PM2.5,87.0,71.0,0.0,17.0,68
2024-05-21,94.0,Moderate,PM2.5,89.0,72.0,0.01,21.0,74
2024-05-22,81.0,Moderate,PM2.5,86.0,72.0,1.09,20.0,85
2024-05-23,69.0,Moderate,PM2.5,87.0,73.0,0.09,17.0,82
2024-05-24,84.0,Moderate,PM2.5,89.0,74.0,0.49,18.0,82
2024-05-25,93.0,Moderate,PM2.5,90.0,71.0,0.03,19.0,82
2024-05-26,80.0,Moderate,PM2.5,96.0,76.0,0.0,22.0,62
2024-05-27,109.0,Unhealthy for Sensitive Groups,PM2.5,90.0,72.0,0.03,9.0,79
2024-05-28,64.0,Moderate,Ozone,82.0,67.0,0.67,20.0,79
2024-05-29,58.0,Moderate,Ozone,85.0,68.0,0.0,9.0,77
2024-05-30,50.0,Good,PM2.5,82.0,69.0,1.31,14.0,87
2024-05-31,126.0,Unhealthy for Sensitive Groups,Ozone,83.0,69.0,1.69,12.0,78
2024-06-01,47.0,Good,Ozone,82.0,67.0,0.27,10.0,83
2024-06-02,54.0,Moderate,PM2.5,84.0,69.0,0.05,15.0,88
2024-06-03,59.0,Moderate,PM2.5,87.0,70.0,2.03,23.0,89
2024-06-04,80.0,Moderate,PM2.5,90.0,69.0,0.28,22.0,85
2024-06-05,93.0,Moderate,Ozone,88.0,70.0,0.04,18.0,75
2024-06-06,133.0,Unhealthy for Sensitive Groups,Ozone,90.0,64.0,0.0,7.0,66
2024-06-07,80.0,Moderate,Ozone,91.0,71.0,0.0,12.0,69
2024-06-08,54.0,Moderate,Ozone,92.0,76.0,0.0,16.0,66
2024-06-09,57.0,Moderate,PM2.5,91.0,73.0,0.0,12.0,69
2024-06-10,58.0,Moderate,PM2.5,84.0,72.0,0.44,11.0,83
2024-06-11,53.0,Moderate,PM2.5,82.0,71.0,0.09,10.0,84
2024-06-12,65.0,Moderate,PM2.5,87.0,70.0,0.04,10.0,75
2024-06-13,90.0,Moderate,Ozone,90.0,70.0,0.0,8.0,71
2024-06-14,119.0,Unhealthy for Sensitive Groups,Ozone,90.0,70.0,0.0,7.0,66
2024-06-15,71.0,Moderate,Ozone,92.0,71.0,0.0,12.0,62
2024-06-16,63.0,Moderate,PM2.5,93.0,76.0,0.0,14.0,61
2024-06-17,58.0,Moderate,PM2.5,92.0,76.0,0.0,20.0,66
2024-06-18,50.0,Good,PM2.5,92.0,75.0,0.04,18.0,66
2024-06-19,57.0,Moderate,PM2.5,87.0,74.0,0.0,14.0,68
2024-06-20,55.0,Moderate,PM2.5,91.0,76.0,0.0,11.0,68
2024-06-21,59.0,Moderate,PM2.5,89.0,75.0,0.01,8.0,64
2024-06-22,52.0,Moderate,PM2.5,94.0,76.0,0.0,9.0,60
2024-06-23,56.0,Moderate,PM2.5,95.0,78.0,0.0,10.0,57
2024-06-24,53.0,Moderate,PM2.5,96.0,79.0,0.0,10.0,57
2024-06-25,38.0,Good,PM2.5,97.0,80.0,0.02,13.0,62
2024-06-26,41.0,Good,PM2.5,98.0,81.0,0.0,12.0,61
2024-06-27,74.0,Moderate,Ozone,94.0,79.0,0.0,12.0,65
2024-06-28,54.0,Moderate,PM2.5,99.0,79.0,0.0,13.0,55
2024-06-29,57.0,Moderate,PM2.5,97.0,81.0,0.02,16.0,59
2024-06-30,51.0,Moderate,PM2.5,97.0,82.0,0.0,11.0,57
2024-07-01,58.0,Moderate,PM2.5,98.0,80.0,0.0,11.0,56
2024-07-02,69.0,Moderate,PM2.5,100.0,80.0,0.0,14.0,54
2024-07-03,71.0,Moderate,PM2.5,98.0,82.0,0.0,13.0,51
2024-07-04,70.0,Moderate,PM2.5,98.0,82.0,0.0,11.0,54
2024-07-05,58.0,Moderate,PM2.5,92.0,77.0,0.35,10.0,58
2024-07-06,84.0,Moderate,Ozone,91.0,72.0,0.0,9.0,60
2024-07-07,53.0,Moderate,PM2.5,92.0,78.0,0.03,13.0,67
2024-07-08,54.0,Moderate,PM2.5,82.0,73.0,0.59,18.0,84
2024-07-09,100.0,Moderate,Ozone,91.0,70.0,0.0,10.0,68
2024-07-10,119.0,Unhealthy for Sensitive Groups,Ozone,91.0,74.0,0.07,10.0,64
2024-07-11,133.0,Unhealthy for Sensitive Groups,Ozone,96.0,74.0,0.0,10.0,59
2024-07-12,80.0,Moderate,Ozone,95.0,76.0,0.0,13.0,57
2024-07-13,60.0,Moderate,PM2.5,95.0,76.0,0.01,16.0,62
2024-07-14,68.0,Moderate,PM2.5,98.0,78.0,0.0,14.0,58
2024-07-15,64.0,Moderate,PM2.5,101.0,79.0,0.0,16.0,52
2024-07-16,72.0,Moderate,PM2.5,101.0,82.0,0.0,14.0,46
2024-07-17,55.0,Moderate,PM2.5,92.0,79.0,0.19,13.0,63
2024-07-18,84.0,Moderate,Ozone,89.0,74.0,0.07,12.0,74
2024-07-19,97.0,Moderate,Ozone,90.0,74.0,0.0,9.0,60
2024-07-20,112.0,Unhealthy for Sensitive Groups,Ozone,92.0,72.0,0.0,11.0,55
2024-07-21,71.0,Moderate,Ozone,87.0,72.0,1.22,10.0,75
2024-07-22,57.0,Moderate,PM2.5,86.0,72.0,0.52,9.0,82
2024-07-23,49.0,Good,Ozone,84.0,73.0,0.27,8.0,82
2024-07-24,71.0,Moderate,Ozone,88.0,70.0,0.03,13.0,76
2024-07-25,53.0,Moderate,PM2.5,87.0,73.0,0.13,11.0,79
2024-07-26,57.0,Moderate,PM2.5,87.0,71.0,0.02,10.0,74
2024-07-27,58.0,Moderate,PM2.5,89.0,72.0,0.02,12.0,70
2024-07-28,38.0,Good,PM2.5,94.0,72.0,0.02,15.0,67
2024-07-29,51.0,Moderate,PM2.5,97.0,77.0,0.0,16.0,64
2024-07-30,55.0,Moderate,PM2.5,98.0,78.0,0.0,17.0,58
2024-07-31,99.0,Moderate,PM2.5,98.0,80.0,0.0,17.0,58
2024-08-01,105.0,Unhealthy for Sensitive Groups,PM2.5,101.0,76.0,0.0,15.0,49
2024-08-02,81.0,Moderate,PM2.5,101.0,78.0,0.0,10.0,51
2024-08-03,108.0,Unhealthy for Sensitive Groups,Ozone,99.0,81.0,0.0,11.0,49
2024-08-04,64.0,Moderate,PM2.5,96.0,77.0,0.0,11.0,51
2024-08-05,87.0,Moderate,Ozone,96.0,76.0,0.0,9.0,51
2024-08-06,174.0,Unhealthy,Ozone,99.0,76.0,0.0,9.0,45
2024-08-07,101.0,Unhealthy for Sensitive Groups,Ozone,102.0,79.0,0.0,8.0,45
2024-08-08,185.0,Unhealthy,Ozone,100.0,82.0,0.0,9.0,50
2024-08-09,71.0,Moderate,Ozone,90.0,76.0,0.54,15.0,69
2024-08-10,80.0,Moderate,Ozone,94.0,75.0,0.0,10.0,58
2024-08-11,65.0,Moderate,PM2.5,96.0,80.0,0.0,13.0,56
2024-08-12,62.0,Moderate,PM2.5,97.0,79.0,0.0,11.0,57
2024-08-13,56.0,Moderate,PM2.5,98.0,80.0,0.01,12.0,56
2024-08-14,52.0,Moderate,PM2.5,99.0,81.0,0.0,13.0,50
2024-08-15,44.0,Good,PM2.5,100.0,82.0,0.01,11.0,49
2024-08-16,51.0,Moderate,PM2.5,101.0,83.0,0.01,12.0,49
2024-08-17,44.0,Good,PM2.5,101.0,83.0,0.0,12.0,47
2024-08-18,49.0,Good,PM2.5,103.0,81.0,0.0,10.0,44
2024-08-19,140.0,Unhealthy for Sensitive Groups,Ozone,106.0,84.0,0.0,12.0,38
2024-08-20,151.0,Unhealthy,Ozone,101.0,81.0,0.0,14.0,47
2024-08-21,100.0,Moderate,Ozone,97.0,79.0,0.0,14.0,49
2024-08-22,84.0,Moderate,Ozone,100.0,79.0,0.0,15.0,49
2024-08-23,64.0,Moderate,PM2.5,98.0,80.0,0.09,22.0,67
2024-08-24,77.0,Moderate,Ozone,99.0,80.0,0.0,13.0,55
2024-08-25,77.0,Moderate,PM2.5,97.0,79.0,0.0,12.0,45
2024-08-26,60.0,Moderate,PM2.5,98.0,77.0,0.03,14.0,51
2024-08-27,43.0,Good,Ozone,96.0,77.0,0.0,11.0,58
2024-08-28,46.0,Good,Ozone,96.0,76.0,0.02,14.0,58
2024-08-29,50.0,Good,PM2.5,93.0,77.0,0.02,13.0,62
2024-08-30,44.0,Good,PM2.5,90.0,76.0,0.0,9.0,66
2024-08-31,42.0,Good,Ozone,93.0,77.0,0.02,10.0,63
2024-09-01,34.0,Good,Ozone,92.0,77.0,0.48,15.0,70
2024-09-02,37.0,Good,Ozone,90.0,76.0,0.15,14.0,71
2024-09-03,61.0,Moderate,PM2.5,81.0,74.0,0.56,12.0,79
2024-09-04,55.0,Moderate,PM2.5,81.0,71.0,0.59,11.0,82
2024-09-05,56.0,Moderate,PM2.5,88.0,71.0,0.03,13.0,76
2024-09-06,56.0,Moderate,PM2.5,90.0,72.0,0.01,15.0,70
2024-09-07,43.0,Good,Ozone,85.0,69.0,0.0,16.0,44
2024-09-08,44.0,Good,Ozone,82.0,64.0,0.0,12.0,44
2024-09-09,58.0,Moderate,Ozone,84.0,60.0,0.0,9.0,44
2024-09-10,77.0,Moderate,Ozone,87.0,60.0,0.0,7.0,52
2024-09-11,34.0,Good,PM2.5,89.0,70.0,0.07,16.0,70
2024-09-12,41.0,Good,Ozone,88.0,68.0,0.0,9.0,67
2024-09-13,80.0,Moderate,Ozone,92.0,66.0,0.0,8.0,61
2024-09-14,97.0,Moderate,Ozone,93.0,75.0,0.13,10.0,63
2024-09-15,49.0,Good,Ozone,91.0,74.0,0.0,15.0,60
2024-09-16,44.0,Good,Ozone,91.0,71.0,0.0,9.0,63
2024-09-17,47.0,Good,PM2.5,91.0,72.0,0.0,11.0,63
2024-09-18,56.0,Moderate,PM2.5,93.0,73.0,0.0,10.0,61
2024-09-19,46.0,Good,Ozone,97.0,78.0,0.0,11.0,51
2024-09-20,49.0,Good,Ozone,97.0,77.0,0.0,9.0,51
2024-09-21,52.0,Moderate,PM2.5,94.0,78.0,0.0,11.0,52
2024-09-22,44.0,Good,PM2.5,94.0,77.0,0.0,11.0,51
2024-09-23,40.0,Good,Ozone,84.0,72.0,0.28,10.0,71
2024-09-24,71.0,Moderate,Ozone,86.0,67.0,0.0,6.0,75
2024-09-25,38.0,Good,Ozone,83.0,69.0,0.23,17.0,64
2024-09-26,64.0,Moderate,Ozone,82.0,61.0,0.0,9.0,57
2024-09-27,54.0,Moderate,Ozone,83.0,63.0,0.0,12.0,56
2024-09-28,64.0,Moderate,Ozone,86.0,65.0,0.0,13.0,55
2024-09-29,49.0,Good,PM2.5,88.0,64.0,0.0,8.0,53
2024-09-30,126.0,Unhealthy for Sensitive Groups,Ozone,89.0,64.0,0.0,6.0,57
2024-10-01,53.0,Moderate,PM2.5,92.0,65.0,0.0,14.0,52
2024-10-02,122.0,Unhealthy for Sensitive Groups,Ozone,88.0,67.0,0.0,10.0,46
2024-10-03,77.0,Moderate,Ozone,92.0,69.0,0.0,8.0,53
2024-10-04,97.0,Moderate,Ozone,90.0,67.0,0.0,11.0,45
2024-10-05,57.0,Moderate,PM2.5,90.0,68.0,0.0,8.0,56
2024-10-06,45.0,Good,PM2.5,89.0,69.0,0.0,8.0,59
2024-10-07,101.0,Unhealthy for Sensitive Groups,Ozone,90.0,69.0,0.0,8.0,51
2024-10-08,67.0,Moderate,Ozone,84.0,65.0,0.0,8.0,40
2024-10-09,74.0,Moderate,Ozone,86.0,63.0,0.0,7.0,40
2024-10-10,90.0,Moderate,Ozone,90.0,65.0,0.0,10.0,39
2024-10-11,87.0,Moderate,Ozone,91.0,66.0,0.0,13.0,34
2024-10-12,59.0,Moderate,PM2.5,93.0,70.0,0.0,16.0,36
2024-10-13,101.0,Unhealthy for Sensitive Groups,Ozone,97.0,69.0,0.0,12.0,30
2024-10-14,61.0,Moderate,Ozone,82.0,66.0,0.0,15.0,30
2024-10-15,126.0,Unhealthy for Sensitive Groups,Ozone,92.0,62.0,0.0,21.0,40
2024-10-16,36.0,Good,Ozone,69.0,53.0,0.0,23.0,34
2024-10-17,40.0,Good,Ozone,72.0,48.0,0.0,10.0,35
2024-10-18,52.0,Moderate,PM2.5,78.0,53.0,0.0,13.0,38
2024-10-19,58.0,Moderate,Ozone,78.0,58.0,0.0,12.0,34
2024-10-20,58.0,Moderate,PM2.5,81.0,55.0,0.0,7.0,44
2024-10-21,61.0,Moderate,PM2.5,83.0,57.0,0.0,12.0,44
2024-10-22,53.0,Moderate,PM2.5,89.0,67.0,0.0,13.0,57
2024-10-23,51.0,Moderate,PM2.5,91.0,68.0,0.0,8.0,56
2024-10-24,44.0,Good,PM2.5,89.0,67.0,0.0,15.0,51
2024-10-25,43.0,Good,PM2.5,89.0,68.0,0.0,14.0,53
2024-10-26,87.0,Moderate,Ozone,84.0,66.0,0.0,8.0,56
2024-10-27,70.0,Moderate,PM2.5,87.0,63.0,0.0,11.0,61
2024-10-28,52.0,Moderate,PM2.5,88.0,70.0,0.0,18.0,48
2024-10-29,55.0,Moderate,PM2.5,87.0,72.0,0.02,24.0,61
2024-10-30,52.0,Moderate,PM2.5,90.0,72.0,0.07,20.0,65
2024-10-31,48.0,Good,PM2.5,78.0,60.0,0.19,20.0,67
2024-11-01,58.0,Moderate,PM2.5,77.0,58.0,0.0,10.0,75
2024-11-02,54.0,Moderate,PM2.5,79.0,68.0,0.01,17.0,80
2024-11-03,41.0,Good,PM2.5,83.0,72.0,0.76,20.0,78
2024-11-04,38.0,Good,PM2.5,79.0,66.0,1.48,23.0,83
2024-11-05,30.0,Good,NO2,66.0,56.0,0.57,12.0,71
2024-11-06,45.0,Good,PM2.5,71.0,49.0,0.0,7.0,75
2024-11-07,53.0,Moderate,PM2.5,76.0,57.0,0.02,14.0,85
2024-11-08,34.0,Good,PM2.5,75.0,62.0,1.44,16.0,90
2024-11-09,36.0,Good,NO2,69.0,50.0,0.07,9.0,68
2024-11-10,63.0,Moderate,PM2.5,74.0,51.0,0.0,6.0,68
2024-11-11,51.0,Moderate,PM2.5,73.0,50.0,0.0,6.0,68
2024-11-12,52.0,Moderate,PM2.5,71.0,53.0,0.0,7.0,76
2024-11-13,46.0,Good,PM2.5,72.0,58.0,0.0,12.0,67
2024-11-14,43.0,Good,PM2.5,66.0,47.0,0.0,5.0,65
2024-11-15,59.0,Moderate,PM2.5,66.0,44.0,0.0,8.0,65
2024-11-16,53.0,Moderate,PM2.5,74.0,49.0,0.0,11.0,71
2024-11-17,59.0,Moderate,PM2.5,76.0,62.0,0.2,10.0,90
2024-11-18,34.0,Good,Ozone,73.0,60.0,0.76,20.0,72
2024-11-19,35.0,Good,NO2,68.0,51.0,0.0,11.0,66
2024-11-20,35.0,Good,NO2,60.0,47.0,0.0,12.0,55
2024-11-21,54.0,Moderate,PM2.5,64.0,40.0,0.0,4.0,63
2024-11-22,55.0,Moderate,PM2.5,60.0,40.0,0.0,4.0,64
2024-11-23,58.0,Moderate,Ozone,69.0,43.0,0.0,11.0,61
2024-11-24,47.0,Good,PM2.5,78.0,58.0,0.0,14.0,71
2024-11-25,53.0,Moderate,PM2.5,70.0,48.0,0.0,13.0,70
2024-11-26,42.0,Good,PM2.5,56.0,38.0,0.0,9.0,65
2024-11-27,55.0,Moderate,PM2.5,80.0,53.0,0.0,16.0,64
2024-11-28,32.0,Good,PM2.5,55.0,43.0,0.0,11.0,55
2024-11-29,44.0,Good,PM2.5,51.0,34.0,0.0,7.0,57
2024-11-30,59.0,Moderate,PM2.5,59.0,36.0,0.0,6.0,57
2024-12-01,63.0,Moderate,PM2.5,59.0,37.0,0.0,5.0,60
2024-12-02,70.0,Moderate,PM2.5,62.0,37.0,0.0,5.0,58
2024-12-03,59.0,Moderate,PM2.5,58.0,38.0,0.0,8.0,59
2024-12-04,75.0,Moderate,PM2.5,56.0,50.0,0.3,9.0,84
2024-12-05,51.0,Moderate,PM2.5,53.0,40.0,0.0,9.0,68
2024-12-06,38.0,Good,PM2.5,48.0,32.0,0.04,6.0,63
2024-12-07,54.0,Moderate,PM2.5,49.0,42.0,0.61,7.0,80
2024-12-08,54.0,Moderate,PM2.5,62.0,46.0,0.16,10.0,90
2024-12-09,54.0,Moderate,PM2.5,68.0,49.0,0.0,9.0,78
2024-12-10,27.0,Good,PM2.5,52.0,42.0,0.0,13.0,71
2024-12-11,37.0,Good,NO2,54.0,35.0,0.0,7.0,60
2024-12-12,38.0,Good,PM2.5,58.0,39.0,0.0,12.0,50
2024-12-13,37.0,Good,PM2.5,62.0,50.0,0.03,12.0,79
2024-12-14,47.0,Good,PM2.5,68.0,55.0,0.12,13.0,78
2024-12-15,60.0,Moderate,PM2.5,75.0,52.0,0.3,12.0,83
2024-12-16,39.0,Good,PM2.5,73.0,61.0,0.92,11.0,90
2024-12-17,35.0,Good,PM2.5,75.0,53.0,0.04,10.0,85
2024-12-18,36.0,Good,PM2.5,67.0,46.0,0.12,13.0,70
2024-12-19,60.0,Moderate,PM2.5,58.0,36.0,0.0,5.0,77
2024-12-20,52.0,Moderate,PM2.5,53.0,42.0,0.0,10.0,65
2024-12-21,51.0,Moderate,PM2.5,52.0,34.0,0.0,6.0,70
2024-12-22,62.0,Moderate,PM2.5,57.0,39.0,0.0,11.0,67
2024-12-23,43.0,Good,PM2.5,67.0,54.0,0.0,12.0,77
2024-12-24,45.0,Good,PM2.5,63.0,54.0,1.78,11.0,93
2024-12-25,52.0,Moderate,PM2.5,59.0,52.0,0.0,7.0,87
2024-12-26,41.0,Good,PM2.5,62.0,52.0,0.84,11.0,93
2024-12-27,43.0,Good,PM2.5,68.0,47.0,0.0,10.0,79
2024-12-28,48.0,Good,PM2.5,67.0,54.0,0.09,11.0,84
2024-12-29,58.0,Moderate,PM2.5,67.0,49.0,0.0,7.0,87
2024-12-30,49.0,Good,PM2.5,75.0,52.0,0.0,9.0,64
2024-12-31,41.0,Good,PM2.5,58.0,46.0,0.0,10.0,60
2025-01-01,47.0,Good,PM2.5,48.0,37.0,0.0,7.0,75
2025-01-02,68.0,Moderate,PM2.5,59.0,35.0,0.0,6.0,78
2025-01-03,69.0,Moderate,PM2.5,59.0,42.0,0.0,6.0,82
2025-01-04,59.0,Moderate,PM2.5,65.0,54.0,0.02,12.0,78
2025-01-05,31.0,Good,Ozone,65.0,28.0,0.12,17.0,66
2025-01-06,33.0,Good,Ozone,36.0,22.0,0.0,13.0,53
2025-01-07,27.0,Good,PM2.5,36.0,24.0,0.0,7.0,58
2025-01-08,56.0,Moderate,PM2.5,38.0,27.0,0.0,7.0,63
2025-01-09,63.0,Moderate,PM2.5,34.0,31.0,0.77,6.0,84
2025-01-10,57.0,Moderate,PM2.5,35.0,30.0,0.16,11.0,91
2025-01-11,48.0,Good,PM2.5,51.0,28.0,0.0,11.0,66
2025-01-12,37.0,Good,Ozone,48.0,37.0,0.0,10.0,69
2025-01-13,37.0,Good,Ozone,47.0,30.0,0.0,9.0,65
2025-01-14,63.0,Moderate,PM2.5,51.0,29.0,0.0,4.0,67
2025-01-15,70.0,Moderate,PM2.5,56.0,33.0,0.0,4.0,68
2025-01-16,59.0,Moderate,PM2.5,58.0,34.0,0.0,7.0,70
2025-01-17,45.0,Good,PM2.5,60.0,45.0,0.01,15.0,60
2025-01-18,32.0,Good,Ozone,59.0,31.0,0.0,14.0,55
2025-01-19,35.0,Good,Ozone,32.0,23.0,0.0,14.0,50
2025-01-20,35.0,Good,Ozone,34.0,22.0,0.0,7.0,42
2025-01-21,35.0,Good,NO2,30.0,24.0,0.0,10.0,48
2025-01-22,52.0,Moderate,PM2.5,47.0,25.0,0.0,11.0,48
2025-01-23,50.0,Good,PM2.5,47.0,29.0,0.0,7.0,56
2025-01-24,40.0,Good,PM2.5,54.0,27.0,0.0,12.0,47
2025-01-25,36.0,Good,Ozone,61.0,37.0,0.0,11.0,52
2025-01-26,58.0,Moderate,PM2.5,54.0,43.0,0.07,8.0,90
2025-01-27,52.0,Moderate,PM2.5,49.0,31.0,0.0,8.0,66
2025-01-28,60.0,Moderate,PM2.5,59.0,46.0,0.01,5.0,73
2025-01-29,55.0,Moderate,PM2.5,62.0,52.0,2.69,9.0,92
2025-01-30,37.0,Good,PM2.5,66.0,54.0,2.03,11.0,77
2025-01-31,61.0,Moderate,PM2.5,62.0,46.0,0.0,12.0,56
2025-02-01,51.0,Moderate,PM2.5,65.0,38.0,0.0,10.0,62
2025-02-02,50.0,Good,Ozone,71.0,49.0,0.0,12.0,58
2025-02-03,41.0,Good,PM2.5,77.0,58.0,0.0,11.0,73
2025-02-04,60.0,Moderate,PM2.5,72.0,53.0,0.0,8.0,88
2025-02-05,64.0,Moderate,PM2.5,72.0,48.0,0.0,11.0,88
2025-02-06,54.0,Moderate,PM2.5,80.0,60.0,0.01,10.0,83
2025-02-07,53.0,Moderate,PM2.5,75.0,52.0,0.0,11.0,85
2025-02-08,54.0,Moderate,PM2.5,82.0,50.0,0.0,12.0,77
2025-02-09,28.0,Good,PM2.5,54.0,44.0,0.02,8.0,77
2025-02-10,27.0,Good,PM2.5,47.0,42.0,0.33,6.0,88
2025-02-11,17.0,Good,Ozone,49.0,42.0,0.47,8.0,88
2025-02-12,26.0,Good,Ozone,48.0,33.0,0.41,11.0,83
2025-02-13,52.0,Moderate,PM2.5,38.0,24.0,0.0,11.0,66
2025-02-14,51.0,Moderate,PM2.5,53.0,33.0,0.05,10.0,78
2025-02-15,47.0,Good,PM2.5,69.0,39.0,0.01,15.0,83
2025-02-16,52.0,Moderate,PM2.5,43.0,31.0,0.0,14.0,64
2025-02-17,39.0,Good,PM2.5,52.0,30.0,0.0,10.0,67
2025-02-18,46.0,Good,PM2.5,53.0,25.0,0.24,15.0,85
2025-02-19,32.0,Good,Ozone,28.0,16.0,0.0,13.0,54
2025-02-20,31.0,Good,Ozone,31.0,13.0,0.0,11.0,47
2025-02-21,31.0,Good,PM2.5,31.0,24.0,0.0,6.0,52
2025-02-22,56.0,Moderate,PM2.5,46.0,29.0,0.0,4.0,58
2025-02-23,54.0,Moderate,PM2.5,59.0,40.0,0.51,6.0,79
2025-02-24,46.0,Good,PM2.5,67.0,39.0,0.0,7.0,82
2025-02-25,46.0,Good,Ozone,71.0,48.0,0.0,11.0,76
2025-02-26,47.0,Good,Ozone,74.0,55.0,0.0,11.0,73
2025-02-27,44.0,Good,NO2,68.0,52.0,0.0,11.0,50
2025-02-28,51.0,Moderate,PM2.5,71.0,41.0,0.0,7.0,54
2025-03-01,84.0,Moderate,Ozone,74.0,49.0,0.0,9.0,45
2025-03-02,58.0,Moderate,Ozone,73.0,53.0,0.27,14.0,51
2025-03-03,53.0,Moderate,PM2.5,75.0,54.0,0.01,14.0,81
2025-03-04,54.0,Moderate,PM2.5,69.0,52.0,0.22,24.0,61
2025-03-05,38.0,Good,NO2,58.0,42.0,0.0,16.0,50
2025-03-06,52.0,Moderate,PM2.5,63.0,40.0,0.0,12.0,55
2025-03-07,69.0,Moderate,PM2.5,79.0,56.0,0.0,13.0,66
2025-03-08,50.0,Good,PM2.5,63.0,47.0,0.55,13.0,73
2025-03-09,34.0,Good,PM2.5,55.0,44.0,0.07,12.0,78
2025-03-10,43.0,Good,Ozone,69.0,40.0,0.0,8.0,63
2025-03-11,49.0,Good,Ozone,76.0,50.0,0.0,12.0,46
2025-03-12,47.0,Good,PM2.5,83.0,59.0,0.0,12.0,54
2025-03-13,53.0,Moderate,PM2.5,87.0,58.0,0.0,12.0,27
2025-03-14,304.0,Hazardous,PM10,87.0,65.0,0.0,18.0,39
2025-03-15,123.0,Unhealthy for Sensitive Groups,PM2.5,70.0,58.0,0.01,16.0,25
2025-03-16,44.0,Good,Ozone,69.0,46.0,0.0,8.0,28
2025-03-17,58.0,Moderate,Ozone,82.0,51.0,0.0,15.0,31
2025-03-18,49.0,Good,Ozone,82.0,60.0,0.0,19.0,48
2025-03-19,51.0,Moderate,PM2.5,69.0,53.0,0.0,21.0,33
2025-03-20,43.0,Good,Ozone,63.0,43.0,0.0,14.0,32
2025-03-21,54.0,Moderate,Ozone,75.0,44.0,0.0,14.0,36
2025-03-22,48.0,Good,Ozone,81.0,54.0,0.0,16.0,51
2025-03-23,47.0,Good,PM2.5,85.0,64.0,0.0,16.0,52
2025-03-24,54.0,Moderate,Ozone,79.0,54.0,0.0,7.0,29
2025-03-25,77.0,Moderate,Ozone,88.0,58.0,0.02,8.0,44
2025-03-26,50.0,Good,Ozone,79.0,63.0,0.13,12.0,56
2025-03-27,51.0,Moderate,PM2.5,80.0,61.0,0.02,14.0,67
2025-03-28,38.0,Good,Ozone,70.0,63.0,0.57,11.0,85
2025-03-29,39.0,Good,Ozone,80.0,62.0,0.0,12.0,81
2025-03-30,54.0,Moderate,PM2.5,85.0,61.0,0.13,15.0,74
2025-03-31,44.0,Good,Ozone,69.0,51.0,0.0,8.0,69
2025-04-01,64.0,Moderate,PM2.5,82.0,54.0,0.01,18.0,74
2025-04-02,61.0,Moderate,PM2.5,80.0,66.0,0.26,18.0,70
2025-04-03,35.0,Good,PM2.5,70.0,58.0,1.13,13.0,84
2025-04-04,19.0,Good,Ozone,65.0,57.0,2.6,10.0,91
2025-04-05,29.0,Good,Ozone,58.0,50.0,1.48,13.0,83
2025-04-06,33.0,Good,Ozone,50.0,43.0,0.01,12.0,74
2025-04-07,71.0,Moderate,Ozone,62.0,40.0,0.0,6.0,62
2025-04-08,74.0,Moderate,Ozone,70.0,45.0,0.0,8.0,58
2025-04-09,97.0,Moderate,Ozone,79.0,53.0,0.0,13.0,54
2025-04-10,93.0,Moderate,Ozone,80.0,57.0,0.0,8.0,59
2025-04-11,51.0,Moderate,Ozone,80.0,57.0,0.0,7.0,41
2025-04-12,84.0,Moderate,Ozone,83.0,56.0,0.0,13.0,44
2025-04-13,71.0,Moderate,Ozone,92.0,67.0,0.0,16.0,44
2025-04-14,61.0,Moderate,Ozone,92.0,65.0,0.0,14.0,48
2025-04-15,55.0,Moderate,PM2.5,75.0,60.0,0.0,12.0,30
2025-04-16,58.0,Moderate,PM2.5,84.0,58.0,0.0,13.0,48
2025-04-17,56.0,Moderate,PM2.5,88.0,65.0,0.0,16.0,58
2025-04-18,65.0,Moderate,PM2.5,90.0,69.0,0.01,17.0,60
2025-04-19,65.0,Moderate,PM2.5,78.0,66.0,1.18,15.0,79
2025-04-20,43.0,Good,Ozone,75.0,63.0,0.2,17.0,74
2025-04-21,56.0,Moderate,PM2.5,76.0,54.0,0.0,5.0,69
2025-04-22,54.0,Moderate,Ozone,84.0,60.0,0.0,8.0,67
2025-04-23,46.0,Good,PM2.5,78.0,65.0,0.2,9.0,82
2025-04-24,39.0,Good,PM2.5,74.0,64.0,0.52,12.0,91
2025-04-25,54.0,Moderate,PM2.5,80.0,62.0,0.03,7.0,84
2025-04-26,61.0,Moderate,PM2.5,82.0,68.0,0.0,12.0,77
2025-04-27,54.0,Moderate,PM2.5,83.0,67.0,0.0,12.0,74
2025-04-28,53.0,Moderate,PM2.5,81.0,70.0,0.0,17.0,75
2025-04-29,53.0,Moderate,PM2.5,86.0,68.0,0.18,15.0,73
2025-04-30,34.0,Good,PM2.5,73.0,62.0,0.46,13.0,88
2025-05-01,57.0,Moderate,PM2.5,82.0,60.0,0.01,10.0,84
2025-05-02,38.0,Good,NO2,77.0,64.0,0.42,9.0,78
2025-05-03,42.0,Good,Ozone,71.0,57.0,0.0,8.0,67
2025-05-04,54.0,Moderate,Ozone,74.0,54.0,0.0,5.0,63
2025-05-05,41.0,Good,PM2.5,77.0,58.0,0.06,10.0,63
2025-05-06,32.0,Good,Ozone,76.0,60.0,2.08,13.0,87
2025-05-07,101.0,Unhealthy for Sensitive Groups,Ozone,77.0,58.0,0.0,8.0,79
2025-05-08,44.0,Good,Ozone,76.0,60.0,0.0,8.0,74
2025-05-09,42.0,Good,Ozone,76.0,61.0,0.02,11.0,72
2025-05-10,51.0,Moderate,Ozone,78.0,60.0,0.0,10.0,64
2025-05-11,61.0,Moderate,Ozone,78.0,57.0,0.0,11.0,55
2025-05-12,77.0,Moderate,Ozone,84.0,59.0,0.0,6.0,61
2025-05-13,93.0,Moderate,Ozone,100.0,67.0,0.0,13.0,52
2025-05-14,58.0,Moderate,PM2.5,101.0,79.0,0.0,12.0,54
2025-05-15,69.0,Moderate,PM2.5,90.0,77.0,0.0,11.0,61
2025-05-16,89.0,Moderate,PM2.5,88.0,73.0,0.27,13.0,75
2025-05-17,68.0,Moderate,PM2.5,87.0,71.0,0.07,12.0,84
2025-05-18,58.0,Moderate,PM2.5,82.0,71.0,3.06,14.0,87
2025-05-19,58.0,Moderate,PM2.5,82.0,73.0,0.7,16.0,84
2025-05-20,44.0,Good,Ozone,82.0,69.0,0.12,13.0,60
2025-05-21,61.0,Moderate,Ozone,89.0,64.0,0.0,8.0,45
2025-05-22,64.0,Moderate,PM2.5,90.0,70.0,0.0,9.0,59
2025-05-23,84.0,Moderate,Ozone,95.0,72.0,0.01,12.0,56
2025-05-24,58.0,Moderate,PM2.5,96.0,76.0,0.0,15.0,59
2025-05-25,59.0,Moderate,PM2.5,95.0,72.0,0.19,15.0,65
2025-05-26,42.0,Good,Ozone,81.0,68.0,0.33,11.0,84
2025-05-27,50.0,Good,Ozone,82.0,69.0,0.01,7.0,80
2025-05-28,37.0,Good,Ozone,78.0,68.0,0.22,7.0,83
2025-05-29,58.0,Moderate,Ozone,83.0,68.0,0.17,6.0,84
2025-05-30,51.0,Moderate,Ozone,80.0,65.0,0.22,8.0,76
2025-05-31,100.0,Moderate,Ozone,83.0,64.0,0.0,5.0,64
2025-06-01,47.0,Good,Ozone,83.0,68.0,0.66,12.0,79
2025-06-02,54.0,Moderate,PM2.5,89.0,69.0,0.02,11.0,78
2025-06-03,59.0,Moderate,PM2.5,87.0,74.0,0.34,15.0,77
2025-06-04,39.0,Good,PM2.5,78.0,69.0,1.02,9.0,84
2025-06-05,54.0,Moderate,PM2.5,85.0,70.0,0.42,9.0,85
2025-06-06,60.0,Moderate,PM2.5,90.0,76.0,0.0,9.0,75
2025-06-07,66.0,Moderate,PM2.5,91.0,77.0,0.03,11.0,74
2025-06-08,56.0,Moderate,PM2.5,90.0,75.0,1.1,11.0,77
2025-06-09,84.0,Moderate,Ozone,86.0,71.0,1.5,14.0,76
2025-06-10,46.0,Good,PM2.5,84.0,70.0,0.01,7.0,84
2025-06-11,28.0,Good,PM2.5,76.0,70.0,0.92,9.0,93
2025-06-12,45.0,Good,Ozone,82.0,69.0,0.24,8.0,85
2025-06-13,44.0,Good,Ozone,88.0,71.0,0.0,8.0,82
2025-06-14,58.0,Moderate,PM2.5,88.0,73.0,0.22,9.0,81
2025-06-15,48.0,Good,Ozone,85.0,74.0,0.56,9.0,84
2025-06-16,115.0,Unhealthy for Sensitive Groups,Ozone,92.0,72.0,0.01,6.0,76
2025-06-17,57.0,Moderate,PM2.5,94.0,76.0,0.0,15.0,66
2025-06-18,64.0,Moderate,PM2.5,96.0,77.0,0.04,13.0,62
2025-06-19,61.0,Moderate,PM2.5,95.0,75.0,0.06,13.0,64
2025-06-20,58.0,Moderate,PM2.5,98.0,79.0,0.0,12.0,60
2025-06-21,60.0,Moderate,PM2.5,96.0,78.0,0.0,14.0,60
2025-06-22,55.0,Moderate,PM2.5,94.0,78.0,0.0,13.0,61
2025-06-23,58.0,Moderate,PM2.5,95.0,77.0,0.0,10.0,62
2025-06-24,38.0,Good,PM2.5,95.0,77.0,0.0,10.0,61
2025-06-25,38.0,Good,PM2.5,92.0,75.0,0.03,9.0,68
2025-06-26,51.0,Moderate,PM2.5,93.0,75.0,0.01,8.0,69
2025-06-27,48.0,Good,PM2.5,95.0,76.0,0.0,9.0,63
2025-06-28,49.0,Good,PM2.5,96.0,78.0,0.0,9.0,60
2025-06-29,48.0,Good,PM2.5,96.0,79.0,0.0,10.0,56
2025-06-30,72.0,Moderate,PM2.5,98.0,76.0,0.78,12.0,63
2025-07-01,61.0,Moderate,Ozone,92.0,76.0,0.07,5.0,73
2025-07-02,59.0,Moderate,PM2.5,95.0,78.0,0.0,8.0,64
2025-07-03,53.0,Moderate,PM2.5,87.0,76.0,0.26,11.0,75
2025-07-04,58.0,Moderate,PM2.5,88.0,73.0,0.08,13.0,81
2025-07-05,68.0,Moderate,PM2.5,91.0,75.0,0.05,11.0,76
2025-07-06,63.0,Moderate,PM2.5,88.0,75.0,0.16,10.0,76
2025-07-07,60.0,Moderate,PM2.5,89.0,72.0,0.5,8.0,76
2025-07-08,51.0,Moderate,PM2.5,90.0,74.0,0.42,7.0,75
2025-07-09,49.0,Good,Ozone,91.0,72.0,0.26,11.0,76
2025-07-10,58.0,Moderate,PM2.5,96.0,75.0,0.0,10.0,61
2025-07-11,53.0,Moderate,PM2.5,96.0,78.0,0.0,14.0,56
2025-07-12,41.0,Good,PM2.5,91.0,76.0,0.51,10.0,74
2025-07-13,37.0,Good,Ozone,86.0,73.0,0.51,9.0,82
2025-07-14,44.0,Good,Ozone,89.0,73.0,0.48,9.0,78
2025-07-15,54.0,Moderate,PM2.5,94.0,77.0,0.0,10.0,68
2025-07-16,63.0,Moderate,PM2.5,95.0,77.0,0.0,10.0,65
2025-07-17,70.0,Moderate,PM2.5,96.0,77.0,0.0,7.0,59
2025-07-18,61.0,Moderate,PM2.5,98.0,78.0,0.0,8.0,59
2025-07-19,53.0,Moderate,PM2.5,96.0,78.0,0.0,11.0,62
2025-07-20,46.0,Good,PM2.5,96.0,80.0,0.01,13.0,58
2025-07-21,56.0,Moderate,PM2.5,98.0,79.0,0.0,13.0,58
2025-07-22,50.0,Good,PM2.5,97.0,78.0,0.0,10.0,55
2025-07-23,44.0,Good,PM2.5,99.0,79.0,0.0,11.0,53
2025-07-24,44.0,Good,PM2.5,100.0,81.0,0.0,8.0,48
2025-07-25,54.0,Moderate,PM2.5,101.0,79.0,0.0,8.0,48
2025-07-26,46.0,Good,PM2.5,94.0,81.0,0.03,10.0,64
2025-07-27,46.0,Good,PM2.5,97.0,80.0,0.0,10.0,57
2025-07-28,53.0,Moderate,PM2.5,99.0,79.0,0.0,9.0,57
2025-07-29,60.0,Moderate,PM2.5,100.0,81.0,0.0,7.0,47
2025-07-30,93.0,Moderate,Ozone,101.0,81.0,0.0,6.0,41
2025-07-31,140.0,Unhealthy for Sensitive Groups,Ozone,106.0,82.0,0.0,10.0,34
2025-08-01,119.0,Unhealthy for Sensitive Groups,Ozone,98.0,80.0,0.0,9.0,56
2025-08-02,87.0,Moderate,Ozone,90.0,76.0,0.11,7.0,68
2025-08-03,58.0,Moderate,PM2.5,94.0,76.0,0.15,8.0,71
2025-08-04,84.0,Moderate,Ozone,89.0,72.0,0.33,7.0,72
2025-08-05,69.0,Moderate,PM2.5,92.0,73.0,0.0,6.0,65
2025-08-06,67.0,Moderate,Ozone,96.0,75.0,0.0,8.0,56
2025-08-07,54.0,Moderate,PM2.5,99.0,78.0,0.0,7.0,54
2025-08-08,55.0,Moderate,PM2.5,100.0,80.0,0.0,10.0,51
2025-08-09,53.0,Moderate,PM2.5,99.0,81.0,0.0,10.0,50
2025-08-10,47.0,Good,PM2.5,99.0,80.0,0.0,9.0,50
2025-08-11,61.0,Moderate,Ozone,97.0,79.0,0.0,7.0,50
2025-08-12,61.0,Moderate,Ozone,89.0,76.0,0.49,7.0,72
2025-08-13,71.0,Moderate,Ozone,89.0,75.0,0.33,8.0,78
2025-08-14,54.0,Moderate,PM2.5,93.0,76.0,0.04,8.0,69
2025-08-15,46.0,Good,PM2.5,97.0,78.0,0.0,10.0,61
2025-08-16,37.0,Good,PM2.5,96.0,79.0,0.01,9.0,59
2025-08-17,58.0,Moderate,PM2.5,98.0,81.0,0.03,7.0,57
2025-08-18,54.0,Moderate,PM2.5,98.0,82.0,0.0,6.0,49
2025-08-19,64.0,Moderate,Ozone,103.0,83.0,0.0,9.0,46
2025-08-20,61.0,Moderate,Ozone,91.0,75.0,1.18,11.0,70
2025-08-21,54.0,Moderate,Ozone,94.0,79.0,0.14,8.0,64
2025-08-22,61.0,Moderate,PM2.5,90.0,74.0,0.15,6.0,64
2025-08-23,64.0,Moderate,Ozone,99.0,78.0,0.0,9.0,47
2025-08-24,93.0,Moderate,Ozone,98.0,77.0,0.0,6.0,43
2025-08-25,64.0,Moderate,Ozone,97.0,78.0,0.0,7.0,43
2025-08-26,58.0,Moderate,PM2.5,91.0,74.0,0.0,10.0,56
2025-08-27,71.0,Moderate,Ozone,93.0,71.0,0.0,8.0,65
2025-08-28,53.0,Moderate,PM2.5,98.0,77.0,0.57,12.0,67
2025-08-29,51.0,Moderate,PM2.5,84.0,72.0,0.88,8.0,83
2025-08-30,32.0,Good,PM2.5,81.0,73.0,1.58,7.0,87
2025-08-31,42.0,Good,PM2.5,85.0,74.0,0.39,5.0,87
2025-09-01,46.0,Good,PM2.5,84.0,71.0,0.21,7.0,86
2025-09-02,64.0,Moderate,Ozone,87.0,71.0,0.0,5.0,79
2025-09-03,48.0,Good,Ozone,86.0,71.0,0.0,7.0,70
2025-09-04,101.0,Unhealthy for Sensitive Groups,Ozone,100.0,70.0,0.0,9.0,50
2025-09-05,87.0,Moderate,Ozone,98.0,76.0,0.01,15.0,49
2025-09-06,53.0,Moderate,PM2.5,78.0,65.0,1.28,10.0,84
2025-09-07,55.0,Moderate,PM2.5,82.0,68.0,0.0,7.0,74
2025-09-08,51.0,Moderate,Ozone,82.0,65.0,0.0,6.0,58
2025-09-09,84.0,Moderate,Ozone,88.0,63.0,0.0,6.0,48
2025-09-10,90.0,Moderate,Ozone,91.0,65.0,0.0,6.0,50
2025-09-11,105.0,Unhealthy for Sensitive Groups,Ozone,93.0,69.0,0.0,6.0,53
2025-09-12,54.0,Moderate,Ozone,94.0,74.0,0.0,6.0,54
2025-09-13,61.0,Moderate,Ozone,92.0,76.0,0.0,9.0,50
2025-09-14,58.0,Moderate,Ozone,94.0,75.0,0.0,8.0,45
2025-09-15,97.0,Moderate,Ozone,93.0,75.0,0.01,6.0,52
2025-09-16,133.0,Unhealthy for Sensitive Groups,Ozone,95.0,75.0,0.0,6.0,46
2025-09-17,119.0,Unhealthy for Sensitive Groups,Ozone,95.0,76.0,0.0,6.0,46
2025-09-18,100.0,Moderate,Ozone,95.0,74.0,0.0,5.0,50
2025-09-19,90.0,Moderate,Ozone,88.0,73.0,0.51,12.0,63
2025-09-20,59.0,Moderate,PM2.5,93.0,74.0,0.0,8.0,54
2025-09-21,41.0,Good,PM2.5,89.0,76.0,0.48,9.0,65
2025-09-22,33.0,Good,Ozone,89.0,73.0,1.74,13.0,72
2025-09-23,36.0,Good,Ozone,93.0,76.0,0.02,10.0,70
2025-09-24,39.0,Good,Ozone,83.0,73.0,0.58,12.0,78
2025-09-25,46.0,Good,Ozone,82.0,67.0,0.0,8.0,71
2025-09-26,93.0,Moderate,Ozone,86.0,67.0,0.0,6.0,63
2025-09-27,90.0,Moderate,Ozone,87.0,66.0,0.0,6.0,56
2025-09-28,67.0,Moderate,Ozone,86.0,64.0,0.0,5.0,52
2025-09-29,77.0,Moderate,Ozone,86.0,66.0,0.0,4.0,56
2025-09-30,100.0,Moderate,Ozone,91.0,71.0,0.01,6.0,45
2025-10-01,112.0,Unhealthy for Sensitive Groups,Ozone,92.0,68.0,0.0,8.0,50
2025-10-02,74.0,Moderate,Ozone,90.0,67.0,0.0,6.0,49
2025-10-03,62.0,Moderate,PM2.5,92.0,70.0,0.0,9.0,53
2025-10-04,55.0,Moderate,PM2.5,87.0,67.0,0.0,8.0,50
2025-10-05,43.0,Good,PM2.5,89.0,68.0,0.0,7.0,55
2025-10-06,53.0,Moderate,PM2.5,92.0,70.0,0.0,6.0,56
2025-10-07,54.0,Moderate,Ozone,93.0,71.0,0.04,7.0,56
2025-10-08,64.0,Moderate,PM10,90.0,69.0,0.02,7.0,59
2025-10-09,52.0,Moderate,PM2.5,88.0,70.0,0.0,8.0,63
2025-10-10,90.0,Moderate,Ozone,88.0,65.0,0.0,6.0,48
2025-10-11,77.0,Moderate,Ozone,91.0,65.0,0.0,6.0,45
2025-10-12,61.0,Moderate,Ozone,91.0,68.0,0.0,9.0,42
2025-10-13,80.0,Moderate,Ozone,90.0,70.0,0.0,8.0,44
2025-10-14,80.0,Moderate,Ozone,88.0,67.0,0.0,7.0,47
2025-10-15,71.0,Moderate,Ozone,87.0,65.0,0.0,7.0,46
2025-10-16,77.0,Moderate,Ozone,85.0,63.0,0.0,8.0,48
2025-10-17,58.0,Moderate,Ozone,90.0,69.0,0.0,10.0,53
2025-10-18,36.0,Good,PM2.5,80.0,73.0,0.19,12.0,73
2025-10-19,38.0,Good,Ozone,73.0,58.0,0.0,13.0,53
2025-10-20,51.0,Moderate,Ozone,88.0,56.0,0.0,14.0,50
2025-10-21,38.0,Good,NO2,82.0,65.0,0.0,11.0,33
2025-10-22,49.0,Good,PM10,80.0,52.0,0.0,6.0,38
2025-10-23,52.0,Moderate,PM2.5,78.0,60.0,0.27,10.0,57
2025-10-24,51.0,Moderate,PM2.5,78.0,64.0,0.59,13.0,83
2025-10-25,33.0,Good,Ozone,74.0,64.0,0.78,12.0,89
2025-10-26,55.0,Moderate,PM2.5,74.0,59.0,0.0,5.0,85
2025-10-27,57.0,Moderate,PM2.5,79.0,60.0,0.0,9.0,82
2025-10-28,35.0,Good,PM2.5,74.0,58.0,0.02,19.0,75
2025-10-29,33.0,Good,Ozone,63.0,51.0,0.0,19.0,46
2025-10-30,38.0,Good,NO2,64.0,45.0,0.0,7.0,60
2025-10-31,57.0,Moderate,PM2.5,71.0,40.0,0.0,7.0,62
2025-11-01,52.0,Moderate,PM2.5,68.0,52.0,0.08,7.0,61
2025-11-02,37.0,Good,Ozone,69.0,46.0,0.0,8.0,55
2025-11-03,54.0,Moderate,Ozone,77.0,50.0,0.0,9.0,53
2025-11-04,67.0,Moderate,Ozone,78.0,54.0,0.0,11.0,56
2025-11-05,42.0,Good,Ozone,81.0,58.0,0.0,11.0,62
2025-11-06,43.0,Good,Ozone,84.0,60.0,0.0,11.0,64
2025-11-07,44.0,Good,Ozone,79.0,63.0,0.0,11.0,64
2025-11-08,61.0,Moderate,PM2.5,80.0,54.0,0.0,12.0,58
2025-11-09,31.0,Good,Ozone,65.0,48.0,0.0,13.0,35
2025-11-10,32.0,Good,NO2,54.0,35.0,0.0,7.0,35
2025-11-11,37.0,Good,Ozone,71.0,43.0,0.0,14.0,30
2025-11-12,39.0,Good,NO2,77.0,52.0,0.0,9.0,56
2025-11-13,41.0,Good,PM2.5,82.0,59.0,0.0,10.0,67
2025-11-14,34.0,Good,Ozone,82.0,65.0,0.0,14.0,68
2025-11-15,32.0,Good,Ozone,88.0,64.0,0.0,11.0,61
2025-11-16,44.0,Good,PM2.5,81.0,64.0,0.0,9.0,58
2025-11-17,42.0,Good,PM2.5,87.0,67.0,0.02,11.0,69
2025-11-18,53.0,Moderate,PM2.5,86.0,73.0,0.0,11.0,67
2025-11-19,56.0,Moderate,PM2.5,83.0,68.0,0.01,8.0,73
2025-11-20,32.0,Good,PM2.5,75.0,64.0,1.59,12.0,93
2025-11-21,34.0,Good,NO2,75.0,62.0,0.0,8.0,79
2025-11-22,27.0,Good,PM2.5,63.0,52.0,0.0,7.0,76
2025-11-23,38.0,Good,PM2.5,65.0,48.0,1.97,7.0,83
2025-11-24,41.0,Good,PM2.5,66.0,59.0,2.05,11.0,94
2025-11-25,33.0,Good,PM2.5,67.0,52.0,0.0,9.0,83
2025-11-26,44.0,Good,PM2.5,57.0,44.0,0.0,10.0,58
2025-11-27,52.0,Moderate,PM2.5,59.0,44.0,0.0,4.0,63
2025-11-28,53.0,Moderate,PM2.5,59.0,42.0,0.46,14.0,64
2025-11-29,48.0,Good,PM2.5,67.0,48.0,0.74,15.0,82
2025-11-30,24.0,Good,Ozone,46.0,33.0,0.02,13.0,62
2025-12-01,25.0,Good,PM2.5,40.0,38.0,0.72,8.0,81
2025-12-02,51.0,Moderate,PM2.5,47.0,29.0,0.0,7.0,75
2025-12-03,54.0,Moderate,PM2.5,58.0,39.0,0.0,10.0,79
2025-12-04,52.0,Moderate,PM2.5,48.0,41.0,0.04,9.0,84
2025-12-05,59.0,Moderate,PM2.5,52.0,37.0,0.0,7.0,81
2025-12-06,66.0,Moderate,PM2.5,54.0,40.0,0.0,8.0,89
2025-12-07,56.0,Moderate,PM2.5,52.0,40.0,0.0,12.0,84
2025-12-08,53.0,Moderate,PM2.5,49.0,34.0,0.0,8.0,78
2025-12-09,52.0,Moderate,PM2.5,62.0,39.0,0.0,12.0,62
2025-12-10,42.0,Good,PM2.5,63.0,46.0,0.0,11.0,53
2025-12-11,44.0,Good,PM2.5,64.0,37.0,0.0,10.0,51
2025-12-12,59.0,Moderate,PM2.5,67.0,46.0,0.0,8.0,58
2025-12-13,66.0,Moderate,PM2.5,58.0,42.0,0.0,12.0,76
2025-12-14,49.0,Good,PM2.5,49.0,30.0,0.0,13.0,60
2025-12-15,34.0,Good,PM2.5,49.0,28.0,0.0,7.0,49
2025-12-16,32.0,Good,PM2.5,59.0,43.0,0.0,11.0,49
2025-12-17,44.0,Good,PM2.5,65.0,56.0,0.02,10.0,84
2025-12-18,35.0,Good,Ozone,69.0,54.0,0.02,14.0,60
2025-12-19,44.0,Good,PM2.5,64.0,38.0,0.0,12.0,31
2025-12-20,43.0,Good,PM2.5,80.0,52.0,0.0,12.0,55
2025-12-21,52.0,Moderate,PM2.5,63.0,57.0,0.04,9.0,74
2025-12-22,57.0,Moderate,PM2.5,74.0,56.0,0.0,11.0,73
2025-12-23,38.0,Good,PM2.5,81.0,66.0,0.02,12.0,78
2025-12-24,38.0,Good,PM2.5,79.0,63.0,0.0,9.0,74
2025-12-25,37.0,Good,PM2.5,78.0,62.0,0.0,11.0,74
2025-12-26,33.0,Good,PM2.5,84.0,65.0,0.0,10.0,65
2025-12-27,29.0,Good,PM2.5,82.0,66.0,0.0,12.0,72
2025-12-28,29.0,Good,Ozone,83.0,45.0,0.0,20.0,63
2025-12-29,28.0,Good,Ozone,43.0,32.0,0.0,14.0,40
2025-12-30,40.0,Good,NO2,51.0,31.0,0.0,7.0,39
2025-12-31,57.0,Moderate,PM2.5,65.0,40.0,0.0,7.0,39
